order_id,customer_id,product_id,quantity,order_date,status,last_modified,parsed_order_date
100001,191.0,37,4,2026-04-15,completed,2026-06-23T19:00:00,2026-04-15
100002,27.0,81,3,2026-01-17,completed,2026-01-25T17:00:00,2026-01-17
100003,348.0,50,3,2026-03-06,refunded,2026-02-08T10:00:00,2026-03-06
100004,42.0,75,2,2026-03-31,completed,2026-06-17T22:00:00,2026-03-31
100005,340.0,51,2,2026-06-02,completed,2026-03-21T17:00:00,2026-06-02
100006,193.0,83,3,2026-02-02,refunded,2026-01-24T20:00:00,2026-02-02
100007,344.0,55,5,2026-04-03,completed,2026-04-03T09:00:00,2026-04-03
100008,93.0,28,3,2026-05-05,completed,2026-02-27T04:00:00,2026-05-05
100009,80.0,10,3,2026-01-26,refunded,2026-05-19T23:00:00,2026-01-26
100010,453.0,68,1,2026-06-19,completed,2026-06-08T04:00:00,2026-06-19
100011,306.0,49,2,2026-02-11,completed,2026-06-27T19:00:00,2026-02-11
100012,415.0,22,4,2026-01-12,cancelled,2026-04-04T21:00:00,2026-01-12
100013,369.0,31,4,2026-06-06,completed,2026-04-25T07:00:00,2026-06-06
100014,274.0,31,3,2026-05-01,completed,2026-04-05T21:00:00,2026-05-01
100015,485.0,74,4,2026-04-29,completed,2026-04-08T16:00:00,2026-04-29
100017,27.0,83,4,2026-04-06,refunded,2026-01-27T22:00:00,2026-04-06
100018,434.0,67,1,2026-03-14,completed,2026-02-11T08:00:00,2026-03-14
100019,231.0,66,2,2026-04-22,completed,2026-02-26T14:00:00,2026-04-22
100020,453.0,45,1,2026-04-17,completed,2026-04-12T16:00:00,2026-04-17
100021,192.0,31,4,2026-01-21,completed,2026-02-27T00:00:00,2026-01-21
100022,164.0,13,3,2026-02-07,completed,2026-01-10T09:00:00,2026-02-07
100023,470.0,61,2,2026-06-30,cancelled,2026-04-25T19:00:00,2026-06-30
100024,3.0,11,1,2026-03-07,completed,2026-02-08T17:00:00,2026-03-07
100025,482.0,94,5,2026-05-16,cancelled,2026-01-29T09:00:00,2026-05-16
100026,122.0,39,1,2026-01-13,completed,2026-04-18T20:00:00,2026-01-13
100027,407.0,80,4,2026-01-17,completed,2026-05-08T19:00:00,2026-01-17
100028,275.0,3,5,2026-05-28,completed,2026-02-06T09:00:00,2026-05-28
100029,220.0,1,5,2026-04-01,completed,2026-05-27T13:00:00,2026-04-01
100030,96.0,86,1,2026-05-15,completed,2026-01-18T16:00:00,2026-05-15
100031,279.0,65,5,2026-05-22,completed,2026-04-10T15:00:00,2026-05-22
100032,23.0,82,4,2026-04-06,completed,2026-01-05T11:00:00,2026-04-06
100033,404.0,9,3,2026-03-03,completed,2026-05-29T23:00:00,2026-03-03
100034,388.0,43,2,2026-01-12,completed,2026-05-20T10:00:00,2026-01-12
100035,417.0,83,2,2026-06-25,cancelled,2026-06-28T15:00:00,2026-06-25
100036,324.0,24,2,2026-01-17,cancelled,2026-01-10T09:00:00,2026-01-17
100037,104.0,6,2,2026-01-11,completed,2026-03-21T16:00:00,2026-01-11
100038,204.0,70,4,2026-03-06,completed,2026-06-15T06:00:00,2026-03-06
100039,147.0,46,1,2026-06-17,completed,2026-03-11T03:00:00,2026-06-17
100040,410.0,48,4,2026-04-13,cancelled,2026-04-09T10:00:00,2026-04-13
100041,499.0,24,4,2026-06-27,cancelled,2026-04-05T16:00:00,2026-06-27
100042,137.0,11,4,2026-01-21,cancelled,2026-06-04T05:00:00,2026-01-21
100043,280.0,38,3,2026-01-27,completed,2026-03-25T21:00:00,2026-01-27
100044,152.0,40,4,2026-06-04,cancelled,2026-02-12T22:00:00,2026-06-04
100045,228.0,45,4,2026-01-11,completed,2026-06-07T13:00:00,2026-01-11
100046,141.0,82,1,2026-01-20,cancelled,2026-04-04T16:00:00,2026-01-20
100047,411.0,96,2,2026-01-08,completed,2026-06-05T21:00:00,2026-01-08
100048,401.0,57,1,2026-02-02,completed,2026-03-02T20:00:00,2026-02-02
100049,188.0,47,4,2026-05-26,completed,2026-06-04T04:00:00,2026-05-26
100050,348.0,58,3,2026-04-06,cancelled,2026-01-20T18:00:00,2026-04-06
100051,71.0,68,3,2026-04-12,completed,2026-06-16T08:00:00,2026-04-12
100052,128.0,15,1,2026-02-17,cancelled,2026-05-13T12:00:00,2026-02-17
100053,468.0,72,1,2026-03-09,completed,2026-06-30T14:00:00,2026-03-09
100054,110.0,79,3,2026-06-27,cancelled,2026-02-21T03:00:00,2026-06-27
100055,70.0,10,4,2026-02-14,cancelled,2026-01-23T21:00:00,2026-02-14
100056,496.0,41,3,2026-01-17,refunded,2026-05-19T09:00:00,2026-01-17
100057,457.0,39,2,2026-06-29,completed,2026-04-03T16:00:00,2026-06-29
100058,115.0,16,2,2026-02-05,completed,2026-05-07T00:00:00,2026-02-05
100059,185.0,71,5,2026-04-05,cancelled,2026-05-22T04:00:00,2026-04-05
100060,314.0,12,1,2026-03-21,cancelled,2026-05-03T16:00:00,2026-03-21
100061,211.0,99,4,2026-05-28,completed,2026-02-02T10:00:00,2026-05-28
100062,329.0,10,4,2026-04-30,refunded,2026-03-30T04:00:00,2026-04-30
100063,450.0,100,5,2026-06-13,refunded,2026-02-16T04:00:00,2026-06-13
100064,222.0,65,1,2026-02-01,refunded,2026-02-09T09:00:00,2026-02-01
100065,85.0,21,3,2026-02-27,completed,2026-05-13T09:00:00,2026-02-27
100066,434.0,11,3,2026-02-20,refunded,2026-03-12T04:00:00,2026-02-20
100067,321.0,39,5,2026-05-17,completed,2026-05-09T20:00:00,2026-05-17
100068,87.0,76,5,2026-02-09,completed,2026-06-18T19:00:00,2026-02-09
100069,369.0,78,3,2026-05-25,completed,2026-01-08T02:00:00,2026-05-25
100070,24.0,83,5,2026-03-09,completed,2026-05-27T13:00:00,2026-03-09
100071,317.0,82,1,2026-05-08,refunded,2026-03-16T20:00:00,2026-05-08
100072,490.0,39,4,2026-03-04,cancelled,2026-03-18T14:00:00,2026-03-04
100073,38.0,89,1,2026-02-10,cancelled,2026-04-17T15:00:00,2026-02-10
100074,238.0,27,3,2026-06-05,completed,2026-03-22T22:00:00,2026-06-05
100075,164.0,94,3,2026-04-13,completed,2026-04-05T16:00:00,2026-04-13
100076,288.0,14,3,2026-03-03,cancelled,2026-02-01T08:00:00,2026-03-03
100077,231.0,32,2,2026-01-25,completed,2026-03-16T12:00:00,2026-01-25
100079,370.0,41,2,2026-02-10,cancelled,2026-05-12T14:00:00,2026-02-10
100080,256.0,40,4,2026-01-06,completed,2026-04-11T16:00:00,2026-01-06
100081,235.0,31,2,2026-05-30,completed,2026-01-13T01:00:00,2026-05-30
100082,145.0,64,5,2026-06-17,cancelled,2026-03-15T17:00:00,2026-06-17
100083,5.0,14,4,2026-02-04,completed,2026-04-04T12:00:00,2026-02-04
100084,188.0,6,4,2026-01-14,refunded,2026-05-24T06:00:00,2026-01-14
100085,186.0,71,3,2026-01-19,cancelled,2026-05-10T14:00:00,2026-01-19
100086,392.0,71,3,2026-06-09,refunded,2026-01-31T04:00:00,2026-06-09
100087,500.0,13,4,2026-04-06,completed,2026-05-23T11:00:00,2026-04-06
100088,387.0,19,2,2026-06-04,refunded,2026-04-13T16:00:00,2026-06-04
100089,21.0,6,1,2026-02-05,completed,2026-05-02T16:00:00,2026-02-05
100090,234.0,20,5,2026-05-12,completed,2026-03-25T19:00:00,2026-05-12
100091,164.0,21,4,2026-06-07,completed,2026-06-01T10:00:00,2026-06-07
100092,260.0,66,5,2026-05-06,refunded,2026-03-18T15:00:00,2026-05-06
100093,418.0,3,3,2026-03-26,completed,2026-04-17T18:00:00,2026-03-26
100094,158.0,93,1,2026-06-02,cancelled,2026-03-09T20:00:00,2026-06-02
100095,401.0,100,5,2026-05-28,completed,2026-01-14T18:00:00,2026-05-28
100096,246.0,22,5,2026-06-11,refunded,2026-04-08T04:00:00,2026-06-11
100097,421.0,88,2,2026-01-09,refunded,2026-06-29T03:00:00,2026-01-09
100098,98.0,3,4,2026-03-22,cancelled,2026-02-08T13:00:00,2026-03-22
100099,354.0,27,4,2026-05-09,refunded,2026-05-01T23:00:00,2026-05-09
100100,373.0,8,2,2026-05-13,completed,2026-05-24T10:00:00,2026-05-13
100101,340.0,62,5,2026-04-07,completed,2026-02-14T14:00:00,2026-04-07
100102,468.0,69,3,2026-05-20,completed,2026-06-23T23:00:00,2026-05-20
100103,349.0,83,3,2026-06-06,cancelled,2026-02-19T07:00:00,2026-06-06
100104,143.0,72,3,2026-02-27,completed,2026-03-15T22:00:00,2026-02-27
100105,107.0,89,4,2026-03-23,cancelled,2026-03-31T17:00:00,2026-03-23
100106,479.0,93,3,2026-03-15,completed,2026-05-27T21:00:00,2026-03-15
100107,279.0,49,4,2026-03-30,completed,2026-03-16T01:00:00,2026-03-30
100108,148.0,92,1,2026-03-30,cancelled,2026-06-17T08:00:00,2026-03-30
100109,383.0,62,2,2026-02-21,refunded,2026-03-11T17:00:00,2026-02-21
100110,357.0,35,2,2026-01-28,refunded,2026-05-31T07:00:00,2026-01-28
100111,125.0,7,5,2026-02-27,completed,2026-01-14T03:00:00,2026-02-27
100112,212.0,43,4,2026-01-26,completed,2026-01-02T17:00:00,2026-01-26
100113,476.0,21,4,2026-06-17,cancelled,2026-05-03T20:00:00,2026-06-17
100114,103.0,97,3,2026-03-24,completed,2026-06-15T01:00:00,2026-03-24
100115,465.0,99,1,2026-06-16,refunded,2026-03-01T17:00:00,2026-06-16
100116,379.0,93,1,2026-02-14,cancelled,2026-02-15T01:00:00,2026-02-14
100117,429.0,51,4,2026-02-17,completed,2026-01-10T00:00:00,2026-02-17
100118,153.0,73,5,2026-01-28,completed,2026-03-14T14:00:00,2026-01-28
100119,329.0,70,5,2026-05-07,completed,2026-05-10T14:00:00,2026-05-07
100120,140.0,25,1,2026-03-26,completed,2026-04-28T20:00:00,2026-03-26
100121,132.0,92,2,2026-01-04,completed,2026-03-17T18:00:00,2026-01-04
100122,346.0,97,2,2026-02-14,refunded,2026-06-13T12:00:00,2026-02-14
100123,424.0,55,5,2026-03-25,completed,2026-04-13T21:00:00,2026-03-25
100124,49.0,24,2,2026-05-03,completed,2026-03-05T00:00:00,2026-05-03
100125,134.0,50,2,2026-04-25,completed,2026-03-26T09:00:00,2026-04-25
100126,299.0,93,5,2026-01-03,completed,2026-06-17T11:00:00,2026-01-03
100127,355.0,31,1,2026-06-20,completed,2026-04-30T09:00:00,2026-06-20
100128,82.0,52,5,2026-06-30,completed,2026-06-26T03:00:00,2026-06-30
100129,328.0,38,3,2026-06-07,completed,2026-02-26T04:00:00,2026-06-07
100130,245.0,20,4,2026-06-05,completed,2026-04-17T22:00:00,2026-06-05
100131,282.0,61,5,2026-06-20,completed,2026-03-05T21:00:00,2026-06-20
100132,387.0,77,1,2026-05-15,cancelled,2026-05-16T22:00:00,2026-05-15
100133,186.0,10,5,2026-01-29,completed,2026-05-21T16:00:00,2026-01-29
100134,104.0,74,5,2026-02-08,completed,2026-03-25T16:00:00,2026-02-08
100135,227.0,15,2,2026-05-30,cancelled,2026-01-24T16:00:00,2026-05-30
100136,229.0,8,4,2026-02-03,refunded,2026-04-17T14:00:00,2026-02-03
100137,289.0,8,5,2026-04-29,completed,2026-01-06T12:00:00,2026-04-29
100138,131.0,1,2,2026-05-29,completed,2026-01-12T13:00:00,2026-05-29
100139,177.0,90,1,2026-05-19,completed,2026-01-18T15:00:00,2026-05-19
100140,17.0,37,4,2026-02-16,completed,2026-06-14T23:00:00,2026-02-16
100142,42.0,88,5,2026-02-04,completed,2026-01-31T05:00:00,2026-02-04
100143,276.0,51,5,2026-02-02,completed,2026-01-01T00:00:00,2026-02-02
100144,153.0,60,5,2026-04-19,refunded,2026-04-08T07:00:00,2026-04-19
100145,127.0,59,3,2026-02-09,completed,2026-02-18T23:00:00,2026-02-09
100146,392.0,15,1,2026-06-19,cancelled,2026-06-07T00:00:00,2026-06-19
100147,124.0,27,1,2026-01-26,refunded,2026-01-09T14:00:00,2026-01-26
100148,307.0,87,1,2026-03-04,completed,2026-04-13T14:00:00,2026-03-04
100149,120.0,70,2,2026-01-15,completed,2026-05-09T09:00:00,2026-01-15
100150,120.0,94,5,2026-03-23,refunded,2026-06-03T21:00:00,2026-03-23
100151,420.0,42,2,2026-03-19,completed,2026-06-19T16:00:00,2026-03-19
100152,114.0,53,3,2026-03-12,completed,2026-05-23T18:00:00,2026-03-12
100153,451.0,95,2,2026-06-10,cancelled,2026-05-23T15:00:00,2026-06-10
100154,25.0,45,4,2026-05-15,completed,2026-06-28T13:00:00,2026-05-15
100155,210.0,20,3,2026-04-07,completed,2026-05-18T15:00:00,2026-04-07
100156,124.0,29,3,2026-02-06,cancelled,2026-01-15T17:00:00,2026-02-06
100157,212.0,54,5,2026-05-16,completed,2026-04-10T07:00:00,2026-05-16
100158,131.0,27,3,2026-06-15,completed,2026-04-26T11:00:00,2026-06-15
100159,48.0,69,2,2026-01-14,completed,2026-04-07T21:00:00,2026-01-14
100160,310.0,78,1,2026-01-19,completed,2026-05-31T23:00:00,2026-01-19
100161,344.0,72,2,2026-05-03,completed,2026-03-27T09:00:00,2026-05-03
100162,490.0,2,2,2026-02-18,completed,2026-05-03T07:00:00,2026-02-18
100163,357.0,78,2,2026-04-12,completed,2026-05-22T10:00:00,2026-04-12
100164,398.0,37,4,2026-04-30,refunded,2026-06-16T11:00:00,2026-04-30
100165,158.0,34,3,2026-05-12,cancelled,2026-04-30T03:00:00,2026-05-12
100166,412.0,93,4,2026-03-23,completed,2026-04-05T10:00:00,2026-03-23
100167,212.0,6,5,2026-02-26,completed,2026-01-05T08:00:00,2026-02-26
100168,284.0,75,5,2026-04-17,completed,2026-02-09T06:00:00,2026-04-17
100169,169.0,30,4,2026-05-26,completed,2026-05-08T17:00:00,2026-05-26
100170,336.0,88,3,2026-03-07,cancelled,2026-06-14T23:00:00,2026-03-07
100171,252.0,59,2,2026-04-01,completed,2026-02-05T23:00:00,2026-04-01
100172,280.0,63,2,2026-05-19,completed,2026-05-15T01:00:00,2026-05-19
100173,430.0,10,1,2026-01-02,cancelled,2026-02-05T20:00:00,2026-01-02
100174,119.0,9,2,2026-01-03,completed,2026-05-10T14:00:00,2026-01-03
100175,192.0,8,5,2026-06-13,refunded,2026-05-04T21:00:00,2026-06-13
100176,250.0,3,1,2026-05-17,refunded,2026-04-16T00:00:00,2026-05-17
100177,9.0,68,3,2026-05-18,completed,2026-01-05T16:00:00,2026-05-18
100178,417.0,90,4,2026-02-15,completed,2026-01-25T16:00:00,2026-02-15
100179,77.0,31,2,2026-06-08,refunded,2026-03-06T11:00:00,2026-06-08
100180,137.0,51,1,2026-04-06,cancelled,2026-04-28T18:00:00,2026-04-06
100181,125.0,90,2,2026-03-18,completed,2026-06-17T20:00:00,2026-03-18
100182,389.0,5,1,2026-04-14,cancelled,2026-04-07T17:00:00,2026-04-14
100183,244.0,8,1,2026-06-29,completed,2026-01-22T15:00:00,2026-06-29
100184,433.0,56,3,2026-05-25,completed,2026-05-16T01:00:00,2026-05-25
100185,118.0,28,5,2026-05-02,completed,2026-01-12T02:00:00,2026-05-02
100186,351.0,36,5,2026-05-25,completed,2026-02-15T10:00:00,2026-05-25
100187,9.0,27,5,2026-02-06,cancelled,2026-01-20T09:00:00,2026-02-06
100188,84.0,73,2,2026-05-26,cancelled,2026-06-23T17:00:00,2026-05-26
100189,170.0,50,2,2026-06-26,completed,2026-05-09T23:00:00,2026-06-26
100190,499.0,45,1,2026-01-26,cancelled,2026-03-01T02:00:00,2026-01-26
100191,175.0,78,5,2026-06-02,cancelled,2026-03-25T00:00:00,2026-06-02
100192,325.0,35,4,2026-05-06,completed,2026-04-02T17:00:00,2026-05-06
100193,482.0,49,4,2026-02-17,refunded,2026-06-19T12:00:00,2026-02-17
100194,44.0,99,5,2026-03-17,completed,2026-01-19T02:00:00,2026-03-17
100195,138.0,20,4,2026-06-12,completed,2026-04-10T10:00:00,2026-06-12
100196,185.0,14,1,2026-01-02,completed,2026-04-24T11:00:00,2026-01-02
100197,390.0,35,1,2026-02-03,completed,2026-02-17T13:00:00,2026-02-03
100198,230.0,72,5,2026-05-12,cancelled,2026-01-27T00:00:00,2026-05-12
100199,46.0,46,5,2026-01-24,refunded,2026-06-03T10:00:00,2026-01-24
100200,443.0,50,1,2026-03-16,cancelled,2026-04-10T02:00:00,2026-03-16
100201,372.0,72,2,2026-05-27,refunded,2026-02-13T21:00:00,2026-05-27
100202,195.0,22,2,2026-03-10,completed,2026-03-10T15:00:00,2026-03-10
100203,75.0,9,2,2026-04-22,completed,2026-04-18T09:00:00,2026-04-22
100204,248.0,10,3,2026-03-06,completed,2026-06-10T15:00:00,2026-03-06
100205,305.0,79,2,2026-04-28,completed,2026-02-04T09:00:00,2026-04-28
100206,4.0,51,3,2026-06-08,cancelled,2026-03-26T14:00:00,2026-06-08
100207,172.0,56,5,2026-02-04,completed,2026-03-24T19:00:00,2026-02-04
100208,486.0,89,2,2026-05-03,completed,2026-02-15T12:00:00,2026-05-03
100209,496.0,41,3,2026-06-27,cancelled,2026-05-28T07:00:00,2026-06-27
100210,167.0,49,3,2026-04-11,completed,2026-01-30T18:00:00,2026-04-11
100211,103.0,76,5,2026-02-16,refunded,2026-01-07T23:00:00,2026-02-16
100212,237.0,91,2,2026-04-23,completed,2026-06-27T02:00:00,2026-04-23
100213,420.0,53,4,2026-02-05,completed,2026-03-03T08:00:00,2026-02-05
100214,338.0,20,4,2026-04-07,completed,2026-04-25T19:00:00,2026-04-07
100215,246.0,75,4,2026-05-17,refunded,2026-06-27T13:00:00,2026-05-17
100216,279.0,5,3,2026-06-29,refunded,2026-06-02T20:00:00,2026-06-29
100217,469.0,11,1,2026-03-05,completed,2026-02-12T20:00:00,2026-03-05
100218,314.0,6,5,2026-06-15,cancelled,2026-03-26T13:00:00,2026-06-15
100219,55.0,2,1,2026-03-08,completed,2026-05-11T23:00:00,2026-03-08
100220,266.0,72,5,2026-06-26,refunded,2026-02-26T14:00:00,2026-06-26
100221,192.0,51,4,2026-06-23,refunded,2026-06-26T16:00:00,2026-06-23
100222,78.0,45,1,2026-05-04,completed,2026-03-17T13:00:00,2026-05-04
100223,472.0,11,1,2026-02-06,completed,2026-03-21T10:00:00,2026-02-06
100224,234.0,27,5,2026-05-04,completed,2026-05-02T03:00:00,2026-05-04
100225,225.0,93,4,2026-03-23,completed,2026-03-18T01:00:00,2026-03-23
100226,415.0,91,1,2026-01-06,completed,2026-06-15T03:00:00,2026-01-06
100227,347.0,22,2,2026-05-13,completed,2026-05-22T05:00:00,2026-05-13
100228,170.0,72,4,2026-04-29,completed,2026-04-14T20:00:00,2026-04-29
100229,95.0,24,4,2026-04-12,completed,2026-06-07T06:00:00,2026-04-12
100230,231.0,76,4,2026-04-10,completed,2026-06-30T06:00:00,2026-04-10
100231,106.0,36,1,2026-05-28,completed,2026-05-18T05:00:00,2026-05-28
100232,188.0,42,2,2026-04-28,completed,2026-03-09T21:00:00,2026-04-28
100233,442.0,63,5,2026-06-13,completed,2026-06-02T12:00:00,2026-06-13
100234,313.0,51,5,2026-01-30,completed,2026-04-01T14:00:00,2026-01-30
100235,317.0,23,3,2026-06-07,refunded,2026-01-22T21:00:00,2026-06-07
100236,69.0,41,1,2026-03-03,completed,2026-01-30T05:00:00,2026-03-03
100237,192.0,89,2,2026-05-11,cancelled,2026-04-18T19:00:00,2026-05-11
100238,71.0,74,4,2026-04-19,completed,2026-05-05T20:00:00,2026-04-19
100239,276.0,89,2,2026-05-23,completed,2026-05-06T09:00:00,2026-05-23
100240,72.0,24,3,2026-04-26,refunded,2026-01-14T11:00:00,2026-04-26
100241,488.0,2,4,2026-02-04,completed,2026-04-09T17:00:00,2026-02-04
100242,259.0,84,4,2026-04-15,cancelled,2026-04-17T22:00:00,2026-04-15
100243,431.0,57,4,2026-02-12,completed,2026-05-25T00:00:00,2026-02-12
100244,408.0,98,2,2026-03-16,completed,2026-03-12T07:00:00,2026-03-16
100245,276.0,37,2,2026-04-28,refunded,2026-05-07T17:00:00,2026-04-28
100246,262.0,15,5,2026-01-30,completed,2026-05-20T11:00:00,2026-01-30
100247,278.0,97,1,2026-04-23,refunded,2026-02-25T13:00:00,2026-04-23
100248,53.0,95,2,2026-03-18,completed,2026-04-26T08:00:00,2026-03-18
100249,179.0,12,4,2026-01-31,completed,2026-02-23T23:00:00,2026-01-31
100250,302.0,89,3,2026-06-06,cancelled,2026-02-12T19:00:00,2026-06-06
100251,72.0,27,2,2026-01-16,refunded,2026-03-31T17:00:00,2026-01-16
100252,144.0,77,5,2026-02-13,completed,2026-06-30T09:00:00,2026-02-13
100253,149.0,74,3,2026-05-12,completed,2026-02-04T13:00:00,2026-05-12
100254,471.0,8,3,2026-06-17,completed,2026-06-29T04:00:00,2026-06-17
100255,128.0,19,3,2026-03-05,cancelled,2026-05-06T04:00:00,2026-03-05
100256,296.0,81,3,2026-06-10,cancelled,2026-04-07T14:00:00,2026-06-10
100257,39.0,82,1,2026-04-14,refunded,2026-03-13T22:00:00,2026-04-14
100258,480.0,48,4,2026-05-05,completed,2026-05-29T00:00:00,2026-05-05
100259,445.0,100,1,2026-04-28,completed,2026-01-17T17:00:00,2026-04-28
100260,204.0,28,4,2026-02-24,cancelled,2026-03-10T10:00:00,2026-02-24
100261,425.0,37,3,2026-05-21,refunded,2026-02-03T18:00:00,2026-05-21
100262,437.0,63,3,2026-06-24,completed,2026-01-12T03:00:00,2026-06-24
100263,321.0,59,1,2026-02-01,completed,2026-04-23T14:00:00,2026-02-01
100264,1.0,55,2,2026-06-26,completed,2026-06-16T09:00:00,2026-06-26
100265,82.0,36,1,2026-06-17,completed,2026-03-06T02:00:00,2026-06-17
100266,191.0,86,2,2026-01-14,cancelled,2026-06-10T09:00:00,2026-01-14
100267,372.0,90,2,2026-04-20,completed,2026-06-30T03:00:00,2026-04-20
100268,1.0,28,4,2026-01-20,completed,2026-06-01T07:00:00,2026-01-20
100269,266.0,88,4,2026-01-03,completed,2026-06-28T10:00:00,2026-01-03
100270,419.0,16,4,2026-06-27,completed,2026-05-03T02:00:00,2026-06-27
100271,118.0,50,1,2026-01-27,completed,2026-03-22T11:00:00,2026-01-27
100272,452.0,39,2,2026-04-08,completed,2026-06-14T21:00:00,2026-04-08
100273,74.0,9,5,2026-05-25,completed,2026-06-06T20:00:00,2026-05-25
100274,85.0,57,3,2026-02-24,completed,2026-04-16T19:00:00,2026-02-24
100275,352.0,57,2,2026-01-23,completed,2026-02-05T03:00:00,2026-01-23
100276,302.0,94,4,2026-03-31,cancelled,2026-03-22T04:00:00,2026-03-31
100277,127.0,36,1,2026-03-05,refunded,2026-06-03T19:00:00,2026-03-05
100278,370.0,78,3,2026-06-26,completed,2026-06-18T09:00:00,2026-06-26
100279,106.0,67,5,2026-05-11,completed,2026-04-11T09:00:00,2026-05-11
100280,331.0,7,2,2026-05-07,cancelled,2026-01-29T07:00:00,2026-05-07
100281,256.0,82,5,2026-01-19,refunded,2026-01-04T11:00:00,2026-01-19
100282,479.0,41,2,2026-04-10,refunded,2026-04-18T11:00:00,2026-04-10
100283,280.0,88,2,2026-05-01,completed,2026-01-05T18:00:00,2026-05-01
100284,35.0,2,3,2026-02-25,completed,2026-01-16T12:00:00,2026-02-25
100285,260.0,37,5,2026-04-17,cancelled,2026-06-29T12:00:00,2026-04-17
100286,43.0,82,5,2026-05-18,refunded,2026-02-09T08:00:00,2026-05-18
100287,43.0,40,1,2026-05-11,completed,2026-02-09T17:00:00,2026-05-11
100288,168.0,51,5,2026-06-12,completed,2026-03-21T22:00:00,2026-06-12
100289,224.0,94,2,2026-01-15,completed,2026-01-23T13:00:00,2026-01-15
100290,60.0,59,5,2026-06-05,completed,2026-03-21T21:00:00,2026-06-05
100291,380.0,85,2,2026-01-31,completed,2026-02-05T22:00:00,2026-01-31
100292,6.0,21,4,2026-03-30,refunded,2026-05-13T23:00:00,2026-03-30
100293,133.0,22,3,2026-02-02,completed,2026-01-31T00:00:00,2026-02-02
100294,172.0,55,3,2026-05-15,completed,2026-03-09T22:00:00,2026-05-15
100295,500.0,74,1,2026-05-08,cancelled,2026-05-11T11:00:00,2026-05-08
100296,29.0,64,5,2026-02-12,completed,2026-02-10T08:00:00,2026-02-12
100297,396.0,14,5,2026-06-22,completed,2026-02-28T23:00:00,2026-06-22
100298,261.0,1,1,2026-01-04,completed,2026-01-12T15:00:00,2026-01-04
100299,187.0,50,2,2026-02-15,completed,2026-05-22T22:00:00,2026-02-15
100300,380.0,84,4,2026-02-27,completed,2026-03-05T13:00:00,2026-02-27
100301,469.0,93,3,2026-03-11,completed,2026-05-27T11:00:00,2026-03-11
100302,62.0,65,1,2026-02-15,completed,2026-05-13T01:00:00,2026-02-15
100303,489.0,52,1,2026-04-30,completed,2026-03-21T10:00:00,2026-04-30
100304,45.0,71,4,2026-01-03,completed,2026-02-21T09:00:00,2026-01-03
100305,289.0,39,5,2026-03-04,cancelled,2026-04-05T18:00:00,2026-03-04
100306,498.0,64,2,2026-05-20,completed,2026-02-08T00:00:00,2026-05-20
100307,478.0,53,1,2026-03-01,refunded,2026-03-30T20:00:00,2026-03-01
100308,430.0,89,1,2026-03-27,completed,2026-06-18T12:00:00,2026-03-27
100309,435.0,95,3,2026-01-27,completed,2026-05-16T07:00:00,2026-01-27
100310,215.0,63,1,2026-02-06,completed,2026-01-24T01:00:00,2026-02-06
100311,472.0,30,5,2026-04-16,completed,2026-04-28T23:00:00,2026-04-16
100312,44.0,75,1,2026-05-10,completed,2026-06-13T12:00:00,2026-05-10
100313,39.0,76,5,2026-01-16,cancelled,2026-06-19T04:00:00,2026-01-16
100314,122.0,38,3,2026-03-22,cancelled,2026-06-29T23:00:00,2026-03-22
100315,168.0,41,4,2026-03-11,completed,2026-01-20T06:00:00,2026-03-11
100316,70.0,100,5,2026-01-28,completed,2026-01-28T05:00:00,2026-01-28
100317,231.0,60,3,2026-04-15,completed,2026-05-18T11:00:00,2026-04-15
100318,494.0,99,2,2026-04-26,completed,2026-04-29T08:00:00,2026-04-26
100319,437.0,16,1,2026-02-10,completed,2026-06-30T22:00:00,2026-02-10
100320,309.0,6,2,2026-03-25,completed,2026-01-24T22:00:00,2026-03-25
100321,128.0,46,4,2026-05-12,completed,2026-06-23T09:00:00,2026-05-12
100322,134.0,23,1,2026-04-14,cancelled,2026-05-23T23:00:00,2026-04-14
100323,282.0,32,1,2026-04-29,completed,2026-02-05T03:00:00,2026-04-29
100324,7.0,8,2,2026-02-03,completed,2026-04-13T11:00:00,2026-02-03
100325,352.0,81,1,2026-05-30,refunded,2026-03-08T02:00:00,2026-05-30
100326,12.0,9,2,2026-06-15,cancelled,2026-02-02T02:00:00,2026-06-15
100327,464.0,43,1,2026-01-11,cancelled,2026-01-13T05:00:00,2026-01-11
100328,474.0,74,4,2026-04-12,cancelled,2026-01-08T12:00:00,2026-04-12
100329,350.0,55,2,2026-04-01,completed,2026-02-17T08:00:00,2026-04-01
100330,144.0,58,2,2026-01-09,refunded,2026-06-08T19:00:00,2026-01-09
100331,126.0,83,3,2026-05-08,cancelled,2026-05-21T15:00:00,2026-05-08
100332,32.0,12,3,2026-04-09,completed,2026-04-18T06:00:00,2026-04-09
100333,330.0,68,2,2026-06-11,refunded,2026-01-05T12:00:00,2026-06-11
100335,468.0,73,5,2026-03-24,cancelled,2026-03-11T05:00:00,2026-03-24
100336,14.0,41,5,2026-02-26,completed,2026-03-13T01:00:00,2026-02-26
100337,415.0,61,5,2026-04-02,refunded,2026-03-01T05:00:00,2026-04-02
100338,52.0,32,2,2026-03-10,refunded,2026-01-15T07:00:00,2026-03-10
100339,295.0,50,3,2026-02-14,completed,2026-03-02T18:00:00,2026-02-14
100340,163.0,95,3,2026-06-01,completed,2026-06-30T22:00:00,2026-06-01
100341,181.0,73,5,2026-02-06,refunded,2026-02-18T15:00:00,2026-02-06
100342,278.0,40,2,2026-05-06,completed,2026-01-24T01:00:00,2026-05-06
100343,120.0,78,2,2026-01-06,refunded,2026-05-03T00:00:00,2026-01-06
100344,170.0,79,2,2026-02-03,completed,2026-02-15T10:00:00,2026-02-03
100345,31.0,3,2,2026-05-31,completed,2026-01-29T16:00:00,2026-05-31
100346,441.0,47,1,2026-04-06,cancelled,2026-05-31T03:00:00,2026-04-06
100347,173.0,39,3,2026-02-04,completed,2026-04-22T20:00:00,2026-02-04
100348,492.0,63,3,2026-02-14,refunded,2026-06-27T19:00:00,2026-02-14
100349,403.0,46,2,2026-06-20,refunded,2026-02-14T12:00:00,2026-06-20
100350,158.0,94,3,2026-02-02,completed,2026-01-01T22:00:00,2026-02-02
100351,486.0,74,4,2026-05-26,completed,2026-02-16T19:00:00,2026-05-26
100352,163.0,79,2,2026-06-13,refunded,2026-01-27T15:00:00,2026-06-13
100353,73.0,43,1,2026-03-02,completed,2026-03-23T05:00:00,2026-03-02
100354,326.0,12,3,2026-04-25,completed,2026-03-09T06:00:00,2026-04-25
100355,128.0,89,1,2026-03-31,completed,2026-01-28T23:00:00,2026-03-31
100356,1.0,7,4,2026-04-23,cancelled,2026-02-12T13:00:00,2026-04-23
100357,253.0,49,3,2026-05-20,cancelled,2026-01-26T15:00:00,2026-05-20
100358,404.0,74,2,2026-02-11,cancelled,2026-01-19T01:00:00,2026-02-11
100359,151.0,3,3,2026-03-08,completed,2026-01-19T10:00:00,2026-03-08
100360,88.0,49,2,2026-01-20,refunded,2026-01-24T10:00:00,2026-01-20
100361,305.0,79,4,2026-06-30,completed,2026-04-21T20:00:00,2026-06-30
100362,85.0,78,4,2026-02-10,completed,2026-01-26T10:00:00,2026-02-10
100363,106.0,25,4,2026-06-28,refunded,2026-05-19T08:00:00,2026-06-28
100364,339.0,37,3,2026-03-02,completed,2026-01-13T12:00:00,2026-03-02
100365,293.0,71,4,2026-02-09,completed,2026-04-03T00:00:00,2026-02-09
100366,219.0,12,3,2026-06-19,refunded,2026-05-03T06:00:00,2026-06-19
100367,50.0,4,2,2026-02-13,completed,2026-01-21T15:00:00,2026-02-13
100368,433.0,15,3,2026-04-12,cancelled,2026-05-06T21:00:00,2026-04-12
100369,136.0,12,5,2026-04-10,completed,2026-04-05T12:00:00,2026-04-10
100370,190.0,24,4,2026-01-12,completed,2026-04-23T14:00:00,2026-01-12
100371,135.0,29,3,2026-05-25,completed,2026-02-08T22:00:00,2026-05-25
100372,342.0,13,1,2026-06-21,completed,2026-05-19T13:00:00,2026-06-21
100373,498.0,97,5,2026-02-28,refunded,2026-01-16T12:00:00,2026-02-28
100374,420.0,67,4,2026-05-18,cancelled,2026-05-27T07:00:00,2026-05-18
100375,244.0,39,1,2026-04-12,completed,2026-05-09T18:00:00,2026-04-12
100376,462.0,67,5,2026-06-23,refunded,2026-02-07T03:00:00,2026-06-23
100377,487.0,97,4,2026-02-14,completed,2026-02-24T06:00:00,2026-02-14
100378,65.0,6,4,2026-01-21,cancelled,2026-02-21T20:00:00,2026-01-21
100379,76.0,77,3,2026-03-23,completed,2026-01-23T12:00:00,2026-03-23
100380,285.0,51,5,2026-03-25,completed,2026-05-14T14:00:00,2026-03-25
100381,470.0,2,5,2026-05-31,refunded,2026-04-18T03:00:00,2026-05-31
100382,213.0,20,2,2026-05-26,refunded,2026-05-30T03:00:00,2026-05-26
100383,474.0,14,5,2026-01-26,completed,2026-05-18T11:00:00,2026-01-26
100384,450.0,53,3,2026-04-09,cancelled,2026-05-27T19:00:00,2026-04-09
100385,243.0,5,2,2026-03-12,cancelled,2026-02-06T19:00:00,2026-03-12
100386,312.0,88,4,2026-01-10,cancelled,2026-03-26T22:00:00,2026-01-10
100387,122.0,7,4,2026-03-10,completed,2026-01-06T10:00:00,2026-03-10
100388,419.0,39,3,2026-03-13,cancelled,2026-06-28T21:00:00,2026-03-13
100389,51.0,30,2,2026-03-18,cancelled,2026-03-24T08:00:00,2026-03-18
100390,374.0,54,5,2026-06-15,completed,2026-02-18T14:00:00,2026-06-15
100391,109.0,53,4,2026-05-13,completed,2026-01-15T16:00:00,2026-05-13
100392,406.0,21,1,2026-03-21,refunded,2026-04-14T04:00:00,2026-03-21
100393,400.0,68,5,2026-01-08,completed,2026-02-19T06:00:00,2026-01-08
100394,429.0,8,2,2026-01-09,cancelled,2026-01-13T11:00:00,2026-01-09
100395,361.0,26,3,2026-04-05,cancelled,2026-05-10T12:00:00,2026-04-05
100396,326.0,16,1,2026-03-03,completed,2026-05-06T19:00:00,2026-03-03
100397,229.0,23,4,2026-05-31,refunded,2026-03-31T11:00:00,2026-05-31
100398,84.0,34,1,2026-03-14,completed,2026-04-09T01:00:00,2026-03-14
100399,84.0,74,2,2026-02-26,completed,2026-06-23T06:00:00,2026-02-26
100400,138.0,84,4,2026-05-12,completed,2026-06-24T00:00:00,2026-05-12
100401,243.0,17,2,2026-06-03,completed,2026-02-27T08:00:00,2026-06-03
100402,312.0,40,3,2026-04-19,cancelled,2026-03-31T14:00:00,2026-04-19
100403,130.0,28,4,2026-03-19,refunded,2026-06-09T12:00:00,2026-03-19
100404,300.0,14,1,2026-05-11,completed,2026-05-24T20:00:00,2026-05-11
100405,305.0,78,3,2026-03-18,completed,2026-05-04T02:00:00,2026-03-18
100406,173.0,36,3,2026-03-12,completed,2026-06-17T22:00:00,2026-03-12
100407,488.0,84,3,2026-02-18,completed,2026-05-13T07:00:00,2026-02-18
100408,461.0,8,5,2026-04-14,completed,2026-06-24T04:00:00,2026-04-14
100409,370.0,4,4,2026-03-17,completed,2026-04-18T12:00:00,2026-03-17
100410,199.0,95,1,2026-05-30,refunded,2026-02-18T10:00:00,2026-05-30
100411,372.0,92,2,2026-06-25,refunded,2026-06-13T15:00:00,2026-06-25
100412,465.0,86,3,2026-05-10,completed,2026-02-13T21:00:00,2026-05-10
100413,449.0,72,2,2026-03-17,completed,2026-05-01T04:00:00,2026-03-17
100414,380.0,34,5,2026-02-16,completed,2026-06-17T02:00:00,2026-02-16
100415,114.0,46,2,2026-03-20,cancelled,2026-03-26T11:00:00,2026-03-20
100416,134.0,75,3,2026-04-29,completed,2026-05-01T01:00:00,2026-04-29
100417,444.0,82,5,2026-05-29,refunded,2026-01-19T15:00:00,2026-05-29
100418,456.0,25,5,2026-01-31,cancelled,2026-05-16T09:00:00,2026-01-31
100419,212.0,7,2,2026-02-05,completed,2026-03-29T13:00:00,2026-02-05
100420,292.0,59,2,2026-03-22,completed,2026-01-21T15:00:00,2026-03-22
100421,171.0,81,2,2026-03-22,completed,2026-01-02T14:00:00,2026-03-22
100422,141.0,27,2,2026-05-28,completed,2026-05-06T02:00:00,2026-05-28
100423,67.0,79,4,2026-06-12,cancelled,2026-04-14T13:00:00,2026-06-12
100424,495.0,62,4,2026-01-02,completed,2026-05-17T06:00:00,2026-01-02
100425,375.0,48,1,2026-03-24,refunded,2026-02-18T00:00:00,2026-03-24
100426,347.0,1,2,2026-02-27,completed,2026-03-21T04:00:00,2026-02-27
100427,53.0,50,5,2026-05-31,completed,2026-02-12T02:00:00,2026-05-31
100428,422.0,6,3,2026-03-16,cancelled,2026-05-14T19:00:00,2026-03-16
100429,269.0,44,4,2026-06-25,completed,2026-03-29T15:00:00,2026-06-25
100430,184.0,97,2,2026-02-12,cancelled,2026-01-05T07:00:00,2026-02-12
100431,115.0,94,2,2026-02-24,completed,2026-05-31T16:00:00,2026-02-24
100432,87.0,16,3,2026-06-16,completed,2026-04-07T20:00:00,2026-06-16
100433,131.0,99,5,2026-06-09,completed,2026-06-02T01:00:00,2026-06-09
100434,339.0,14,1,2026-01-13,completed,2026-04-17T14:00:00,2026-01-13
100435,195.0,16,5,2026-03-06,cancelled,2026-06-29T04:00:00,2026-03-06
100436,106.0,89,1,2026-03-19,cancelled,2026-06-19T03:00:00,2026-03-19
100437,340.0,67,3,2026-06-09,refunded,2026-06-29T04:00:00,2026-06-09
100438,215.0,14,5,2026-06-08,completed,2026-03-14T03:00:00,2026-06-08
100439,402.0,14,4,2026-02-20,refunded,2026-02-21T08:00:00,2026-02-20
100440,426.0,67,2,2026-04-02,cancelled,2026-03-17T05:00:00,2026-04-02
100441,21.0,71,4,2026-02-23,cancelled,2026-03-26T07:00:00,2026-02-23
100442,2.0,2,1,2026-01-29,refunded,2026-06-21T15:00:00,2026-01-29
100443,77.0,12,5,2026-01-20,completed,2026-03-07T20:00:00,2026-01-20
100444,119.0,59,3,2026-03-09,cancelled,2026-01-13T03:00:00,2026-03-09
100445,417.0,23,1,2026-03-16,completed,2026-06-23T10:00:00,2026-03-16
100446,219.0,95,1,2026-01-25,completed,2026-01-03T04:00:00,2026-01-25
100447,340.0,83,2,2026-03-26,completed,2026-04-23T19:00:00,2026-03-26
100448,138.0,94,1,2026-04-06,completed,2026-02-16T03:00:00,2026-04-06
100449,206.0,52,4,2026-03-11,cancelled,2026-06-26T15:00:00,2026-03-11
100450,410.0,54,2,2026-01-29,completed,2026-06-28T23:00:00,2026-01-29
100451,31.0,21,1,2026-04-17,refunded,2026-05-04T18:00:00,2026-04-17
100452,348.0,57,2,2026-06-06,cancelled,2026-04-02T19:00:00,2026-06-06
100453,15.0,88,2,2026-05-04,cancelled,2026-01-29T13:00:00,2026-05-04
100454,226.0,6,1,2026-03-08,completed,2026-01-04T22:00:00,2026-03-08
100455,445.0,87,5,2026-05-28,refunded,2026-02-27T21:00:00,2026-05-28
100456,448.0,44,5,2026-05-14,refunded,2026-01-25T13:00:00,2026-05-14
100457,339.0,94,2,2026-05-04,completed,2026-06-19T21:00:00,2026-05-04
100458,329.0,50,2,2026-05-23,refunded,2026-01-14T00:00:00,2026-05-23
100459,330.0,21,5,2026-05-01,cancelled,2026-02-12T02:00:00,2026-05-01
100460,385.0,63,3,2026-03-03,completed,2026-03-13T01:00:00,2026-03-03
100461,260.0,29,5,2026-06-14,cancelled,2026-04-14T07:00:00,2026-06-14
100462,41.0,59,4,2026-05-27,cancelled,2026-01-23T15:00:00,2026-05-27
100463,229.0,41,1,2026-05-08,completed,2026-01-27T12:00:00,2026-05-08
100464,212.0,5,5,2026-05-21,completed,2026-01-24T19:00:00,2026-05-21
100465,494.0,80,3,2026-05-11,refunded,2026-02-22T20:00:00,2026-05-11
100466,344.0,59,3,2026-04-04,completed,2026-02-27T14:00:00,2026-04-04
100467,170.0,72,5,2026-06-03,cancelled,2026-06-18T11:00:00,2026-06-03
100468,367.0,58,1,2026-01-25,completed,2026-01-01T10:00:00,2026-01-25
100469,182.0,82,3,2026-05-21,refunded,2026-04-06T22:00:00,2026-05-21
100470,55.0,6,2,2026-05-07,completed,2026-04-15T03:00:00,2026-05-07
100471,131.0,79,2,2026-02-18,completed,2026-04-11T06:00:00,2026-02-18
100472,235.0,25,3,2026-01-28,cancelled,2026-01-12T20:00:00,2026-01-28
100473,429.0,87,5,2026-02-01,cancelled,2026-04-28T21:00:00,2026-02-01
100474,302.0,65,2,2026-05-08,completed,2026-05-16T23:00:00,2026-05-08
100475,25.0,71,4,2026-05-30,cancelled,2026-05-11T05:00:00,2026-05-30
100476,355.0,75,2,2026-02-02,completed,2026-04-10T21:00:00,2026-02-02
100477,308.0,78,3,2026-05-10,cancelled,2026-04-18T19:00:00,2026-05-10
100478,469.0,89,2,2026-03-12,cancelled,2026-03-29T09:00:00,2026-03-12
100479,232.0,18,2,2026-04-16,refunded,2026-06-29T23:00:00,2026-04-16
100480,263.0,39,5,2026-03-22,refunded,2026-06-11T06:00:00,2026-03-22
100481,103.0,27,5,2026-03-16,completed,2026-06-22T04:00:00,2026-03-16
100482,364.0,84,2,2026-05-09,refunded,2026-06-27T20:00:00,2026-05-09
100483,166.0,91,1,2026-04-01,refunded,2026-05-03T18:00:00,2026-04-01
100484,293.0,86,4,2026-06-22,refunded,2026-03-15T13:00:00,2026-06-22
100485,414.0,2,5,2026-01-28,completed,2026-04-08T04:00:00,2026-01-28
100486,28.0,86,1,2026-02-21,completed,2026-02-11T09:00:00,2026-02-21
100487,350.0,33,2,2026-01-16,completed,2026-02-22T17:00:00,2026-01-16
100488,17.0,46,4,2026-01-27,refunded,2026-06-22T23:00:00,2026-01-27
100489,288.0,29,5,2026-04-10,completed,2026-05-11T22:00:00,2026-04-10
100490,148.0,89,1,2026-04-08,cancelled,2026-04-17T21:00:00,2026-04-08
100491,161.0,71,1,2026-01-04,completed,2026-02-21T19:00:00,2026-01-04
100492,445.0,100,4,2026-02-27,completed,2026-05-31T17:00:00,2026-02-27
100493,379.0,78,2,2026-02-19,completed,2026-04-25T05:00:00,2026-02-19
100494,350.0,10,2,2026-02-14,refunded,2026-01-31T12:00:00,2026-02-14
100495,21.0,55,3,2026-05-23,completed,2026-02-03T05:00:00,2026-05-23
100496,300.0,33,1,2026-03-26,cancelled,2026-02-09T01:00:00,2026-03-26
100497,79.0,42,5,2026-01-14,refunded,2026-06-19T09:00:00,2026-01-14
100498,252.0,74,5,2026-04-02,completed,2026-03-23T16:00:00,2026-04-02
100499,113.0,24,5,2026-01-18,refunded,2026-02-10T13:00:00,2026-01-18
100500,279.0,69,4,2026-01-24,completed,2026-02-26T06:00:00,2026-01-24
100501,340.0,43,3,2026-04-03,completed,2026-02-25T19:00:00,2026-04-03
100502,272.0,61,5,2026-06-16,completed,2026-01-30T21:00:00,2026-06-16
100503,178.0,58,2,2026-06-14,refunded,2026-06-09T07:00:00,2026-06-14
100504,491.0,6,3,2026-04-08,completed,2026-04-09T08:00:00,2026-04-08
100505,277.0,93,3,2026-01-07,refunded,2026-04-06T16:00:00,2026-01-07
100506,412.0,66,4,2026-05-05,completed,2026-03-17T20:00:00,2026-05-05
100507,99.0,42,5,2026-01-22,completed,2026-02-12T17:00:00,2026-01-22
100508,274.0,1,1,2026-02-23,completed,2026-06-25T13:00:00,2026-02-23
100509,428.0,14,2,2026-05-18,cancelled,2026-06-15T02:00:00,2026-05-18
100510,383.0,88,2,2026-01-07,cancelled,2026-03-26T01:00:00,2026-01-07
100511,45.0,10,1,2026-02-15,completed,2026-05-23T02:00:00,2026-02-15
100512,295.0,30,3,2026-04-15,cancelled,2026-04-26T20:00:00,2026-04-15
100513,208.0,56,3,2026-01-05,cancelled,2026-06-22T03:00:00,2026-01-05
100514,274.0,1,5,2026-01-17,refunded,2026-01-12T22:00:00,2026-01-17
100515,435.0,10,3,2026-05-09,completed,2026-03-16T21:00:00,2026-05-09
100516,155.0,78,1,2026-03-14,cancelled,2026-04-08T12:00:00,2026-03-14
100517,421.0,85,1,2026-05-02,completed,2026-05-17T07:00:00,2026-05-02
100518,70.0,96,4,2026-05-20,completed,2026-06-12T04:00:00,2026-05-20
100519,153.0,87,3,2026-01-03,refunded,2026-05-23T04:00:00,2026-01-03
100520,64.0,6,1,2026-05-27,refunded,2026-04-11T17:00:00,2026-05-27
100521,281.0,11,3,2026-02-23,completed,2026-02-24T13:00:00,2026-02-23
100522,464.0,83,5,2026-02-06,completed,2026-02-17T07:00:00,2026-02-06
100523,316.0,33,2,2026-01-30,completed,2026-06-21T18:00:00,2026-01-30
100524,437.0,7,5,2026-04-29,refunded,2026-01-19T09:00:00,2026-04-29
100525,344.0,9,3,2026-01-26,completed,2026-05-29T15:00:00,2026-01-26
100526,488.0,43,3,2026-02-02,completed,2026-01-26T09:00:00,2026-02-02
100527,318.0,9,2,2026-03-23,cancelled,2026-04-26T10:00:00,2026-03-23
100528,316.0,85,3,2026-06-27,refunded,2026-02-09T18:00:00,2026-06-27
100529,291.0,47,3,2026-04-20,completed,2026-01-02T10:00:00,2026-04-20
100530,127.0,29,4,2026-03-12,completed,2026-02-04T21:00:00,2026-03-12
100531,376.0,43,4,2026-04-29,cancelled,2026-04-02T09:00:00,2026-04-29
100532,250.0,71,1,2026-02-14,refunded,2026-01-21T08:00:00,2026-02-14
100533,440.0,18,5,2026-02-20,completed,2026-06-10T02:00:00,2026-02-20
100534,373.0,10,1,2026-05-10,completed,2026-05-29T18:00:00,2026-05-10
100535,208.0,99,5,2026-02-24,completed,2026-05-22T08:00:00,2026-02-24
100536,279.0,70,4,2026-06-17,completed,2026-04-04T12:00:00,2026-06-17
100537,115.0,99,5,2026-03-16,completed,2026-04-29T16:00:00,2026-03-16
100538,262.0,12,4,2026-04-04,refunded,2026-01-03T21:00:00,2026-04-04
100539,123.0,79,2,2026-05-12,completed,2026-04-25T05:00:00,2026-05-12
100540,92.0,73,5,2026-06-18,completed,2026-05-04T11:00:00,2026-06-18
100541,21.0,29,4,2026-03-01,completed,2026-03-09T11:00:00,2026-03-01
100542,120.0,6,2,2026-05-13,completed,2026-04-10T15:00:00,2026-05-13
100543,470.0,59,1,2026-01-11,completed,2026-01-27T22:00:00,2026-01-11
100544,496.0,67,3,2026-03-09,refunded,2026-05-20T18:00:00,2026-03-09
100545,90.0,49,4,2026-04-04,refunded,2026-06-17T02:00:00,2026-04-04
100546,265.0,33,4,2026-02-27,refunded,2026-04-14T11:00:00,2026-02-27
100547,419.0,45,4,2026-05-04,refunded,2026-01-02T16:00:00,2026-05-04
100548,452.0,18,4,2026-02-12,completed,2026-01-20T16:00:00,2026-02-12
100549,330.0,36,2,2026-02-08,completed,2026-02-10T11:00:00,2026-02-08
100550,309.0,92,1,2026-06-19,completed,2026-04-17T10:00:00,2026-06-19
100551,369.0,15,4,2026-06-22,cancelled,2026-05-03T06:00:00,2026-06-22
100552,303.0,21,4,2026-01-06,completed,2026-01-12T04:00:00,2026-01-06
100553,294.0,76,2,2026-02-04,refunded,2026-01-11T18:00:00,2026-02-04
100554,76.0,8,2,2026-03-08,completed,2026-05-13T12:00:00,2026-03-08
100555,307.0,73,1,2026-06-19,completed,2026-01-22T06:00:00,2026-06-19
100556,230.0,78,4,2026-05-04,completed,2026-02-26T13:00:00,2026-05-04
100557,308.0,19,5,2026-02-16,refunded,2026-06-18T16:00:00,2026-02-16
100558,136.0,22,3,2026-04-27,refunded,2026-06-01T02:00:00,2026-04-27
100559,118.0,49,4,2026-02-03,completed,2026-01-05T06:00:00,2026-02-03
100560,268.0,65,4,2026-02-08,refunded,2026-01-25T05:00:00,2026-02-08
100561,244.0,79,5,2026-01-10,refunded,2026-05-09T03:00:00,2026-01-10
100562,48.0,62,2,2026-06-04,refunded,2026-01-01T21:00:00,2026-06-04
100563,333.0,56,5,2026-04-18,completed,2026-01-12T22:00:00,2026-04-18
100564,272.0,55,2,2026-05-04,cancelled,2026-03-31T18:00:00,2026-05-04
100565,412.0,95,5,2026-01-26,cancelled,2026-02-04T08:00:00,2026-01-26
100566,245.0,99,2,2026-01-22,completed,2026-06-03T17:00:00,2026-01-22
100567,210.0,33,2,2026-01-02,completed,2026-05-28T16:00:00,2026-01-02
100568,61.0,67,1,2026-04-07,completed,2026-06-26T10:00:00,2026-04-07
100569,210.0,47,1,2026-02-09,cancelled,2026-06-16T18:00:00,2026-02-09
100570,130.0,34,5,2026-04-19,refunded,2026-04-04T19:00:00,2026-04-19
100571,142.0,88,4,2026-02-22,cancelled,2026-05-22T17:00:00,2026-02-22
100572,248.0,23,3,2026-05-24,refunded,2026-05-04T08:00:00,2026-05-24
100573,158.0,74,3,2026-06-30,cancelled,2026-02-05T21:00:00,2026-06-30
100574,61.0,96,2,2026-04-25,completed,2026-01-26T06:00:00,2026-04-25
100575,261.0,52,3,2026-05-21,refunded,2026-06-28T21:00:00,2026-05-21
100576,362.0,7,2,2026-04-10,completed,2026-01-24T04:00:00,2026-04-10
100577,242.0,77,4,2026-01-23,completed,2026-03-09T07:00:00,2026-01-23
100578,190.0,11,5,2026-01-10,cancelled,2026-04-13T19:00:00,2026-01-10
100579,336.0,67,3,2026-06-02,completed,2026-02-14T20:00:00,2026-06-02
100580,254.0,57,1,2026-02-21,refunded,2026-03-15T06:00:00,2026-02-21
100581,18.0,77,5,2026-05-13,completed,2026-06-07T05:00:00,2026-05-13
100582,346.0,5,3,2026-03-03,completed,2026-02-10T02:00:00,2026-03-03
100583,142.0,100,4,2026-04-01,cancelled,2026-04-14T18:00:00,2026-04-01
100584,103.0,67,1,2026-06-30,completed,2026-01-24T17:00:00,2026-06-30
100585,146.0,93,5,2026-05-30,completed,2026-03-30T08:00:00,2026-05-30
100586,116.0,78,2,2026-04-27,cancelled,2026-05-28T00:00:00,2026-04-27
100587,134.0,23,4,2026-05-10,completed,2026-05-24T02:00:00,2026-05-10
100588,258.0,38,3,2026-01-30,refunded,2026-03-07T17:00:00,2026-01-30
100589,417.0,74,3,2026-06-27,cancelled,2026-04-07T18:00:00,2026-06-27
100590,248.0,99,2,2026-03-28,cancelled,2026-06-24T14:00:00,2026-03-28
100591,460.0,76,1,2026-05-04,completed,2026-03-08T02:00:00,2026-05-04
100592,196.0,82,2,2026-06-23,completed,2026-03-22T13:00:00,2026-06-23
100593,490.0,46,5,2026-05-18,completed,2026-06-29T08:00:00,2026-05-18
100594,128.0,37,1,2026-04-13,completed,2026-01-20T17:00:00,2026-04-13
100595,477.0,23,4,2026-03-22,completed,2026-02-25T18:00:00,2026-03-22
100596,138.0,24,2,2026-05-08,completed,2026-03-02T23:00:00,2026-05-08
100597,124.0,34,2,2026-02-28,completed,2026-03-05T19:00:00,2026-02-28
100598,183.0,20,1,2026-01-31,completed,2026-06-23T21:00:00,2026-01-31
100599,253.0,79,1,2026-05-19,completed,2026-05-04T11:00:00,2026-05-19
100600,318.0,41,4,2026-05-28,completed,2026-05-06T05:00:00,2026-05-28
100601,392.0,66,3,2026-04-12,completed,2026-05-28T04:00:00,2026-04-12
100602,28.0,68,4,2026-05-03,refunded,2026-01-09T16:00:00,2026-05-03
100603,178.0,51,2,2026-04-28,completed,2026-06-28T16:00:00,2026-04-28
100604,236.0,41,1,2026-01-04,completed,2026-04-08T18:00:00,2026-01-04
100605,52.0,42,3,2026-06-06,completed,2026-02-17T17:00:00,2026-06-06
100606,135.0,31,3,2026-05-01,refunded,2026-03-29T11:00:00,2026-05-01
100607,95.0,64,4,2026-02-23,cancelled,2026-06-29T11:00:00,2026-02-23
100608,187.0,52,3,2026-04-26,completed,2026-05-27T04:00:00,2026-04-26
100609,295.0,88,2,2026-01-26,completed,2026-03-02T17:00:00,2026-01-26
100610,222.0,49,2,2026-02-07,completed,2026-05-02T00:00:00,2026-02-07
100611,91.0,54,4,2026-02-04,refunded,2026-05-17T23:00:00,2026-02-04
100612,162.0,63,3,2026-03-06,refunded,2026-05-26T01:00:00,2026-03-06
100613,204.0,13,2,2026-01-16,completed,2026-03-07T15:00:00,2026-01-16
100614,430.0,81,1,2026-04-26,completed,2026-03-08T11:00:00,2026-04-26
100615,185.0,72,5,2026-03-07,completed,2026-01-06T13:00:00,2026-03-07
100616,63.0,45,5,2026-02-20,refunded,2026-05-28T20:00:00,2026-02-20
100617,333.0,69,2,2026-03-14,completed,2026-03-25T21:00:00,2026-03-14
100618,262.0,63,4,2026-01-21,cancelled,2026-06-07T09:00:00,2026-01-21
100619,238.0,81,2,2026-02-12,completed,2026-04-18T20:00:00,2026-02-12
100620,314.0,74,4,2026-01-19,completed,2026-02-11T10:00:00,2026-01-19
100621,117.0,41,3,2026-06-17,completed,2026-03-10T19:00:00,2026-06-17
100622,331.0,51,3,2026-04-24,completed,2026-05-31T16:00:00,2026-04-24
100623,495.0,58,4,2026-02-12,completed,2026-01-06T04:00:00,2026-02-12
100624,373.0,31,3,2026-06-29,completed,2026-02-23T05:00:00,2026-06-29
100625,204.0,14,1,2026-01-17,cancelled,2026-05-21T01:00:00,2026-01-17
100626,14.0,99,4,2026-05-15,completed,2026-01-27T08:00:00,2026-05-15
100627,317.0,20,1,2026-06-17,cancelled,2026-03-21T07:00:00,2026-06-17
100628,127.0,95,3,2026-04-24,completed,2026-02-03T16:00:00,2026-04-24
100629,430.0,22,1,2026-01-09,completed,2026-03-25T15:00:00,2026-01-09
100630,240.0,70,3,2026-05-21,cancelled,2026-02-04T22:00:00,2026-05-21
100631,277.0,23,5,2026-06-02,cancelled,2026-06-11T23:00:00,2026-06-02
100632,326.0,73,4,2026-05-15,refunded,2026-03-21T11:00:00,2026-05-15
100633,247.0,70,2,2026-01-23,cancelled,2026-03-20T11:00:00,2026-01-23
100634,212.0,34,2,2026-03-19,completed,2026-01-01T16:00:00,2026-03-19
100635,418.0,98,2,2026-03-30,completed,2026-05-01T17:00:00,2026-03-30
100636,5.0,89,4,2026-05-03,completed,2026-01-03T13:00:00,2026-05-03
100637,409.0,38,5,2026-03-01,completed,2026-05-21T11:00:00,2026-03-01
100638,97.0,53,5,2026-04-22,cancelled,2026-03-05T05:00:00,2026-04-22
100639,367.0,95,4,2026-04-07,completed,2026-03-09T02:00:00,2026-04-07
100640,217.0,81,2,2026-05-13,refunded,2026-06-27T21:00:00,2026-05-13
100641,140.0,37,5,2026-03-10,cancelled,2026-02-18T02:00:00,2026-03-10
100642,94.0,18,3,2026-01-29,cancelled,2026-06-08T14:00:00,2026-01-29
100643,140.0,90,5,2026-05-06,completed,2026-03-24T00:00:00,2026-05-06
100644,78.0,7,5,2026-01-06,completed,2026-01-27T09:00:00,2026-01-06
100645,138.0,17,4,2026-01-03,completed,2026-01-24T04:00:00,2026-01-03
100646,8.0,64,2,2026-03-29,cancelled,2026-03-21T15:00:00,2026-03-29
100647,191.0,60,1,2026-03-26,completed,2026-02-07T01:00:00,2026-03-26
100648,137.0,100,4,2026-01-19,refunded,2026-05-01T05:00:00,2026-01-19
100649,99.0,33,4,2026-01-04,completed,2026-03-05T12:00:00,2026-01-04
100650,395.0,57,2,2026-01-09,completed,2026-04-28T23:00:00,2026-01-09
100651,395.0,13,5,2026-06-20,completed,2026-05-02T12:00:00,2026-06-20
100652,349.0,40,3,2026-02-10,completed,2026-05-21T16:00:00,2026-02-10
100653,63.0,33,4,2026-06-13,completed,2026-02-20T11:00:00,2026-06-13
100654,455.0,7,2,2026-01-29,completed,2026-06-12T13:00:00,2026-01-29
100655,167.0,2,2,2026-03-12,refunded,2026-01-31T12:00:00,2026-03-12
100656,405.0,32,1,2026-01-11,refunded,2026-06-26T15:00:00,2026-01-11
100657,353.0,77,2,2026-04-06,completed,2026-03-05T05:00:00,2026-04-06
100658,256.0,12,5,2026-03-28,completed,2026-01-16T11:00:00,2026-03-28
100659,331.0,20,5,2026-01-28,completed,2026-05-05T07:00:00,2026-01-28
100660,163.0,72,3,2026-04-23,completed,2026-01-06T22:00:00,2026-04-23
100661,194.0,46,2,2026-03-06,completed,2026-05-05T22:00:00,2026-03-06
100662,225.0,72,3,2026-05-19,cancelled,2026-02-18T18:00:00,2026-05-19
100663,96.0,70,3,2026-03-24,cancelled,2026-03-12T19:00:00,2026-03-24
100664,469.0,71,2,2026-01-18,refunded,2026-02-09T14:00:00,2026-01-18
100665,152.0,34,5,2026-04-04,cancelled,2026-01-01T20:00:00,2026-04-04
100666,260.0,49,2,2026-01-05,refunded,2026-04-04T19:00:00,2026-01-05
100667,123.0,42,1,2026-06-18,refunded,2026-04-10T06:00:00,2026-06-18
100668,269.0,88,4,2026-05-22,completed,2026-06-06T09:00:00,2026-05-22
100669,166.0,53,3,2026-01-29,completed,2026-05-14T21:00:00,2026-01-29
100670,35.0,6,2,2026-02-15,completed,2026-02-21T03:00:00,2026-02-15
100671,249.0,25,1,2026-01-09,refunded,2026-06-14T12:00:00,2026-01-09
100672,337.0,63,5,2026-06-09,refunded,2026-03-07T01:00:00,2026-06-09
100673,188.0,29,5,2026-01-19,completed,2026-02-23T20:00:00,2026-01-19
100674,252.0,11,4,2026-06-13,completed,2026-04-03T17:00:00,2026-06-13
100675,381.0,54,3,2026-01-15,refunded,2026-03-10T16:00:00,2026-01-15
100676,21.0,94,1,2026-03-19,completed,2026-02-25T16:00:00,2026-03-19
100677,50.0,13,2,2026-05-17,cancelled,2026-02-18T06:00:00,2026-05-17
100678,270.0,85,2,2026-05-26,completed,2026-05-23T23:00:00,2026-05-26
100679,286.0,54,1,2026-06-13,refunded,2026-04-02T21:00:00,2026-06-13
100680,235.0,90,4,2026-01-27,completed,2026-02-16T17:00:00,2026-01-27
100681,206.0,65,3,2026-06-18,completed,2026-05-17T19:00:00,2026-06-18
100682,227.0,46,3,2026-05-21,completed,2026-04-06T13:00:00,2026-05-21
100683,392.0,82,4,2026-03-24,refunded,2026-03-03T18:00:00,2026-03-24
100684,280.0,28,4,2026-05-21,completed,2026-04-03T14:00:00,2026-05-21
100685,230.0,51,1,2026-01-09,completed,2026-06-02T00:00:00,2026-01-09
100686,266.0,18,3,2026-01-02,completed,2026-02-26T06:00:00,2026-01-02
100687,439.0,41,1,2026-06-26,completed,2026-05-22T16:00:00,2026-06-26
100688,285.0,74,5,2026-02-09,completed,2026-01-10T14:00:00,2026-02-09
100689,183.0,20,2,2026-03-09,completed,2026-05-30T07:00:00,2026-03-09
100690,120.0,33,3,2026-01-24,refunded,2026-04-13T18:00:00,2026-01-24
100691,470.0,28,1,2026-03-25,cancelled,2026-02-14T15:00:00,2026-03-25
100692,423.0,89,5,2026-01-25,refunded,2026-06-14T09:00:00,2026-01-25
100693,20.0,94,5,2026-04-08,completed,2026-01-15T10:00:00,2026-04-08
100694,179.0,56,4,2026-01-31,completed,2026-06-17T19:00:00,2026-01-31
100695,476.0,2,4,2026-01-14,completed,2026-05-15T01:00:00,2026-01-14
100696,164.0,70,5,2026-02-08,completed,2026-05-09T22:00:00,2026-02-08
100697,114.0,20,1,2026-06-22,cancelled,2026-04-25T19:00:00,2026-06-22
100698,295.0,65,1,2026-02-26,cancelled,2026-03-16T12:00:00,2026-02-26
100699,76.0,17,3,2026-01-22,cancelled,2026-05-27T23:00:00,2026-01-22
100700,26.0,71,4,2026-03-09,completed,2026-04-13T16:00:00,2026-03-09
100701,223.0,100,2,2026-02-04,cancelled,2026-05-24T06:00:00,2026-02-04
100702,250.0,51,5,2026-02-20,refunded,2026-06-07T23:00:00,2026-02-20
100703,269.0,32,2,2026-01-19,completed,2026-04-21T10:00:00,2026-01-19
100704,351.0,74,1,2026-01-29,cancelled,2026-04-19T11:00:00,2026-01-29
100705,179.0,25,3,2026-03-30,refunded,2026-06-17T00:00:00,2026-03-30
100706,395.0,40,2,2026-03-31,refunded,2026-04-24T19:00:00,2026-03-31
100707,75.0,57,1,2026-03-01,completed,2026-06-25T11:00:00,2026-03-01
100708,80.0,97,1,2026-01-29,completed,2026-03-04T19:00:00,2026-01-29
100709,475.0,19,3,2026-01-04,completed,2026-06-27T03:00:00,2026-01-04
100710,157.0,58,4,2026-01-06,completed,2026-02-23T23:00:00,2026-01-06
100711,276.0,28,2,2026-05-20,refunded,2026-03-08T17:00:00,2026-05-20
100712,248.0,80,2,2026-06-27,completed,2026-04-07T18:00:00,2026-06-27
100713,464.0,85,5,2026-01-12,completed,2026-02-13T01:00:00,2026-01-12
100714,146.0,26,5,2026-03-11,completed,2026-04-30T20:00:00,2026-03-11
100715,484.0,2,1,2026-04-10,completed,2026-06-19T21:00:00,2026-04-10
100716,185.0,14,1,2026-03-16,cancelled,2026-03-01T12:00:00,2026-03-16
100717,261.0,91,1,2026-03-22,cancelled,2026-06-02T17:00:00,2026-03-22
100718,46.0,24,2,2026-05-09,cancelled,2026-05-24T22:00:00,2026-05-09
100719,12.0,6,2,2026-05-16,completed,2026-03-27T15:00:00,2026-05-16
100720,202.0,96,2,2026-01-05,completed,2026-06-25T11:00:00,2026-01-05
100721,182.0,81,3,2026-03-02,refunded,2026-03-12T01:00:00,2026-03-02
100722,321.0,33,4,2026-01-08,refunded,2026-03-13T07:00:00,2026-01-08
100723,78.0,44,4,2026-06-18,completed,2026-01-23T23:00:00,2026-06-18
100724,196.0,67,5,2026-06-10,completed,2026-04-17T07:00:00,2026-06-10
100725,294.0,20,4,2026-03-21,refunded,2026-03-26T14:00:00,2026-03-21
100726,278.0,17,2,2026-06-17,completed,2026-05-29T17:00:00,2026-06-17
100727,351.0,26,2,2026-03-21,refunded,2026-02-04T13:00:00,2026-03-21
100728,466.0,99,2,2026-06-17,refunded,2026-02-10T10:00:00,2026-06-17
100729,35.0,72,5,2026-01-31,completed,2026-03-23T04:00:00,2026-01-31
100730,373.0,4,3,2026-04-16,cancelled,2026-03-19T14:00:00,2026-04-16
100731,382.0,82,3,2026-02-08,completed,2026-01-28T04:00:00,2026-02-08
100732,95.0,4,5,2026-06-07,completed,2026-06-05T18:00:00,2026-06-07
100733,314.0,30,5,2026-03-01,completed,2026-06-25T00:00:00,2026-03-01
100734,184.0,11,4,2026-02-04,refunded,2026-06-04T15:00:00,2026-02-04
100735,365.0,84,3,2026-02-17,cancelled,2026-05-06T15:00:00,2026-02-17
100736,71.0,21,2,2026-02-27,completed,2026-04-15T00:00:00,2026-02-27
100737,474.0,35,4,2026-02-26,completed,2026-02-22T02:00:00,2026-02-26
100738,91.0,57,5,2026-05-06,completed,2026-04-28T07:00:00,2026-05-06
100739,219.0,52,1,2026-06-05,cancelled,2026-03-22T12:00:00,2026-06-05
100740,314.0,96,5,2026-06-02,refunded,2026-05-15T20:00:00,2026-06-02
100741,449.0,91,1,2026-05-14,completed,2026-04-26T14:00:00,2026-05-14
100742,424.0,6,2,2026-05-13,refunded,2026-04-12T23:00:00,2026-05-13
100743,21.0,72,4,2026-05-13,completed,2026-02-18T09:00:00,2026-05-13
100744,226.0,51,3,2026-03-15,cancelled,2026-02-12T13:00:00,2026-03-15
100745,151.0,79,1,2026-06-26,refunded,2026-02-06T14:00:00,2026-06-26
100746,425.0,83,4,2026-01-24,refunded,2026-01-29T05:00:00,2026-01-24
100747,399.0,75,5,2026-02-04,cancelled,2026-04-16T10:00:00,2026-02-04
100748,231.0,4,2,2026-04-27,refunded,2026-02-21T14:00:00,2026-04-27
100749,47.0,33,3,2026-06-27,completed,2026-02-01T02:00:00,2026-06-27
100750,59.0,91,4,2026-06-12,completed,2026-01-22T16:00:00,2026-06-12
100751,363.0,50,5,2026-06-06,completed,2026-04-07T17:00:00,2026-06-06
100752,195.0,6,2,2026-03-27,refunded,2026-06-18T04:00:00,2026-03-27
100753,84.0,19,2,2026-01-14,cancelled,2026-03-20T09:00:00,2026-01-14
100754,374.0,99,4,2026-03-15,completed,2026-01-31T04:00:00,2026-03-15
100755,492.0,26,1,2026-06-09,completed,2026-01-04T14:00:00,2026-06-09
100756,255.0,64,5,2026-01-02,refunded,2026-05-07T07:00:00,2026-01-02
100757,112.0,76,4,2026-04-27,cancelled,2026-04-24T02:00:00,2026-04-27
100758,308.0,77,1,2026-03-04,refunded,2026-03-13T19:00:00,2026-03-04
100759,322.0,72,2,2026-01-13,completed,2026-02-07T01:00:00,2026-01-13
100760,335.0,45,1,2026-02-07,completed,2026-06-20T18:00:00,2026-02-07
100761,430.0,78,3,2026-03-26,completed,2026-01-13T03:00:00,2026-03-26
100762,214.0,23,2,2026-06-22,completed,2026-06-06T21:00:00,2026-06-22
100763,355.0,90,5,2026-05-27,refunded,2026-02-15T14:00:00,2026-05-27
100764,384.0,75,3,2026-01-10,completed,2026-03-18T10:00:00,2026-01-10
100765,189.0,49,1,2026-04-20,refunded,2026-01-17T09:00:00,2026-04-20
100766,242.0,18,1,2026-06-27,completed,2026-03-26T16:00:00,2026-06-27
100767,212.0,68,2,2026-06-28,completed,2026-06-06T01:00:00,2026-06-28
100768,56.0,74,5,2026-01-23,cancelled,2026-06-26T19:00:00,2026-01-23
100769,479.0,91,3,2026-04-20,refunded,2026-03-23T08:00:00,2026-04-20
100770,270.0,74,5,2026-04-01,completed,2026-06-07T18:00:00,2026-04-01
100771,255.0,67,4,2026-05-07,completed,2026-06-06T07:00:00,2026-05-07
100772,363.0,38,2,2026-01-01,completed,2026-01-07T14:00:00,2026-01-01
100773,321.0,16,2,2026-06-07,cancelled,2026-04-16T01:00:00,2026-06-07
100774,171.0,45,5,2026-06-13,completed,2026-01-03T20:00:00,2026-06-13
100775,104.0,89,3,2026-03-07,completed,2026-03-20T09:00:00,2026-03-07
100776,260.0,71,3,2026-01-02,completed,2026-06-25T10:00:00,2026-01-02
100777,175.0,51,5,2026-06-07,completed,2026-02-14T06:00:00,2026-06-07
100778,170.0,44,4,2026-05-02,completed,2026-06-15T04:00:00,2026-05-02
100779,247.0,20,4,2026-05-18,completed,2026-04-29T13:00:00,2026-05-18
100780,476.0,96,1,2026-05-14,completed,2026-05-25T23:00:00,2026-05-14
100781,348.0,41,5,2026-05-18,completed,2026-02-23T18:00:00,2026-05-18
100782,351.0,43,3,2026-01-17,completed,2026-03-13T00:00:00,2026-01-17
100783,174.0,49,5,2026-02-12,refunded,2026-06-05T12:00:00,2026-02-12
100784,96.0,77,1,2026-03-20,completed,2026-01-09T08:00:00,2026-03-20
100785,212.0,12,4,2026-03-02,completed,2026-04-26T09:00:00,2026-03-02
100786,111.0,68,3,2026-02-14,completed,2026-04-06T01:00:00,2026-02-14
100787,399.0,26,1,2026-04-24,refunded,2026-01-07T15:00:00,2026-04-24
100788,464.0,65,2,2026-02-18,completed,2026-05-04T23:00:00,2026-02-18
100789,448.0,68,3,2026-03-25,completed,2026-01-26T16:00:00,2026-03-25
100790,347.0,17,2,2026-01-10,cancelled,2026-04-10T22:00:00,2026-01-10
100791,443.0,67,1,2026-01-02,completed,2026-01-12T21:00:00,2026-01-02
100792,435.0,77,1,2026-03-27,cancelled,2026-01-12T03:00:00,2026-03-27
100793,267.0,99,3,2026-01-06,refunded,2026-03-21T20:00:00,2026-01-06
100794,457.0,27,3,2026-02-21,completed,2026-03-15T08:00:00,2026-02-21
100795,273.0,41,4,2026-06-21,completed,2026-03-11T04:00:00,2026-06-21
100796,81.0,36,1,2026-01-04,refunded,2026-05-24T16:00:00,2026-01-04
100797,53.0,27,5,2026-03-31,refunded,2026-03-23T08:00:00,2026-03-31
100798,73.0,91,3,2026-05-27,completed,2026-02-13T02:00:00,2026-05-27
100799,160.0,79,3,2026-05-19,cancelled,2026-01-13T04:00:00,2026-05-19
100800,15.0,61,1,2026-01-28,cancelled,2026-01-14T02:00:00,2026-01-28
100801,219.0,51,2,2026-06-30,refunded,2026-06-01T20:00:00,2026-06-30
100802,429.0,89,4,2026-06-07,completed,2026-03-21T10:00:00,2026-06-07
100803,419.0,26,5,2026-01-21,cancelled,2026-05-26T04:00:00,2026-01-21
100804,48.0,90,4,2026-01-25,cancelled,2026-03-21T21:00:00,2026-01-25
100805,330.0,91,4,2026-05-01,completed,2026-02-27T04:00:00,2026-05-01
100806,441.0,79,3,2026-04-04,cancelled,2026-02-16T22:00:00,2026-04-04
100807,470.0,86,3,2026-03-25,cancelled,2026-05-05T00:00:00,2026-03-25
100808,34.0,61,1,2026-03-31,cancelled,2026-04-29T05:00:00,2026-03-31
100809,145.0,99,3,2026-06-04,refunded,2026-02-02T16:00:00,2026-06-04
100810,53.0,52,1,2026-03-25,refunded,2026-06-16T02:00:00,2026-03-25
100811,406.0,39,5,2026-04-29,cancelled,2026-06-01T13:00:00,2026-04-29
100812,123.0,80,2,2026-05-21,completed,2026-05-04T12:00:00,2026-05-21
100813,34.0,44,2,2026-06-27,refunded,2026-04-21T13:00:00,2026-06-27
100814,291.0,44,5,2026-06-27,completed,2026-02-14T21:00:00,2026-06-27
100815,343.0,10,5,2026-05-05,completed,2026-06-01T19:00:00,2026-05-05
100816,238.0,42,5,2026-01-25,cancelled,2026-02-15T09:00:00,2026-01-25
100817,490.0,52,1,2026-06-03,completed,2026-06-25T19:00:00,2026-06-03
100818,395.0,49,3,2026-05-07,completed,2026-01-24T06:00:00,2026-05-07
100819,419.0,18,5,2026-06-12,completed,2026-02-07T21:00:00,2026-06-12
100820,77.0,58,5,2026-03-16,cancelled,2026-06-07T18:00:00,2026-03-16
100821,229.0,26,2,2026-06-24,completed,2026-03-18T18:00:00,2026-06-24
100822,407.0,87,3,2026-04-22,completed,2026-01-23T18:00:00,2026-04-22
100823,5.0,79,5,2026-04-14,completed,2026-03-17T01:00:00,2026-04-14
100824,190.0,71,1,2026-01-01,refunded,2026-04-02T03:00:00,2026-01-01
100825,441.0,37,1,2026-03-02,cancelled,2026-06-29T18:00:00,2026-03-02
100826,202.0,81,3,2026-04-08,cancelled,2026-04-08T13:00:00,2026-04-08
100827,280.0,28,2,2026-05-02,completed,2026-02-18T17:00:00,2026-05-02
100828,197.0,47,4,2026-02-09,completed,2026-06-21T04:00:00,2026-02-09
100829,69.0,2,1,2026-06-15,completed,2026-02-06T23:00:00,2026-06-15
100830,454.0,63,4,2026-02-04,completed,2026-02-05T20:00:00,2026-02-04
100831,413.0,54,4,2026-06-28,refunded,2026-04-19T19:00:00,2026-06-28
100832,93.0,59,5,2026-04-19,refunded,2026-04-26T12:00:00,2026-04-19
100833,182.0,29,2,2026-04-19,refunded,2026-01-02T18:00:00,2026-04-19
100834,256.0,94,2,2026-05-09,completed,2026-04-16T17:00:00,2026-05-09
100835,296.0,47,1,2026-01-10,refunded,2026-05-04T22:00:00,2026-01-10
100836,189.0,15,5,2026-05-04,completed,2026-02-06T23:00:00,2026-05-04
100837,375.0,68,3,2026-04-30,refunded,2026-01-21T16:00:00,2026-04-30
100838,456.0,79,1,2026-03-04,cancelled,2026-06-11T23:00:00,2026-03-04
100839,340.0,86,1,2026-06-25,refunded,2026-05-29T09:00:00,2026-06-25
100840,314.0,7,3,2026-05-17,completed,2026-05-01T14:00:00,2026-05-17
100841,263.0,61,5,2026-03-26,cancelled,2026-04-01T09:00:00,2026-03-26
100842,149.0,22,1,2026-06-27,refunded,2026-03-19T23:00:00,2026-06-27
100843,402.0,73,3,2026-01-16,cancelled,2026-05-29T05:00:00,2026-01-16
100844,294.0,7,3,2026-06-09,completed,2026-03-15T15:00:00,2026-06-09
100845,43.0,17,5,2026-01-20,completed,2026-03-06T04:00:00,2026-01-20
100846,316.0,36,3,2026-03-07,completed,2026-01-29T19:00:00,2026-03-07
100847,90.0,76,2,2026-06-18,cancelled,2026-04-05T05:00:00,2026-06-18
100848,134.0,90,2,2026-05-05,completed,2026-05-16T01:00:00,2026-05-05
100849,176.0,11,2,2026-06-02,completed,2026-05-07T13:00:00,2026-06-02
100850,395.0,50,2,2026-06-19,cancelled,2026-06-13T05:00:00,2026-06-19
100851,108.0,74,3,2026-01-14,completed,2026-01-30T01:00:00,2026-01-14
100852,86.0,60,4,2026-05-02,completed,2026-05-02T23:00:00,2026-05-02
100853,486.0,97,5,2026-03-01,cancelled,2026-06-24T22:00:00,2026-03-01
100854,200.0,61,3,2026-02-07,refunded,2026-04-22T00:00:00,2026-02-07
100855,148.0,58,4,2026-06-23,completed,2026-05-16T21:00:00,2026-06-23
100856,490.0,6,1,2026-05-17,completed,2026-04-21T19:00:00,2026-05-17
100857,471.0,84,3,2026-03-27,completed,2026-03-10T03:00:00,2026-03-27
100858,131.0,84,5,2026-04-11,cancelled,2026-06-22T23:00:00,2026-04-11
100859,124.0,94,5,2026-02-19,refunded,2026-03-28T21:00:00,2026-02-19
100860,354.0,24,3,2026-05-21,completed,2026-06-22T00:00:00,2026-05-21
100861,426.0,9,1,2026-04-16,completed,2026-05-15T03:00:00,2026-04-16
100862,351.0,58,3,2026-02-26,completed,2026-03-06T06:00:00,2026-02-26
100863,18.0,4,5,2026-01-24,completed,2026-06-02T21:00:00,2026-01-24
100864,458.0,28,5,2026-06-13,completed,2026-01-31T02:00:00,2026-06-13
100865,439.0,78,2,2026-04-07,refunded,2026-02-17T03:00:00,2026-04-07
100866,357.0,24,3,2026-03-17,cancelled,2026-06-19T02:00:00,2026-03-17
100867,328.0,59,3,2026-04-20,completed,2026-03-07T05:00:00,2026-04-20
100868,400.0,10,3,2026-01-16,cancelled,2026-04-10T10:00:00,2026-01-16
100869,31.0,34,3,2026-02-15,cancelled,2026-01-18T15:00:00,2026-02-15
100870,476.0,26,5,2026-04-11,completed,2026-06-15T15:00:00,2026-04-11
100871,56.0,19,5,2026-04-21,completed,2026-06-07T20:00:00,2026-04-21
100872,55.0,57,3,2026-01-27,completed,2026-01-19T02:00:00,2026-01-27
100873,293.0,94,3,2026-04-25,completed,2026-05-08T04:00:00,2026-04-25
100874,335.0,82,1,2026-01-10,cancelled,2026-03-10T04:00:00,2026-01-10
100875,359.0,43,4,2026-05-28,completed,2026-05-12T22:00:00,2026-05-28
100876,482.0,99,4,2026-05-03,cancelled,2026-04-14T23:00:00,2026-05-03
100877,400.0,9,5,2026-02-27,completed,2026-04-09T22:00:00,2026-02-27
100878,419.0,100,4,2026-02-01,refunded,2026-05-18T11:00:00,2026-02-01
100879,171.0,88,3,2026-04-13,completed,2026-06-11T20:00:00,2026-04-13
100880,47.0,47,5,2026-03-29,completed,2026-04-28T09:00:00,2026-03-29
100881,332.0,26,2,2026-05-22,completed,2026-04-09T21:00:00,2026-05-22
100882,98.0,39,4,2026-01-28,completed,2026-05-05T02:00:00,2026-01-28
100883,454.0,81,4,2026-02-18,completed,2026-01-10T06:00:00,2026-02-18
100884,13.0,93,5,2026-03-03,cancelled,2026-04-10T02:00:00,2026-03-03
100885,406.0,70,3,2026-05-08,refunded,2026-04-26T00:00:00,2026-05-08
100886,19.0,44,1,2026-03-28,completed,2026-04-14T03:00:00,2026-03-28
100887,109.0,84,5,2026-04-28,refunded,2026-02-08T23:00:00,2026-04-28
100888,297.0,30,1,2026-01-10,completed,2026-05-06T20:00:00,2026-01-10
100889,10.0,61,5,2026-01-12,completed,2026-06-29T20:00:00,2026-01-12
100890,67.0,2,2,2026-06-11,completed,2026-03-20T03:00:00,2026-06-11
100891,234.0,79,2,2026-06-01,completed,2026-01-28T03:00:00,2026-06-01
100892,255.0,77,5,2026-02-26,completed,2026-02-21T13:00:00,2026-02-26
100893,173.0,95,4,2026-03-25,completed,2026-06-25T18:00:00,2026-03-25
100894,280.0,18,3,2026-02-24,completed,2026-06-01T05:00:00,2026-02-24
100895,172.0,9,1,2026-03-12,completed,2026-04-17T05:00:00,2026-03-12
100896,357.0,48,5,2026-02-12,cancelled,2026-03-04T18:00:00,2026-02-12
100897,21.0,18,1,2026-06-11,refunded,2026-04-07T05:00:00,2026-06-11
100898,9.0,63,1,2026-01-02,completed,2026-02-15T02:00:00,2026-01-02
100899,362.0,84,5,2026-03-14,cancelled,2026-06-27T15:00:00,2026-03-14
100900,355.0,17,2,2026-02-06,completed,2026-05-14T14:00:00,2026-02-06
100901,211.0,31,2,2026-06-06,completed,2026-06-02T05:00:00,2026-06-06
100902,368.0,64,5,2026-01-23,completed,2026-03-31T13:00:00,2026-01-23
100903,3.0,72,2,2026-02-19,completed,2026-05-16T03:00:00,2026-02-19
100904,317.0,47,5,2026-05-10,completed,2026-04-29T20:00:00,2026-05-10
100905,338.0,27,3,2026-01-14,completed,2026-01-29T04:00:00,2026-01-14
100906,351.0,61,4,2026-02-15,completed,2026-06-21T01:00:00,2026-02-15
100907,28.0,83,3,2026-03-14,completed,2026-04-22T08:00:00,2026-03-14
100908,172.0,79,4,2026-01-12,completed,2026-01-14T17:00:00,2026-01-12
100909,91.0,21,1,2026-05-05,refunded,2026-01-30T02:00:00,2026-05-05
100910,459.0,31,4,2026-06-01,refunded,2026-03-25T13:00:00,2026-06-01
100911,102.0,96,3,2026-02-28,completed,2026-03-25T07:00:00,2026-02-28
100912,51.0,31,4,2026-02-21,cancelled,2026-02-26T02:00:00,2026-02-21
100913,242.0,75,4,2026-01-14,cancelled,2026-02-07T06:00:00,2026-01-14
100914,476.0,79,4,2026-02-15,cancelled,2026-04-06T04:00:00,2026-02-15
100915,235.0,93,2,2026-06-11,completed,2026-03-11T06:00:00,2026-06-11
100916,172.0,17,1,2026-06-27,refunded,2026-01-16T08:00:00,2026-06-27
100917,70.0,15,4,2026-04-28,cancelled,2026-02-13T10:00:00,2026-04-28
100918,113.0,38,5,2026-02-10,refunded,2026-02-13T18:00:00,2026-02-10
100919,497.0,71,2,2026-01-23,cancelled,2026-05-14T15:00:00,2026-01-23
100920,442.0,28,5,2026-05-02,cancelled,2026-03-13T00:00:00,2026-05-02
100921,374.0,55,2,2026-03-05,completed,2026-04-22T18:00:00,2026-03-05
100922,114.0,76,2,2026-05-27,completed,2026-04-17T01:00:00,2026-05-27
100923,21.0,61,5,2026-01-09,cancelled,2026-05-16T12:00:00,2026-01-09
100924,246.0,90,1,2026-04-26,cancelled,2026-03-03T02:00:00,2026-04-26
100925,286.0,97,1,2026-06-27,cancelled,2026-02-25T04:00:00,2026-06-27
100926,184.0,38,2,2026-06-15,completed,2026-01-05T15:00:00,2026-06-15
100927,343.0,40,2,2026-06-30,cancelled,2026-05-27T23:00:00,2026-06-30
100928,299.0,4,4,2026-04-29,completed,2026-06-30T12:00:00,2026-04-29
100929,95.0,48,4,2026-06-30,completed,2026-06-10T02:00:00,2026-06-30
100930,198.0,89,3,2026-05-16,completed,2026-03-17T13:00:00,2026-05-16
100931,386.0,35,5,2026-05-19,refunded,2026-02-23T21:00:00,2026-05-19
100932,42.0,80,3,2026-01-15,refunded,2026-06-22T11:00:00,2026-01-15
100933,455.0,7,1,2026-04-09,completed,2026-04-30T19:00:00,2026-04-09
100934,21.0,47,3,2026-02-14,refunded,2026-06-30T02:00:00,2026-02-14
100935,288.0,91,2,2026-02-05,completed,2026-03-03T17:00:00,2026-02-05
100936,59.0,84,4,2026-05-29,completed,2026-02-27T10:00:00,2026-05-29
100937,181.0,35,5,2026-06-24,cancelled,2026-03-12T01:00:00,2026-06-24
100938,33.0,48,3,2026-04-26,cancelled,2026-05-09T16:00:00,2026-04-26
100939,425.0,16,4,2026-05-17,refunded,2026-03-16T14:00:00,2026-05-17
100940,318.0,48,1,2026-02-18,cancelled,2026-01-23T02:00:00,2026-02-18
100941,201.0,23,3,2026-01-20,completed,2026-02-12T08:00:00,2026-01-20
100942,58.0,90,2,2026-05-08,completed,2026-02-22T16:00:00,2026-05-08
100943,488.0,81,1,2026-03-17,cancelled,2026-06-24T17:00:00,2026-03-17
100944,478.0,17,4,2026-03-30,cancelled,2026-04-24T23:00:00,2026-03-30
100945,331.0,3,3,2026-02-18,completed,2026-01-06T07:00:00,2026-02-18
100946,428.0,67,3,2026-04-16,refunded,2026-03-29T20:00:00,2026-04-16
100947,331.0,42,4,2026-06-01,refunded,2026-05-21T14:00:00,2026-06-01
100948,235.0,39,5,2026-02-03,completed,2026-02-13T08:00:00,2026-02-03
100949,117.0,62,3,2026-03-15,completed,2026-02-07T11:00:00,2026-03-15
100950,146.0,59,2,2026-06-08,completed,2026-05-18T09:00:00,2026-06-08
100951,94.0,23,2,2026-02-11,completed,2026-01-30T01:00:00,2026-02-11
100952,163.0,74,2,2026-04-23,completed,2026-04-05T05:00:00,2026-04-23
100953,106.0,72,1,2026-06-20,completed,2026-03-30T04:00:00,2026-06-20
100954,191.0,58,5,2026-02-11,refunded,2026-03-19T03:00:00,2026-02-11
100955,472.0,4,4,2026-05-08,completed,2026-04-28T10:00:00,2026-05-08
100956,80.0,1,5,2026-05-10,completed,2026-06-15T22:00:00,2026-05-10
100957,152.0,61,3,2026-05-27,completed,2026-05-25T23:00:00,2026-05-27
100958,465.0,57,3,2026-06-26,completed,2026-05-03T01:00:00,2026-06-26
100959,72.0,87,5,2026-01-30,completed,2026-01-07T12:00:00,2026-01-30
100960,317.0,29,4,2026-04-02,completed,2026-03-25T01:00:00,2026-04-02
100961,312.0,83,2,2026-05-30,refunded,2026-02-26T08:00:00,2026-05-30
100962,101.0,3,1,2026-05-18,cancelled,2026-06-23T21:00:00,2026-05-18
100963,491.0,12,5,2026-04-11,completed,2026-05-06T10:00:00,2026-04-11
100964,309.0,78,5,2026-01-15,completed,2026-04-12T04:00:00,2026-01-15
100965,367.0,55,3,2026-04-09,completed,2026-01-04T09:00:00,2026-04-09
100966,177.0,45,3,2026-04-25,refunded,2026-01-23T06:00:00,2026-04-25
100967,373.0,57,4,2026-04-24,completed,2026-02-11T23:00:00,2026-04-24
100968,497.0,55,4,2026-02-05,refunded,2026-06-03T02:00:00,2026-02-05
100969,74.0,27,3,2026-05-02,refunded,2026-03-27T02:00:00,2026-05-02
100970,478.0,76,4,2026-01-23,completed,2026-04-15T20:00:00,2026-01-23
100971,469.0,35,4,2026-02-14,refunded,2026-04-29T22:00:00,2026-02-14
100972,291.0,97,2,2026-02-21,completed,2026-04-08T09:00:00,2026-02-21
100973,284.0,63,1,2026-03-19,refunded,2026-03-19T15:00:00,2026-03-19
100974,287.0,95,4,2026-02-27,completed,2026-01-01T04:00:00,2026-02-27
100975,135.0,39,4,2026-02-01,completed,2026-04-17T05:00:00,2026-02-01
100976,252.0,89,2,2026-01-08,completed,2026-03-12T15:00:00,2026-01-08
100977,497.0,9,5,2026-04-03,refunded,2026-05-04T18:00:00,2026-04-03
100978,224.0,34,4,2026-06-27,completed,2026-04-06T16:00:00,2026-06-27
100979,376.0,74,1,2026-03-08,completed,2026-05-29T01:00:00,2026-03-08
100980,75.0,41,4,2026-06-27,completed,2026-04-02T05:00:00,2026-06-27
100981,28.0,35,3,2026-04-18,completed,2026-01-13T09:00:00,2026-04-18
100982,150.0,68,1,2026-05-12,completed,2026-06-10T05:00:00,2026-05-12
100983,392.0,13,5,2026-02-12,refunded,2026-03-24T10:00:00,2026-02-12
100984,424.0,88,3,2026-03-11,completed,2026-01-25T17:00:00,2026-03-11
100985,297.0,46,2,2026-01-04,completed,2026-05-13T09:00:00,2026-01-04
100986,191.0,100,4,2026-04-16,completed,2026-02-11T03:00:00,2026-04-16
100987,112.0,20,5,2026-02-26,completed,2026-05-24T19:00:00,2026-02-26
100988,354.0,68,5,2026-05-22,completed,2026-04-17T14:00:00,2026-05-22
100989,470.0,10,1,2026-02-03,completed,2026-05-03T11:00:00,2026-02-03
100990,160.0,89,3,2026-02-05,cancelled,2026-06-02T16:00:00,2026-02-05
100991,391.0,44,2,2026-03-19,completed,2026-01-31T07:00:00,2026-03-19
100992,66.0,89,2,2026-06-26,completed,2026-03-20T04:00:00,2026-06-26
100993,108.0,17,1,2026-04-19,completed,2026-01-20T00:00:00,2026-04-19
100994,397.0,62,4,2026-01-11,completed,2026-01-28T01:00:00,2026-01-11
100995,407.0,85,5,2026-06-01,completed,2026-05-01T03:00:00,2026-06-01
100996,466.0,33,1,2026-01-17,completed,2026-06-20T00:00:00,2026-01-17
100997,387.0,13,1,2026-06-04,completed,2026-05-31T06:00:00,2026-06-04
100998,95.0,86,3,2026-01-08,completed,2026-02-07T23:00:00,2026-01-08
100999,483.0,36,5,2026-03-31,completed,2026-02-11T16:00:00,2026-03-31
101000,400.0,94,5,2026-03-03,refunded,2026-05-26T02:00:00,2026-03-03
101001,51.0,75,1,2026-05-16,completed,2026-02-19T09:00:00,2026-05-16
101002,88.0,97,5,2026-01-02,completed,2026-02-24T16:00:00,2026-01-02
101003,436.0,91,4,2026-04-04,refunded,2026-02-17T14:00:00,2026-04-04
101004,345.0,14,2,2026-04-01,cancelled,2026-04-19T06:00:00,2026-04-01
101005,264.0,30,4,2026-01-29,completed,2026-02-01T14:00:00,2026-01-29
101006,57.0,67,2,2026-05-07,completed,2026-06-30T09:00:00,2026-05-07
101007,286.0,93,1,2026-01-22,completed,2026-05-07T03:00:00,2026-01-22
101008,198.0,37,4,2026-06-03,completed,2026-06-25T14:00:00,2026-06-03
101009,116.0,71,4,2026-03-16,cancelled,2026-02-18T02:00:00,2026-03-16
101010,459.0,61,3,2026-02-15,completed,2026-06-22T15:00:00,2026-02-15
101011,345.0,14,4,2026-04-23,refunded,2026-06-18T21:00:00,2026-04-23
101012,44.0,16,2,2026-04-12,cancelled,2026-06-27T18:00:00,2026-04-12
101013,53.0,95,2,2026-01-17,completed,2026-02-20T10:00:00,2026-01-17
101014,103.0,77,4,2026-02-01,completed,2026-04-19T23:00:00,2026-02-01
101015,256.0,36,5,2026-06-01,completed,2026-06-14T12:00:00,2026-06-01
101016,183.0,61,5,2026-04-14,cancelled,2026-05-11T08:00:00,2026-04-14
101017,76.0,99,4,2026-01-28,completed,2026-03-06T15:00:00,2026-01-28
101018,255.0,30,2,2026-01-08,completed,2026-01-14T02:00:00,2026-01-08
101019,256.0,87,1,2026-02-15,cancelled,2026-06-04T21:00:00,2026-02-15
101020,168.0,20,3,2026-06-09,refunded,2026-01-25T02:00:00,2026-06-09
101021,339.0,97,5,2026-05-07,cancelled,2026-02-21T09:00:00,2026-05-07
101022,339.0,64,4,2026-05-10,completed,2026-05-19T10:00:00,2026-05-10
101023,415.0,70,5,2026-01-05,completed,2026-04-21T03:00:00,2026-01-05
101024,197.0,58,3,2026-04-07,cancelled,2026-04-28T01:00:00,2026-04-07
101025,17.0,23,5,2026-06-18,completed,2026-06-30T05:00:00,2026-06-18
101026,252.0,56,2,2026-03-21,cancelled,2026-05-05T03:00:00,2026-03-21
101027,292.0,87,4,2026-06-18,refunded,2026-06-25T17:00:00,2026-06-18
101028,293.0,61,4,2026-05-24,completed,2026-05-10T01:00:00,2026-05-24
101029,201.0,34,4,2026-06-01,cancelled,2026-06-07T21:00:00,2026-06-01
101030,181.0,99,3,2026-03-24,completed,2026-01-08T18:00:00,2026-03-24
101031,24.0,17,3,2026-03-31,refunded,2026-01-07T20:00:00,2026-03-31
101032,175.0,49,1,2026-04-20,completed,2026-04-02T13:00:00,2026-04-20
101033,180.0,8,2,2026-03-05,completed,2026-06-15T09:00:00,2026-03-05
101034,304.0,11,1,2026-03-20,completed,2026-03-28T05:00:00,2026-03-20
101035,11.0,69,3,2026-01-10,cancelled,2026-06-18T13:00:00,2026-01-10
101036,291.0,66,4,2026-03-10,completed,2026-06-28T15:00:00,2026-03-10
101037,302.0,3,3,2026-04-07,refunded,2026-04-10T10:00:00,2026-04-07
101038,294.0,13,4,2026-01-26,completed,2026-03-28T15:00:00,2026-01-26
101039,258.0,98,3,2026-02-12,refunded,2026-03-18T11:00:00,2026-02-12
101040,497.0,56,2,2026-05-08,completed,2026-05-18T06:00:00,2026-05-08
101041,148.0,34,1,2026-03-18,refunded,2026-04-13T07:00:00,2026-03-18
101042,320.0,96,1,2026-05-29,completed,2026-06-01T10:00:00,2026-05-29
101043,140.0,9,5,2026-05-16,cancelled,2026-04-20T06:00:00,2026-05-16
101044,178.0,10,3,2026-05-10,completed,2026-04-21T21:00:00,2026-05-10
101045,277.0,41,2,2026-04-17,cancelled,2026-03-06T19:00:00,2026-04-17
101046,264.0,59,5,2026-02-16,completed,2026-06-10T22:00:00,2026-02-16
101047,265.0,24,5,2026-05-08,completed,2026-06-19T23:00:00,2026-05-08
101048,481.0,60,3,2026-06-13,refunded,2026-06-07T13:00:00,2026-06-13
101049,479.0,73,1,2026-05-14,completed,2026-04-04T14:00:00,2026-05-14
101050,76.0,31,2,2026-06-25,completed,2026-04-22T13:00:00,2026-06-25
101051,164.0,9,2,2026-04-16,completed,2026-03-15T20:00:00,2026-04-16
101052,83.0,33,5,2026-03-02,cancelled,2026-03-03T03:00:00,2026-03-02
101053,77.0,25,1,2026-03-04,completed,2026-04-29T15:00:00,2026-03-04
101054,287.0,56,4,2026-06-15,completed,2026-02-21T05:00:00,2026-06-15
101055,140.0,18,1,2026-03-08,completed,2026-06-18T17:00:00,2026-03-08
101056,91.0,83,1,2026-05-05,completed,2026-01-15T02:00:00,2026-05-05
101057,161.0,78,3,2026-01-17,cancelled,2026-04-04T21:00:00,2026-01-17
101058,337.0,12,4,2026-02-05,completed,2026-01-29T18:00:00,2026-02-05
101059,377.0,65,1,2026-05-14,refunded,2026-05-15T08:00:00,2026-05-14
101060,255.0,12,2,2026-06-03,completed,2026-03-22T10:00:00,2026-06-03
101061,427.0,75,4,2026-03-02,cancelled,2026-02-25T04:00:00,2026-03-02
101062,55.0,23,2,2026-03-12,cancelled,2026-04-15T08:00:00,2026-03-12
101063,442.0,76,1,2026-05-06,refunded,2026-04-06T22:00:00,2026-05-06
101064,486.0,15,3,2026-05-20,cancelled,2026-05-02T21:00:00,2026-05-20
101065,127.0,36,2,2026-04-03,cancelled,2026-04-05T09:00:00,2026-04-03
101066,11.0,83,5,2026-01-09,completed,2026-06-26T21:00:00,2026-01-09
101067,123.0,33,5,2026-04-09,completed,2026-06-13T22:00:00,2026-04-09
101068,186.0,88,1,2026-05-17,completed,2026-04-24T12:00:00,2026-05-17
101069,5.0,51,3,2026-03-19,completed,2026-03-02T09:00:00,2026-03-19
101070,108.0,21,4,2026-06-11,completed,2026-06-14T13:00:00,2026-06-11
101071,405.0,5,3,2026-01-21,cancelled,2026-05-01T23:00:00,2026-01-21
101072,212.0,43,4,2026-01-26,completed,2026-06-28T08:00:00,2026-01-26
101073,260.0,9,3,2026-04-18,refunded,2026-05-21T23:00:00,2026-04-18
101074,168.0,59,1,2026-01-14,completed,2026-06-11T14:00:00,2026-01-14
101075,406.0,83,2,2026-01-01,cancelled,2026-02-21T20:00:00,2026-01-01
101076,157.0,41,5,2026-01-22,completed,2026-02-10T07:00:00,2026-01-22
101077,265.0,92,2,2026-06-02,cancelled,2026-03-23T14:00:00,2026-06-02
101078,245.0,95,2,2026-03-08,completed,2026-06-25T18:00:00,2026-03-08
101079,424.0,42,3,2026-02-20,completed,2026-04-17T11:00:00,2026-02-20
101080,94.0,51,4,2026-05-27,completed,2026-01-06T00:00:00,2026-05-27
101081,473.0,72,5,2026-06-10,completed,2026-01-23T14:00:00,2026-06-10
101082,102.0,34,2,2026-01-13,cancelled,2026-06-08T13:00:00,2026-01-13
101083,308.0,34,2,2026-01-23,completed,2026-02-13T18:00:00,2026-01-23
101084,61.0,2,5,2026-04-22,cancelled,2026-06-22T15:00:00,2026-04-22
101085,61.0,29,2,2026-02-18,completed,2026-03-15T23:00:00,2026-02-18
101086,254.0,49,2,2026-04-21,completed,2026-06-03T06:00:00,2026-04-21
101087,422.0,37,2,2026-04-18,completed,2026-04-15T04:00:00,2026-04-18
101088,15.0,38,3,2026-03-02,refunded,2026-04-26T07:00:00,2026-03-02
101089,190.0,75,4,2026-01-22,completed,2026-05-01T04:00:00,2026-01-22
101090,447.0,42,4,2026-06-25,completed,2026-04-09T22:00:00,2026-06-25
101091,217.0,95,5,2026-03-07,completed,2026-01-25T17:00:00,2026-03-07
101092,31.0,7,3,2026-03-02,cancelled,2026-04-01T19:00:00,2026-03-02
101093,481.0,86,5,2026-01-12,completed,2026-03-06T16:00:00,2026-01-12
101094,318.0,49,3,2026-04-12,completed,2026-02-03T17:00:00,2026-04-12
101095,22.0,75,2,2026-03-08,completed,2026-05-09T15:00:00,2026-03-08
101096,477.0,44,4,2026-02-03,completed,2026-03-23T22:00:00,2026-02-03
101097,272.0,56,2,2026-03-08,completed,2026-03-22T01:00:00,2026-03-08
101098,66.0,64,3,2026-04-03,cancelled,2026-03-14T08:00:00,2026-04-03
101099,314.0,98,3,2026-05-13,completed,2026-04-22T05:00:00,2026-05-13
101100,162.0,95,4,2026-02-08,refunded,2026-06-18T20:00:00,2026-02-08
101101,409.0,57,1,2026-02-18,completed,2026-01-14T07:00:00,2026-02-18
101102,94.0,5,4,2026-03-08,completed,2026-06-30T14:00:00,2026-03-08
101103,224.0,15,4,2026-01-11,cancelled,2026-04-02T22:00:00,2026-01-11
101104,288.0,63,4,2026-05-07,completed,2026-02-07T03:00:00,2026-05-07
101105,179.0,12,2,2026-03-14,completed,2026-02-13T23:00:00,2026-03-14
101106,261.0,35,5,2026-06-19,refunded,2026-02-24T18:00:00,2026-06-19
101107,498.0,1,5,2026-05-27,completed,2026-04-17T02:00:00,2026-05-27
101108,127.0,99,4,2026-06-23,completed,2026-03-26T00:00:00,2026-06-23
101109,146.0,88,1,2026-04-11,completed,2026-06-01T03:00:00,2026-04-11
101110,429.0,42,2,2026-01-08,completed,2026-04-28T22:00:00,2026-01-08
101111,338.0,62,4,2026-06-10,completed,2026-06-02T21:00:00,2026-06-10
101112,3.0,43,1,2026-06-17,refunded,2026-04-26T10:00:00,2026-06-17
101113,486.0,94,5,2026-02-03,completed,2026-01-13T20:00:00,2026-02-03
101114,145.0,42,1,2026-01-19,refunded,2026-06-04T12:00:00,2026-01-19
101115,48.0,52,3,2026-02-15,completed,2026-04-13T02:00:00,2026-02-15
101116,11.0,27,2,2026-04-10,cancelled,2026-03-14T20:00:00,2026-04-10
101117,386.0,84,2,2026-01-31,completed,2026-05-06T13:00:00,2026-01-31
101118,377.0,40,5,2026-02-03,completed,2026-06-20T03:00:00,2026-02-03
101119,427.0,48,5,2026-02-21,cancelled,2026-04-25T12:00:00,2026-02-21
101120,244.0,35,5,2026-06-03,cancelled,2026-01-24T13:00:00,2026-06-03
101121,416.0,48,5,2026-02-17,cancelled,2026-06-11T13:00:00,2026-02-17
101122,48.0,6,5,2026-03-29,cancelled,2026-06-23T07:00:00,2026-03-29
101123,332.0,88,2,2026-05-07,refunded,2026-06-11T20:00:00,2026-05-07
101124,269.0,11,3,2026-04-30,cancelled,2026-01-21T15:00:00,2026-04-30
101125,154.0,20,2,2026-06-25,completed,2026-03-05T16:00:00,2026-06-25
101126,219.0,38,5,2026-01-13,refunded,2026-01-20T01:00:00,2026-01-13
101127,263.0,14,5,2026-04-19,cancelled,2026-01-25T14:00:00,2026-04-19
101128,339.0,93,5,2026-03-06,completed,2026-03-07T18:00:00,2026-03-06
101129,42.0,99,5,2026-01-05,completed,2026-06-19T14:00:00,2026-01-05
101130,92.0,24,4,2026-01-12,completed,2026-04-17T22:00:00,2026-01-12
101131,153.0,41,5,2026-04-27,cancelled,2026-06-09T08:00:00,2026-04-27
101132,175.0,24,2,2026-02-17,completed,2026-06-04T08:00:00,2026-02-17
101133,447.0,87,1,2026-04-22,refunded,2026-01-05T00:00:00,2026-04-22
101134,203.0,15,1,2026-02-13,cancelled,2026-04-28T22:00:00,2026-02-13
101135,208.0,85,5,2026-05-05,completed,2026-06-08T19:00:00,2026-05-05
101136,185.0,89,4,2026-03-19,completed,2026-02-02T04:00:00,2026-03-19
101137,8.0,25,1,2026-01-05,completed,2026-01-07T06:00:00,2026-01-05
101138,247.0,84,2,2026-06-16,completed,2026-04-22T20:00:00,2026-06-16
101139,440.0,69,2,2026-01-23,completed,2026-04-29T04:00:00,2026-01-23
101140,243.0,55,1,2026-01-30,completed,2026-02-09T23:00:00,2026-01-30
101141,360.0,57,4,2026-05-01,completed,2026-04-26T18:00:00,2026-05-01
101142,125.0,26,3,2026-05-26,cancelled,2026-01-14T10:00:00,2026-05-26
101143,5.0,14,4,2026-04-17,cancelled,2026-05-29T19:00:00,2026-04-17
101144,375.0,71,3,2026-01-10,cancelled,2026-04-13T15:00:00,2026-01-10
101145,263.0,76,5,2026-06-23,cancelled,2026-03-01T22:00:00,2026-06-23
101146,32.0,68,1,2026-04-19,refunded,2026-03-22T17:00:00,2026-04-19
101147,33.0,35,4,2026-05-02,completed,2026-05-07T19:00:00,2026-05-02
101148,481.0,83,3,2026-04-25,cancelled,2026-01-06T05:00:00,2026-04-25
101149,148.0,93,2,2026-05-01,completed,2026-04-23T07:00:00,2026-05-01
101150,260.0,29,5,2026-06-25,completed,2026-06-04T22:00:00,2026-06-25
101151,337.0,60,2,2026-03-17,cancelled,2026-04-17T21:00:00,2026-03-17
101152,335.0,95,3,2026-05-01,completed,2026-06-09T06:00:00,2026-05-01
101153,145.0,89,1,2026-06-20,cancelled,2026-02-03T05:00:00,2026-06-20
101154,103.0,21,5,2026-05-06,completed,2026-04-17T15:00:00,2026-05-06
101155,156.0,31,2,2026-05-23,completed,2026-01-05T11:00:00,2026-05-23
101156,452.0,34,3,2026-06-23,completed,2026-02-14T16:00:00,2026-06-23
101157,17.0,9,3,2026-04-21,completed,2026-06-08T07:00:00,2026-04-21
101158,62.0,72,2,2026-05-05,completed,2026-03-29T11:00:00,2026-05-05
101159,394.0,6,5,2026-03-10,completed,2026-06-26T16:00:00,2026-03-10
101160,310.0,86,1,2026-06-30,completed,2026-04-23T14:00:00,2026-06-30
101161,493.0,97,1,2026-01-28,refunded,2026-06-06T03:00:00,2026-01-28
101162,422.0,72,1,2026-05-10,completed,2026-02-12T20:00:00,2026-05-10
101163,61.0,27,3,2026-02-10,completed,2026-04-24T16:00:00,2026-02-10
101164,256.0,94,1,2026-02-09,completed,2026-03-27T04:00:00,2026-02-09
101165,63.0,26,4,2026-04-17,completed,2026-03-04T15:00:00,2026-04-17
101166,175.0,37,5,2026-02-13,completed,2026-03-10T11:00:00,2026-02-13
101167,367.0,97,4,2026-04-03,completed,2026-02-08T16:00:00,2026-04-03
101168,216.0,30,2,2026-04-20,cancelled,2026-04-15T14:00:00,2026-04-20
101169,488.0,67,3,2026-01-08,cancelled,2026-02-07T00:00:00,2026-01-08
101170,368.0,67,1,2026-01-22,completed,2026-03-22T12:00:00,2026-01-22
101171,396.0,22,4,2026-01-16,cancelled,2026-01-10T21:00:00,2026-01-16
101172,473.0,83,2,2026-05-28,completed,2026-06-11T22:00:00,2026-05-28
101173,410.0,85,5,2026-03-17,cancelled,2026-04-13T21:00:00,2026-03-17
101174,359.0,71,3,2026-03-22,completed,2026-01-03T08:00:00,2026-03-22
101175,461.0,68,5,2026-02-07,cancelled,2026-04-25T20:00:00,2026-02-07
101176,106.0,70,5,2026-06-08,cancelled,2026-06-28T11:00:00,2026-06-08
101177,455.0,84,4,2026-02-20,completed,2026-01-22T01:00:00,2026-02-20
101178,276.0,43,4,2026-02-02,refunded,2026-05-19T09:00:00,2026-02-02
101179,110.0,12,5,2026-05-22,completed,2026-05-14T10:00:00,2026-05-22
101180,388.0,82,2,2026-01-06,completed,2026-05-19T18:00:00,2026-01-06
101181,133.0,31,3,2026-04-19,refunded,2026-01-29T23:00:00,2026-04-19
101182,31.0,48,3,2026-06-10,refunded,2026-04-01T03:00:00,2026-06-10
101183,25.0,97,1,2026-04-25,completed,2026-05-27T23:00:00,2026-04-25
101184,3.0,59,3,2026-03-02,refunded,2026-05-25T22:00:00,2026-03-02
101185,458.0,81,5,2026-06-02,completed,2026-03-31T09:00:00,2026-06-02
101186,146.0,86,5,2026-06-22,completed,2026-04-07T16:00:00,2026-06-22
101187,378.0,32,1,2026-03-25,refunded,2026-05-30T06:00:00,2026-03-25
101188,422.0,100,3,2026-04-27,completed,2026-02-07T22:00:00,2026-04-27
101189,218.0,53,1,2026-01-24,completed,2026-04-19T04:00:00,2026-01-24
101190,244.0,28,4,2026-01-20,completed,2026-06-23T16:00:00,2026-01-20
101191,207.0,76,5,2026-05-13,cancelled,2026-03-09T18:00:00,2026-05-13
101192,256.0,82,4,2026-04-23,cancelled,2026-04-17T05:00:00,2026-04-23
101193,74.0,65,2,2026-05-05,cancelled,2026-02-03T22:00:00,2026-05-05
101194,263.0,68,1,2026-06-27,completed,2026-04-27T15:00:00,2026-06-27
101195,17.0,96,2,2026-05-24,completed,2026-01-31T19:00:00,2026-05-24
101196,437.0,53,1,2026-01-31,completed,2026-05-27T09:00:00,2026-01-31
101197,21.0,67,2,2026-01-31,completed,2026-03-20T11:00:00,2026-01-31
101198,156.0,38,4,2026-01-08,completed,2026-02-06T18:00:00,2026-01-08
101199,216.0,7,3,2026-03-14,completed,2026-02-16T23:00:00,2026-03-14
101200,251.0,1,1,2026-05-21,completed,2026-01-18T01:00:00,2026-05-21
101201,214.0,62,5,2026-03-21,refunded,2026-04-26T10:00:00,2026-03-21
101202,401.0,49,4,2026-06-05,completed,2026-02-05T16:00:00,2026-06-05
101203,326.0,59,4,2026-06-20,cancelled,2026-02-08T23:00:00,2026-06-20
101204,167.0,12,5,2026-06-20,refunded,2026-04-15T12:00:00,2026-06-20
101205,120.0,51,3,2026-05-19,completed,2026-06-21T14:00:00,2026-05-19
101206,377.0,36,1,2026-02-12,completed,2026-05-27T20:00:00,2026-02-12
101207,408.0,99,3,2026-05-24,completed,2026-06-14T17:00:00,2026-05-24
101208,44.0,25,5,2026-05-19,refunded,2026-01-14T18:00:00,2026-05-19
101209,268.0,25,4,2026-05-09,completed,2026-01-31T21:00:00,2026-05-09
101210,480.0,69,2,2026-01-05,completed,2026-02-22T07:00:00,2026-01-05
101211,425.0,91,5,2026-04-24,completed,2026-05-17T19:00:00,2026-04-24
101212,165.0,52,5,2026-01-12,cancelled,2026-01-06T10:00:00,2026-01-12
101213,224.0,24,4,2026-01-07,refunded,2026-03-23T12:00:00,2026-01-07
101214,132.0,12,1,2026-01-26,refunded,2026-02-13T09:00:00,2026-01-26
101215,74.0,24,3,2026-01-23,completed,2026-03-20T13:00:00,2026-01-23
101216,348.0,22,1,2026-06-07,completed,2026-02-16T00:00:00,2026-06-07
101217,366.0,8,3,2026-04-10,completed,2026-03-23T04:00:00,2026-04-10
101218,212.0,42,3,2026-04-07,completed,2026-01-14T06:00:00,2026-04-07
101219,123.0,97,5,2026-05-31,completed,2026-05-07T16:00:00,2026-05-31
101220,386.0,65,4,2026-01-30,completed,2026-01-16T10:00:00,2026-01-30
101221,238.0,71,4,2026-01-17,cancelled,2026-01-08T13:00:00,2026-01-17
101222,325.0,30,1,2026-03-10,refunded,2026-05-31T21:00:00,2026-03-10
101223,52.0,32,5,2026-06-16,completed,2026-03-19T18:00:00,2026-06-16
101224,209.0,58,1,2026-06-12,refunded,2026-02-22T04:00:00,2026-06-12
101225,192.0,70,2,2026-03-04,refunded,2026-04-19T17:00:00,2026-03-04
101226,232.0,6,1,2026-04-29,refunded,2026-03-16T20:00:00,2026-04-29
101227,498.0,22,1,2026-01-16,cancelled,2026-03-11T19:00:00,2026-01-16
101228,129.0,88,4,2026-03-31,completed,2026-05-30T16:00:00,2026-03-31
101229,145.0,6,2,2026-05-17,refunded,2026-01-18T09:00:00,2026-05-17
101230,46.0,51,1,2026-02-05,refunded,2026-03-13T13:00:00,2026-02-05
101231,108.0,79,5,2026-03-23,completed,2026-06-12T08:00:00,2026-03-23
101232,386.0,91,4,2026-03-11,completed,2026-06-19T10:00:00,2026-03-11
101233,175.0,27,4,2026-06-03,completed,2026-01-05T22:00:00,2026-06-03
101234,69.0,83,1,2026-06-05,cancelled,2026-01-02T00:00:00,2026-06-05
101235,345.0,23,4,2026-05-23,cancelled,2026-04-11T17:00:00,2026-05-23
101236,42.0,84,1,2026-05-18,completed,2026-06-21T14:00:00,2026-05-18
101237,345.0,16,3,2026-04-07,refunded,2026-04-02T12:00:00,2026-04-07
101238,91.0,99,1,2026-02-01,cancelled,2026-04-05T06:00:00,2026-02-01
101239,228.0,2,2,2026-01-06,completed,2026-06-24T22:00:00,2026-01-06
101240,184.0,25,1,2026-06-07,completed,2026-02-26T07:00:00,2026-06-07
101241,253.0,47,1,2026-03-13,cancelled,2026-06-30T22:00:00,2026-03-13
101242,311.0,27,1,2026-02-20,cancelled,2026-01-29T08:00:00,2026-02-20
101243,292.0,65,4,2026-02-13,refunded,2026-02-19T21:00:00,2026-02-13
101244,379.0,73,5,2026-05-25,completed,2026-01-17T18:00:00,2026-05-25
101245,66.0,96,1,2026-02-02,completed,2026-05-26T07:00:00,2026-02-02
101246,452.0,67,3,2026-02-19,completed,2026-06-27T21:00:00,2026-02-19
101247,273.0,79,3,2026-06-24,refunded,2026-04-27T00:00:00,2026-06-24
101248,481.0,55,1,2026-03-24,cancelled,2026-04-15T08:00:00,2026-03-24
101249,63.0,88,5,2026-04-30,cancelled,2026-04-03T16:00:00,2026-04-30
101250,389.0,6,2,2026-01-13,completed,2026-04-18T17:00:00,2026-01-13
101251,230.0,41,1,2026-04-11,completed,2026-03-27T02:00:00,2026-04-11
101252,451.0,74,1,2026-02-27,cancelled,2026-01-20T07:00:00,2026-02-27
101253,101.0,22,3,2026-03-21,completed,2026-06-10T20:00:00,2026-03-21
101254,50.0,4,4,2026-04-21,completed,2026-06-01T20:00:00,2026-04-21
101255,479.0,43,3,2026-03-05,completed,2026-05-02T07:00:00,2026-03-05
101256,491.0,44,1,2026-03-27,refunded,2026-03-02T02:00:00,2026-03-27
101257,398.0,77,5,2026-04-23,completed,2026-06-10T14:00:00,2026-04-23
101258,297.0,16,1,2026-01-16,completed,2026-04-07T10:00:00,2026-01-16
101259,456.0,89,1,2026-02-02,completed,2026-04-24T01:00:00,2026-02-02
101260,155.0,79,4,2026-01-17,completed,2026-06-23T01:00:00,2026-01-17
101261,287.0,7,3,2026-04-08,cancelled,2026-01-25T19:00:00,2026-04-08
101262,386.0,53,2,2026-06-03,refunded,2026-01-03T14:00:00,2026-06-03
101263,197.0,60,4,2026-06-08,refunded,2026-01-26T10:00:00,2026-06-08
101264,334.0,87,1,2026-04-27,refunded,2026-03-26T18:00:00,2026-04-27
101265,99.0,14,1,2026-01-04,refunded,2026-01-18T18:00:00,2026-01-04
101266,405.0,25,5,2026-02-02,refunded,2026-03-07T11:00:00,2026-02-02
101267,216.0,62,5,2026-04-24,completed,2026-03-04T04:00:00,2026-04-24
101268,409.0,6,1,2026-02-02,completed,2026-05-30T13:00:00,2026-02-02
101269,263.0,84,3,2026-03-21,refunded,2026-05-19T04:00:00,2026-03-21
101270,76.0,61,3,2026-06-04,completed,2026-03-16T11:00:00,2026-06-04
101271,497.0,2,5,2026-05-31,completed,2026-01-15T07:00:00,2026-05-31
101272,260.0,72,1,2026-04-19,completed,2026-02-20T06:00:00,2026-04-19
101273,328.0,26,1,2026-03-29,completed,2026-06-20T15:00:00,2026-03-29
101274,356.0,89,4,2026-06-03,completed,2026-05-29T18:00:00,2026-06-03
101275,494.0,43,5,2026-03-18,cancelled,2026-03-26T05:00:00,2026-03-18
101276,54.0,59,1,2026-05-07,completed,2026-01-01T20:00:00,2026-05-07
101277,115.0,89,2,2026-04-30,refunded,2026-02-24T07:00:00,2026-04-30
101278,247.0,95,3,2026-04-07,completed,2026-04-13T05:00:00,2026-04-07
101279,423.0,1,3,2026-01-03,completed,2026-04-02T00:00:00,2026-01-03
101280,285.0,15,2,2026-03-16,cancelled,2026-02-19T20:00:00,2026-03-16
101281,300.0,98,3,2026-01-12,completed,2026-02-20T06:00:00,2026-01-12
101282,146.0,23,2,2026-03-09,completed,2026-03-28T17:00:00,2026-03-09
101283,126.0,23,2,2026-01-06,completed,2026-03-09T03:00:00,2026-01-06
101284,11.0,87,2,2026-04-08,completed,2026-03-28T06:00:00,2026-04-08
101285,157.0,59,2,2026-04-05,completed,2026-06-19T05:00:00,2026-04-05
101286,482.0,68,5,2026-04-22,completed,2026-01-31T04:00:00,2026-04-22
101287,452.0,17,2,2026-02-19,refunded,2026-04-07T22:00:00,2026-02-19
101288,192.0,41,5,2026-04-20,completed,2026-01-12T19:00:00,2026-04-20
101289,301.0,25,5,2026-03-17,completed,2026-03-25T07:00:00,2026-03-17
101290,28.0,81,3,2026-02-02,refunded,2026-05-30T15:00:00,2026-02-02
101291,108.0,94,1,2026-05-01,refunded,2026-01-17T05:00:00,2026-05-01
101292,261.0,50,5,2026-04-06,cancelled,2026-05-13T14:00:00,2026-04-06
101293,92.0,42,3,2026-05-15,cancelled,2026-05-07T15:00:00,2026-05-15
101294,138.0,75,4,2026-06-13,refunded,2026-06-16T01:00:00,2026-06-13
101295,107.0,29,2,2026-04-26,completed,2026-04-12T06:00:00,2026-04-26
101296,157.0,55,4,2026-05-27,completed,2026-04-06T08:00:00,2026-05-27
101297,282.0,11,2,2026-01-22,completed,2026-04-24T16:00:00,2026-01-22
101298,181.0,30,5,2026-01-11,cancelled,2026-05-12T19:00:00,2026-01-11
101299,173.0,55,4,2026-04-30,cancelled,2026-04-15T11:00:00,2026-04-30
101300,412.0,64,3,2026-03-11,cancelled,2026-01-07T05:00:00,2026-03-11
101301,227.0,30,3,2026-06-15,completed,2026-04-02T02:00:00,2026-06-15
101302,151.0,65,5,2026-05-20,completed,2026-03-12T07:00:00,2026-05-20
101303,51.0,16,1,2026-04-03,completed,2026-05-20T06:00:00,2026-04-03
101304,171.0,26,3,2026-03-06,completed,2026-06-24T08:00:00,2026-03-06
101305,98.0,91,5,2026-02-05,refunded,2026-03-08T00:00:00,2026-02-05
101306,395.0,39,3,2026-03-30,cancelled,2026-04-14T18:00:00,2026-03-30
101307,388.0,84,1,2026-05-01,refunded,2026-02-08T12:00:00,2026-05-01
101308,117.0,30,2,2026-05-02,completed,2026-05-13T18:00:00,2026-05-02
101309,403.0,71,4,2026-04-29,completed,2026-01-22T10:00:00,2026-04-29
101310,434.0,25,4,2026-06-28,cancelled,2026-02-23T14:00:00,2026-06-28
101311,231.0,72,1,2026-04-06,completed,2026-05-28T04:00:00,2026-04-06
101312,157.0,95,1,2026-05-08,completed,2026-03-28T07:00:00,2026-05-08
101313,215.0,55,4,2026-06-26,refunded,2026-03-18T10:00:00,2026-06-26
101314,301.0,3,5,2026-01-09,completed,2026-02-09T10:00:00,2026-01-09
101315,291.0,81,5,2026-06-05,refunded,2026-04-11T12:00:00,2026-06-05
101316,105.0,51,1,2026-05-17,cancelled,2026-02-18T15:00:00,2026-05-17
101317,56.0,43,5,2026-04-26,completed,2026-01-24T05:00:00,2026-04-26
101318,54.0,87,5,2026-02-15,completed,2026-06-26T19:00:00,2026-02-15
101319,251.0,4,2,2026-02-20,completed,2026-04-09T09:00:00,2026-02-20
101320,106.0,30,3,2026-06-18,refunded,2026-01-18T14:00:00,2026-06-18
101321,30.0,48,5,2026-01-03,completed,2026-03-25T13:00:00,2026-01-03
101322,201.0,21,1,2026-02-03,refunded,2026-04-18T15:00:00,2026-02-03
101323,381.0,9,4,2026-02-22,completed,2026-02-22T09:00:00,2026-02-22
101324,222.0,91,4,2026-02-10,refunded,2026-05-28T09:00:00,2026-02-10
101325,301.0,26,5,2026-06-25,cancelled,2026-03-12T06:00:00,2026-06-25
101326,4.0,19,4,2026-01-17,cancelled,2026-06-04T07:00:00,2026-01-17
101327,270.0,43,5,2026-05-06,cancelled,2026-04-29T18:00:00,2026-05-06
101328,21.0,95,1,2026-03-15,cancelled,2026-03-30T22:00:00,2026-03-15
101329,432.0,92,3,2026-04-11,refunded,2026-02-14T13:00:00,2026-04-11
101330,128.0,23,5,2026-04-21,cancelled,2026-04-09T21:00:00,2026-04-21
101331,94.0,90,5,2026-01-25,cancelled,2026-06-28T01:00:00,2026-01-25
101332,123.0,21,3,2026-06-10,refunded,2026-03-16T21:00:00,2026-06-10
101333,470.0,9,2,2026-05-07,cancelled,2026-05-22T03:00:00,2026-05-07
101334,189.0,10,1,2026-05-10,completed,2026-04-15T14:00:00,2026-05-10
101335,85.0,33,2,2026-05-10,completed,2026-04-29T00:00:00,2026-05-10
101336,38.0,82,4,2026-04-08,completed,2026-04-13T06:00:00,2026-04-08
101337,204.0,5,1,2026-03-06,completed,2026-02-04T10:00:00,2026-03-06
101338,344.0,96,4,2026-05-05,cancelled,2026-01-18T02:00:00,2026-05-05
101339,281.0,85,2,2026-04-23,completed,2026-05-01T08:00:00,2026-04-23
101340,431.0,21,2,2026-01-05,refunded,2026-01-26T05:00:00,2026-01-05
101341,151.0,16,5,2026-04-11,completed,2026-01-20T21:00:00,2026-04-11
101342,391.0,2,3,2026-02-09,cancelled,2026-04-02T05:00:00,2026-02-09
101343,111.0,92,1,2026-06-22,refunded,2026-02-25T14:00:00,2026-06-22
101344,357.0,7,5,2026-06-14,completed,2026-04-10T22:00:00,2026-06-14
101345,158.0,57,1,2026-06-03,completed,2026-01-13T12:00:00,2026-06-03
101346,393.0,26,2,2026-04-06,completed,2026-02-21T02:00:00,2026-04-06
101347,9.0,54,1,2026-01-04,completed,2026-02-19T21:00:00,2026-01-04
101348,343.0,9,2,2026-01-25,completed,2026-02-12T01:00:00,2026-01-25
101349,213.0,66,1,2026-03-25,completed,2026-05-24T20:00:00,2026-03-25
101350,98.0,80,2,2026-05-19,cancelled,2026-04-20T03:00:00,2026-05-19
101351,119.0,28,1,2026-04-02,completed,2026-02-14T00:00:00,2026-04-02
101352,206.0,84,3,2026-01-04,cancelled,2026-02-24T14:00:00,2026-01-04
101353,113.0,9,3,2026-06-16,refunded,2026-04-05T01:00:00,2026-06-16
101354,35.0,28,4,2026-03-19,refunded,2026-05-08T03:00:00,2026-03-19
101355,365.0,69,5,2026-02-13,completed,2026-01-25T19:00:00,2026-02-13
101356,167.0,81,4,2026-06-23,completed,2026-03-27T05:00:00,2026-06-23
101357,326.0,98,3,2026-06-20,cancelled,2026-01-18T10:00:00,2026-06-20
101358,10.0,78,5,2026-04-25,cancelled,2026-05-11T20:00:00,2026-04-25
101359,380.0,30,5,2026-05-31,completed,2026-03-01T00:00:00,2026-05-31
101360,316.0,98,1,2026-03-21,completed,2026-04-20T07:00:00,2026-03-21
101361,318.0,11,1,2026-02-05,completed,2026-05-08T09:00:00,2026-02-05
101362,104.0,20,4,2026-02-22,completed,2026-03-02T23:00:00,2026-02-22
101363,307.0,57,3,2026-02-04,completed,2026-03-23T20:00:00,2026-02-04
101364,403.0,98,1,2026-05-14,cancelled,2026-06-15T09:00:00,2026-05-14
101365,385.0,4,2,2026-03-26,completed,2026-03-04T06:00:00,2026-03-26
101366,277.0,7,2,2026-06-25,completed,2026-06-05T12:00:00,2026-06-25
101367,267.0,42,2,2026-04-24,completed,2026-01-17T15:00:00,2026-04-24
101368,36.0,25,1,2026-06-12,completed,2026-02-22T04:00:00,2026-06-12
101369,47.0,23,5,2026-05-21,completed,2026-03-02T16:00:00,2026-05-21
101370,41.0,55,4,2026-03-21,completed,2026-02-20T07:00:00,2026-03-21
101371,218.0,23,5,2026-03-05,completed,2026-03-15T18:00:00,2026-03-05
101372,230.0,82,2,2026-03-11,cancelled,2026-01-21T11:00:00,2026-03-11
101373,204.0,49,2,2026-05-01,cancelled,2026-04-19T16:00:00,2026-05-01
101374,313.0,95,4,2026-02-09,cancelled,2026-01-06T12:00:00,2026-02-09
101375,219.0,11,3,2026-06-02,refunded,2026-02-09T17:00:00,2026-06-02
101376,373.0,23,3,2026-04-08,cancelled,2026-03-20T14:00:00,2026-04-08
101377,146.0,49,5,2026-06-05,cancelled,2026-01-19T10:00:00,2026-06-05
101378,70.0,92,4,2026-02-20,completed,2026-02-18T00:00:00,2026-02-20
101379,7.0,65,3,2026-05-06,cancelled,2026-04-17T12:00:00,2026-05-06
101380,497.0,96,3,2026-04-09,cancelled,2026-03-20T20:00:00,2026-04-09
101381,302.0,10,4,2026-01-10,completed,2026-04-09T18:00:00,2026-01-10
101382,84.0,25,4,2026-03-07,completed,2026-05-11T22:00:00,2026-03-07
101383,251.0,82,3,2026-06-28,completed,2026-06-16T12:00:00,2026-06-28
101384,475.0,55,2,2026-03-04,cancelled,2026-01-09T11:00:00,2026-03-04
101385,324.0,91,1,2026-06-28,completed,2026-03-08T19:00:00,2026-06-28
101386,234.0,88,2,2026-03-07,completed,2026-06-04T18:00:00,2026-03-07
101387,488.0,85,2,2026-01-04,completed,2026-01-24T20:00:00,2026-01-04
101388,365.0,50,4,2026-06-30,refunded,2026-01-21T16:00:00,2026-06-30
101389,466.0,25,4,2026-02-12,cancelled,2026-03-06T22:00:00,2026-02-12
101390,155.0,65,5,2026-06-18,cancelled,2026-05-31T09:00:00,2026-06-18
101391,376.0,53,1,2026-01-28,refunded,2026-03-30T04:00:00,2026-01-28
101392,138.0,96,2,2026-04-12,completed,2026-01-02T05:00:00,2026-04-12
101393,418.0,63,1,2026-01-25,completed,2026-06-28T13:00:00,2026-01-25
101394,269.0,54,3,2026-04-21,completed,2026-02-15T11:00:00,2026-04-21
101395,96.0,91,2,2026-02-20,cancelled,2026-02-16T16:00:00,2026-02-20
101396,486.0,15,4,2026-05-26,completed,2026-02-17T06:00:00,2026-05-26
101397,31.0,96,2,2026-02-19,completed,2026-04-15T14:00:00,2026-02-19
101398,321.0,80,1,2026-06-12,completed,2026-01-21T09:00:00,2026-06-12
101399,44.0,49,1,2026-03-12,completed,2026-03-29T00:00:00,2026-03-12
101400,300.0,31,4,2026-05-05,completed,2026-01-03T01:00:00,2026-05-05
101401,137.0,97,1,2026-06-20,refunded,2026-01-11T03:00:00,2026-06-20
101402,109.0,67,1,2026-04-07,refunded,2026-05-14T08:00:00,2026-04-07
101403,478.0,63,4,2026-03-28,refunded,2026-04-20T10:00:00,2026-03-28
101404,190.0,88,3,2026-03-22,completed,2026-04-03T21:00:00,2026-03-22
101405,205.0,49,5,2026-01-15,completed,2026-03-26T03:00:00,2026-01-15
101406,2.0,59,4,2026-02-05,completed,2026-06-04T03:00:00,2026-02-05
101407,445.0,68,3,2026-06-29,completed,2026-04-05T14:00:00,2026-06-29
101408,317.0,88,4,2026-05-12,cancelled,2026-06-19T06:00:00,2026-05-12
101409,2.0,82,3,2026-01-05,completed,2026-01-12T23:00:00,2026-01-05
101410,167.0,87,4,2026-03-01,refunded,2026-05-05T12:00:00,2026-03-01
101411,379.0,79,1,2026-03-31,cancelled,2026-05-02T21:00:00,2026-03-31
101412,439.0,90,1,2026-04-09,completed,2026-06-05T06:00:00,2026-04-09
101413,365.0,19,5,2026-05-27,refunded,2026-01-09T04:00:00,2026-05-27
101414,255.0,12,3,2026-06-22,refunded,2026-04-30T05:00:00,2026-06-22
101415,459.0,58,1,2026-05-04,refunded,2026-03-03T07:00:00,2026-05-04
101416,109.0,22,1,2026-01-28,cancelled,2026-01-08T05:00:00,2026-01-28
101417,476.0,42,4,2026-03-13,completed,2026-03-07T21:00:00,2026-03-13
101418,244.0,86,1,2026-06-20,completed,2026-05-17T20:00:00,2026-06-20
101419,372.0,63,1,2026-06-27,completed,2026-02-27T18:00:00,2026-06-27
101420,393.0,77,1,2026-06-14,completed,2026-04-07T22:00:00,2026-06-14
101421,381.0,95,4,2026-06-17,refunded,2026-04-22T07:00:00,2026-06-17
101422,115.0,34,1,2026-03-16,completed,2026-01-29T02:00:00,2026-03-16
101423,175.0,95,5,2026-02-18,completed,2026-05-27T11:00:00,2026-02-18
101424,66.0,41,4,2026-05-28,completed,2026-03-21T01:00:00,2026-05-28
101425,303.0,69,2,2026-04-10,cancelled,2026-03-23T11:00:00,2026-04-10
101426,409.0,87,2,2026-05-14,refunded,2026-06-01T07:00:00,2026-05-14
101427,55.0,51,1,2026-05-18,cancelled,2026-03-22T04:00:00,2026-05-18
101428,418.0,38,2,2026-05-08,cancelled,2026-02-07T19:00:00,2026-05-08
101429,146.0,19,1,2026-06-03,completed,2026-03-21T16:00:00,2026-06-03
101430,353.0,16,3,2026-06-30,refunded,2026-05-03T20:00:00,2026-06-30
101431,425.0,28,4,2026-03-16,cancelled,2026-01-16T10:00:00,2026-03-16
101432,79.0,92,2,2026-02-27,completed,2026-02-15T15:00:00,2026-02-27
101433,373.0,51,3,2026-06-18,completed,2026-01-06T17:00:00,2026-06-18
101434,201.0,44,4,2026-06-23,cancelled,2026-03-31T12:00:00,2026-06-23
101435,201.0,10,5,2026-03-14,completed,2026-06-28T06:00:00,2026-03-14
101436,359.0,71,4,2026-01-25,completed,2026-03-24T18:00:00,2026-01-25
101437,444.0,7,3,2026-04-28,completed,2026-05-28T04:00:00,2026-04-28
101438,227.0,90,4,2026-03-16,completed,2026-02-23T06:00:00,2026-03-16
101439,412.0,96,2,2026-06-16,completed,2026-04-03T23:00:00,2026-06-16
101440,439.0,74,1,2026-06-23,completed,2026-04-07T13:00:00,2026-06-23
101441,348.0,22,1,2026-01-25,completed,2026-05-02T05:00:00,2026-01-25
101442,484.0,7,1,2026-05-12,completed,2026-06-01T13:00:00,2026-05-12
101443,497.0,20,4,2026-03-04,completed,2026-01-31T07:00:00,2026-03-04
101444,204.0,63,3,2026-06-26,refunded,2026-02-14T20:00:00,2026-06-26
101445,382.0,49,1,2026-04-29,cancelled,2026-03-12T20:00:00,2026-04-29
101446,335.0,57,3,2026-01-03,completed,2026-01-30T02:00:00,2026-01-03
101447,63.0,63,5,2026-02-27,completed,2026-05-31T18:00:00,2026-02-27
101448,294.0,62,3,2026-06-27,completed,2026-06-01T05:00:00,2026-06-27
101449,197.0,62,4,2026-03-18,refunded,2026-02-02T03:00:00,2026-03-18
101450,167.0,9,5,2026-02-17,cancelled,2026-06-29T00:00:00,2026-02-17
101451,202.0,72,5,2026-05-16,cancelled,2026-01-17T16:00:00,2026-05-16
101452,429.0,75,5,2026-06-16,completed,2026-02-23T21:00:00,2026-06-16
101453,460.0,16,2,2026-06-03,completed,2026-01-02T17:00:00,2026-06-03
101454,229.0,41,1,2026-01-11,completed,2026-05-28T06:00:00,2026-01-11
101455,335.0,21,1,2026-05-24,completed,2026-01-09T02:00:00,2026-05-24
101456,64.0,65,3,2026-04-04,refunded,2026-02-13T13:00:00,2026-04-04
101457,484.0,85,1,2026-03-05,completed,2026-01-12T16:00:00,2026-03-05
101458,464.0,38,5,2026-04-24,completed,2026-05-28T15:00:00,2026-04-24
101459,356.0,41,5,2026-04-01,refunded,2026-05-18T16:00:00,2026-04-01
101460,108.0,89,1,2026-06-19,completed,2026-03-02T01:00:00,2026-06-19
101461,97.0,19,3,2026-02-25,completed,2026-06-04T17:00:00,2026-02-25
101462,111.0,76,3,2026-03-13,completed,2026-06-09T13:00:00,2026-03-13
101463,39.0,71,3,2026-03-08,cancelled,2026-06-16T05:00:00,2026-03-08
101464,205.0,59,1,2026-03-07,cancelled,2026-06-27T04:00:00,2026-03-07
101465,275.0,27,1,2026-06-11,completed,2026-06-12T22:00:00,2026-06-11
101466,331.0,25,3,2026-05-25,refunded,2026-06-04T05:00:00,2026-05-25
101467,215.0,20,3,2026-04-22,cancelled,2026-01-07T19:00:00,2026-04-22
101468,127.0,10,3,2026-02-01,refunded,2026-01-29T21:00:00,2026-02-01
101469,281.0,53,1,2026-03-26,completed,2026-04-03T10:00:00,2026-03-26
101470,399.0,35,2,2026-02-27,completed,2026-01-03T03:00:00,2026-02-27
101471,194.0,29,4,2026-01-27,completed,2026-02-14T16:00:00,2026-01-27
101472,373.0,40,5,2026-05-06,completed,2026-05-16T11:00:00,2026-05-06
101473,359.0,74,3,2026-05-22,completed,2026-06-05T03:00:00,2026-05-22
101474,460.0,7,2,2026-03-23,cancelled,2026-02-16T11:00:00,2026-03-23
101475,413.0,95,5,2026-05-22,refunded,2026-04-14T15:00:00,2026-05-22
101476,304.0,17,3,2026-01-03,refunded,2026-02-09T21:00:00,2026-01-03
101477,65.0,19,4,2026-05-26,completed,2026-01-14T23:00:00,2026-05-26
101478,328.0,48,2,2026-06-23,refunded,2026-04-18T22:00:00,2026-06-23
101479,235.0,24,4,2026-04-01,cancelled,2026-05-09T09:00:00,2026-04-01
101480,142.0,55,5,2026-02-28,completed,2026-06-12T02:00:00,2026-02-28
101481,486.0,40,4,2026-03-22,completed,2026-06-12T02:00:00,2026-03-22
101482,40.0,94,2,2026-01-24,completed,2026-05-28T01:00:00,2026-01-24
101483,44.0,96,3,2026-05-22,cancelled,2026-01-03T13:00:00,2026-05-22
101484,347.0,66,2,2026-05-03,cancelled,2026-05-12T21:00:00,2026-05-03
101485,347.0,69,1,2026-04-14,completed,2026-06-07T06:00:00,2026-04-14
101486,467.0,96,1,2026-04-19,refunded,2026-03-30T07:00:00,2026-04-19
101487,379.0,85,5,2026-06-25,refunded,2026-01-11T19:00:00,2026-06-25
101488,230.0,22,5,2026-02-27,completed,2026-01-20T11:00:00,2026-02-27
101489,430.0,18,5,2026-04-01,completed,2026-04-19T15:00:00,2026-04-01
101490,195.0,22,3,2026-01-29,completed,2026-06-23T07:00:00,2026-01-29
101491,426.0,70,1,2026-03-16,completed,2026-05-04T09:00:00,2026-03-16
101492,136.0,28,1,2026-06-11,refunded,2026-04-11T06:00:00,2026-06-11
101493,473.0,40,5,2026-01-10,cancelled,2026-06-08T15:00:00,2026-01-10
101494,30.0,46,1,2026-06-07,cancelled,2026-03-26T09:00:00,2026-06-07
101495,182.0,14,1,2026-03-31,completed,2026-04-13T11:00:00,2026-03-31
101496,5.0,13,4,2026-05-06,completed,2026-01-22T16:00:00,2026-05-06
101497,264.0,20,4,2026-02-01,cancelled,2026-01-02T04:00:00,2026-02-01
101498,394.0,85,3,2026-02-27,cancelled,2026-04-12T11:00:00,2026-02-27
101499,154.0,47,4,2026-02-16,refunded,2026-03-10T03:00:00,2026-02-16
101500,225.0,85,4,2026-02-11,completed,2026-04-01T23:00:00,2026-02-11
101501,223.0,1,3,2026-02-20,completed,2026-02-18T09:00:00,2026-02-20
101502,21.0,18,4,2026-04-18,completed,2026-01-09T05:00:00,2026-04-18
101503,342.0,26,4,2026-06-20,completed,2026-01-31T13:00:00,2026-06-20
101504,251.0,71,4,2026-06-24,completed,2026-03-25T12:00:00,2026-06-24
101505,257.0,93,4,2026-02-03,completed,2026-01-28T00:00:00,2026-02-03
101506,65.0,20,3,2026-05-09,completed,2026-06-25T07:00:00,2026-05-09
101507,27.0,87,3,2026-04-20,refunded,2026-01-03T13:00:00,2026-04-20
101508,246.0,38,3,2026-05-05,completed,2026-04-20T07:00:00,2026-05-05
101509,317.0,20,5,2026-02-17,completed,2026-03-13T03:00:00,2026-02-17
101510,443.0,34,2,2026-06-20,cancelled,2026-02-20T15:00:00,2026-06-20
101511,362.0,14,5,2026-06-06,completed,2026-02-18T18:00:00,2026-06-06
101512,323.0,82,2,2026-02-28,completed,2026-02-03T12:00:00,2026-02-28
101513,20.0,36,2,2026-02-07,cancelled,2026-01-05T19:00:00,2026-02-07
101514,103.0,12,1,2026-04-08,cancelled,2026-05-15T09:00:00,2026-04-08
101515,359.0,82,2,2026-02-26,completed,2026-04-20T15:00:00,2026-02-26
101516,32.0,66,4,2026-06-14,completed,2026-03-19T03:00:00,2026-06-14
101517,138.0,47,3,2026-03-31,cancelled,2026-03-05T10:00:00,2026-03-31
101518,459.0,7,2,2026-01-11,completed,2026-01-14T21:00:00,2026-01-11
101519,382.0,42,2,2026-03-15,cancelled,2026-03-13T19:00:00,2026-03-15
101520,52.0,56,2,2026-03-06,cancelled,2026-04-04T10:00:00,2026-03-06
101521,156.0,15,1,2026-06-21,completed,2026-06-24T17:00:00,2026-06-21
101522,395.0,17,3,2026-04-03,completed,2026-05-31T16:00:00,2026-04-03
101523,310.0,48,2,2026-06-16,completed,2026-02-23T18:00:00,2026-06-16
101524,197.0,12,1,2026-02-03,refunded,2026-01-31T01:00:00,2026-02-03
101525,301.0,84,2,2026-02-19,cancelled,2026-01-26T02:00:00,2026-02-19
101526,483.0,70,5,2026-03-29,completed,2026-05-02T06:00:00,2026-03-29
101527,274.0,93,2,2026-01-12,completed,2026-02-19T13:00:00,2026-01-12
101528,282.0,92,3,2026-05-24,completed,2026-04-04T14:00:00,2026-05-24
101529,323.0,92,1,2026-04-22,completed,2026-05-04T13:00:00,2026-04-22
101530,269.0,65,1,2026-02-12,refunded,2026-03-12T22:00:00,2026-02-12
101531,496.0,17,3,2026-01-12,refunded,2026-01-16T22:00:00,2026-01-12
101532,98.0,95,4,2026-05-07,refunded,2026-05-12T02:00:00,2026-05-07
101533,85.0,57,5,2026-04-09,refunded,2026-04-10T12:00:00,2026-04-09
101534,311.0,35,2,2026-02-17,completed,2026-02-10T18:00:00,2026-02-17
101535,112.0,76,1,2026-05-12,cancelled,2026-05-09T22:00:00,2026-05-12
101536,369.0,68,3,2026-03-19,completed,2026-03-17T22:00:00,2026-03-19
101537,138.0,71,1,2026-02-13,completed,2026-01-12T17:00:00,2026-02-13
101538,122.0,38,1,2026-06-13,completed,2026-03-13T04:00:00,2026-06-13
101539,139.0,7,2,2026-02-23,refunded,2026-01-30T00:00:00,2026-02-23
101540,333.0,45,5,2026-04-05,completed,2026-01-22T22:00:00,2026-04-05
101541,453.0,71,3,2026-02-04,cancelled,2026-06-06T09:00:00,2026-02-04
101542,167.0,8,1,2026-04-02,completed,2026-03-13T05:00:00,2026-04-02
101543,132.0,3,5,2026-06-18,refunded,2026-01-28T23:00:00,2026-06-18
101544,382.0,89,4,2026-06-17,completed,2026-06-10T20:00:00,2026-06-17
101545,310.0,71,2,2026-04-24,completed,2026-03-25T08:00:00,2026-04-24
101546,105.0,75,4,2026-02-09,cancelled,2026-03-01T23:00:00,2026-02-09
101547,372.0,56,3,2026-02-07,cancelled,2026-01-24T15:00:00,2026-02-07
101548,93.0,59,2,2026-02-15,completed,2026-05-26T15:00:00,2026-02-15
101549,483.0,94,2,2026-06-15,completed,2026-01-06T09:00:00,2026-06-15
101550,84.0,23,4,2026-06-25,refunded,2026-02-18T02:00:00,2026-06-25
101551,74.0,10,4,2026-03-04,cancelled,2026-06-15T12:00:00,2026-03-04
101552,52.0,93,5,2026-02-05,completed,2026-06-04T03:00:00,2026-02-05
101553,194.0,50,1,2026-01-29,completed,2026-06-14T01:00:00,2026-01-29
101554,68.0,32,1,2026-03-10,completed,2026-06-10T19:00:00,2026-03-10
101555,7.0,2,1,2026-05-19,completed,2026-01-22T06:00:00,2026-05-19
101556,72.0,62,5,2026-04-24,completed,2026-03-20T10:00:00,2026-04-24
101557,246.0,20,2,2026-01-15,refunded,2026-06-27T08:00:00,2026-01-15
101558,322.0,70,1,2026-01-06,completed,2026-01-27T17:00:00,2026-01-06
101559,152.0,14,5,2026-04-17,completed,2026-01-01T07:00:00,2026-04-17
101560,13.0,30,4,2026-04-09,completed,2026-04-01T20:00:00,2026-04-09
101561,147.0,29,4,2026-06-25,completed,2026-05-06T05:00:00,2026-06-25
101562,57.0,29,1,2026-03-14,completed,2026-01-20T19:00:00,2026-03-14
101563,171.0,16,3,2026-01-22,completed,2026-06-04T04:00:00,2026-01-22
101564,92.0,55,5,2026-03-27,refunded,2026-02-16T21:00:00,2026-03-27
101565,218.0,20,3,2026-06-09,completed,2026-03-31T03:00:00,2026-06-09
101566,139.0,64,3,2026-03-09,completed,2026-01-01T04:00:00,2026-03-09
101567,399.0,84,2,2026-03-23,completed,2026-04-10T14:00:00,2026-03-23
101568,370.0,62,1,2026-01-29,refunded,2026-04-20T23:00:00,2026-01-29
101569,143.0,19,1,2026-03-24,completed,2026-02-16T12:00:00,2026-03-24
101570,181.0,41,4,2026-04-19,cancelled,2026-06-27T13:00:00,2026-04-19
101571,309.0,82,3,2026-02-05,completed,2026-04-09T13:00:00,2026-02-05
101572,282.0,64,5,2026-05-17,cancelled,2026-05-17T17:00:00,2026-05-17
101573,421.0,30,4,2026-01-22,refunded,2026-04-18T16:00:00,2026-01-22
101574,296.0,100,2,2026-06-29,completed,2026-03-02T11:00:00,2026-06-29
101575,2.0,27,1,2026-04-03,refunded,2026-05-02T04:00:00,2026-04-03
101576,472.0,15,1,2026-03-31,completed,2026-02-05T09:00:00,2026-03-31
101577,236.0,19,5,2026-04-18,completed,2026-02-23T07:00:00,2026-04-18
101578,29.0,96,2,2026-01-31,completed,2026-04-07T23:00:00,2026-01-31
101579,14.0,90,4,2026-04-06,completed,2026-06-29T03:00:00,2026-04-06
101580,340.0,75,1,2026-05-03,refunded,2026-02-10T00:00:00,2026-05-03
101581,76.0,47,2,2026-01-21,completed,2026-01-20T00:00:00,2026-01-21
101582,292.0,54,2,2026-02-16,cancelled,2026-02-05T23:00:00,2026-02-16
101583,271.0,90,3,2026-05-01,cancelled,2026-03-28T14:00:00,2026-05-01
101584,401.0,83,1,2026-03-15,completed,2026-02-09T01:00:00,2026-03-15
101585,452.0,83,1,2026-06-04,completed,2026-05-09T05:00:00,2026-06-04
101586,6.0,51,4,2026-06-24,cancelled,2026-05-22T22:00:00,2026-06-24
101587,425.0,34,5,2026-05-09,completed,2026-02-28T13:00:00,2026-05-09
101588,477.0,21,3,2026-01-24,refunded,2026-04-07T04:00:00,2026-01-24
101589,381.0,28,4,2026-06-08,completed,2026-02-26T12:00:00,2026-06-08
101590,95.0,96,5,2026-06-04,completed,2026-06-27T14:00:00,2026-06-04
101591,245.0,41,4,2026-04-08,completed,2026-01-14T11:00:00,2026-04-08
101592,332.0,55,2,2026-03-11,completed,2026-01-27T02:00:00,2026-03-11
101593,186.0,78,3,2026-01-08,completed,2026-03-14T05:00:00,2026-01-08
101594,278.0,14,1,2026-02-24,refunded,2026-01-03T09:00:00,2026-02-24
101595,97.0,71,2,2026-06-13,completed,2026-03-03T08:00:00,2026-06-13
101596,44.0,73,5,2026-01-12,refunded,2026-05-04T01:00:00,2026-01-12
101597,25.0,41,1,2026-03-21,completed,2026-04-02T09:00:00,2026-03-21
101598,491.0,51,5,2026-02-19,completed,2026-04-11T23:00:00,2026-02-19
101599,183.0,17,1,2026-03-26,cancelled,2026-05-09T03:00:00,2026-03-26
101600,258.0,100,2,2026-01-07,refunded,2026-04-08T15:00:00,2026-01-07
101601,301.0,5,3,2026-02-11,completed,2026-06-24T14:00:00,2026-02-11
101602,41.0,81,1,2026-03-01,completed,2026-06-24T20:00:00,2026-03-01
101603,73.0,99,2,2026-05-09,refunded,2026-06-05T20:00:00,2026-05-09
101604,268.0,99,3,2026-04-25,completed,2026-03-28T09:00:00,2026-04-25
101605,185.0,80,4,2026-01-11,cancelled,2026-03-03T06:00:00,2026-01-11
101606,313.0,78,1,2026-02-09,refunded,2026-06-10T15:00:00,2026-02-09
101607,50.0,2,2,2026-03-21,refunded,2026-01-23T15:00:00,2026-03-21
101608,49.0,59,3,2026-02-13,completed,2026-02-11T02:00:00,2026-02-13
101609,144.0,74,3,2026-04-01,completed,2026-01-19T05:00:00,2026-04-01
101610,364.0,99,4,2026-03-08,cancelled,2026-03-07T14:00:00,2026-03-08
101611,333.0,18,1,2026-05-26,cancelled,2026-01-11T11:00:00,2026-05-26
101612,440.0,37,4,2026-04-15,refunded,2026-06-24T04:00:00,2026-04-15
101613,226.0,47,5,2026-06-09,completed,2026-04-06T02:00:00,2026-06-09
101614,350.0,53,5,2026-04-26,completed,2026-06-24T01:00:00,2026-04-26
101615,318.0,83,1,2026-03-04,refunded,2026-01-03T04:00:00,2026-03-04
101616,437.0,14,3,2026-04-07,completed,2026-05-26T12:00:00,2026-04-07
101617,438.0,10,2,2026-04-10,cancelled,2026-06-21T02:00:00,2026-04-10
101618,179.0,60,4,2026-06-14,refunded,2026-04-30T03:00:00,2026-06-14
101619,44.0,24,1,2026-04-12,cancelled,2026-02-21T12:00:00,2026-04-12
101620,169.0,9,3,2026-03-29,refunded,2026-05-05T06:00:00,2026-03-29
101621,360.0,95,4,2026-01-30,completed,2026-04-27T01:00:00,2026-01-30
101622,280.0,20,4,2026-02-07,completed,2026-03-23T18:00:00,2026-02-07
101623,17.0,77,4,2026-01-16,completed,2026-04-21T15:00:00,2026-01-16
101624,110.0,7,2,2026-01-06,cancelled,2026-03-11T08:00:00,2026-01-06
101625,326.0,23,1,2026-02-06,completed,2026-03-12T12:00:00,2026-02-06
101626,42.0,39,4,2026-04-18,refunded,2026-02-24T21:00:00,2026-04-18
101627,458.0,34,2,2026-01-14,completed,2026-04-20T10:00:00,2026-01-14
101628,494.0,97,3,2026-02-12,completed,2026-03-31T13:00:00,2026-02-12
101629,247.0,61,5,2026-06-26,completed,2026-06-28T13:00:00,2026-06-26
101630,182.0,89,5,2026-04-10,completed,2026-05-24T19:00:00,2026-04-10
101631,102.0,10,5,2026-06-07,completed,2026-03-24T21:00:00,2026-06-07
101632,422.0,94,3,2026-01-04,completed,2026-04-28T04:00:00,2026-01-04
101633,256.0,41,1,2026-06-22,cancelled,2026-03-09T16:00:00,2026-06-22
101634,370.0,1,4,2026-02-02,cancelled,2026-06-13T18:00:00,2026-02-02
101635,50.0,5,2,2026-02-18,cancelled,2026-06-28T17:00:00,2026-02-18
101636,397.0,22,5,2026-04-07,completed,2026-03-31T06:00:00,2026-04-07
101637,488.0,25,5,2026-01-04,completed,2026-04-04T00:00:00,2026-01-04
101638,155.0,40,5,2026-02-01,cancelled,2026-06-16T14:00:00,2026-02-01
101639,212.0,53,3,2026-04-01,refunded,2026-04-20T16:00:00,2026-04-01
101640,499.0,98,3,2026-01-30,completed,2026-04-28T13:00:00,2026-01-30
101641,192.0,23,5,2026-06-02,completed,2026-05-19T13:00:00,2026-06-02
101642,196.0,37,4,2026-06-12,completed,2026-06-29T19:00:00,2026-06-12
101643,481.0,13,1,2026-01-27,completed,2026-06-16T00:00:00,2026-01-27
101644,316.0,53,1,2026-05-08,refunded,2026-05-20T03:00:00,2026-05-08
101645,325.0,57,5,2026-05-29,completed,2026-06-20T09:00:00,2026-05-29
101646,437.0,54,2,2026-02-27,cancelled,2026-05-22T12:00:00,2026-02-27
101647,59.0,26,4,2026-02-01,completed,2026-04-29T13:00:00,2026-02-01
101648,465.0,83,4,2026-01-02,completed,2026-02-27T16:00:00,2026-01-02
101649,146.0,35,3,2026-03-20,cancelled,2026-06-22T07:00:00,2026-03-20
101650,3.0,54,1,2026-01-04,completed,2026-02-09T11:00:00,2026-01-04
101651,431.0,67,5,2026-03-23,completed,2026-02-13T18:00:00,2026-03-23
101652,221.0,31,5,2026-04-11,completed,2026-06-07T20:00:00,2026-04-11
101653,202.0,7,5,2026-04-20,completed,2026-06-12T12:00:00,2026-04-20
101654,373.0,23,4,2026-03-23,refunded,2026-02-10T13:00:00,2026-03-23
101655,119.0,13,2,2026-05-10,completed,2026-06-11T18:00:00,2026-05-10
101656,402.0,51,3,2026-05-22,completed,2026-03-24T06:00:00,2026-05-22
101657,48.0,12,1,2026-04-22,completed,2026-06-10T18:00:00,2026-04-22
101658,79.0,4,5,2026-05-20,completed,2026-05-27T12:00:00,2026-05-20
101659,13.0,96,2,2026-04-27,completed,2026-02-17T07:00:00,2026-04-27
101660,335.0,29,3,2026-02-19,refunded,2026-03-04T23:00:00,2026-02-19
101661,400.0,49,3,2026-06-18,completed,2026-03-12T02:00:00,2026-06-18
101662,479.0,19,1,2026-06-13,refunded,2026-01-27T03:00:00,2026-06-13
101663,236.0,77,1,2026-01-28,completed,2026-03-14T08:00:00,2026-01-28
101664,459.0,24,1,2026-01-20,cancelled,2026-04-03T06:00:00,2026-01-20
101665,201.0,13,4,2026-01-06,cancelled,2026-01-19T15:00:00,2026-01-06
101666,492.0,81,1,2026-02-23,cancelled,2026-04-07T10:00:00,2026-02-23
101667,325.0,58,2,2026-02-16,completed,2026-01-03T05:00:00,2026-02-16
101668,338.0,73,5,2026-01-09,completed,2026-03-29T11:00:00,2026-01-09
101669,248.0,79,5,2026-05-20,completed,2026-02-10T16:00:00,2026-05-20
101670,380.0,33,1,2026-02-19,refunded,2026-01-08T17:00:00,2026-02-19
101671,12.0,67,5,2026-02-09,completed,2026-04-04T03:00:00,2026-02-09
101672,461.0,28,1,2026-03-25,completed,2026-02-26T02:00:00,2026-03-25
101673,373.0,89,2,2026-03-10,completed,2026-05-04T06:00:00,2026-03-10
101674,489.0,12,3,2026-05-22,completed,2026-04-30T23:00:00,2026-05-22
101675,415.0,64,4,2026-05-12,cancelled,2026-02-19T08:00:00,2026-05-12
101676,89.0,26,3,2026-04-11,completed,2026-05-30T18:00:00,2026-04-11
101677,160.0,22,2,2026-05-05,cancelled,2026-04-25T13:00:00,2026-05-05
101678,306.0,96,3,2026-03-23,refunded,2026-01-28T19:00:00,2026-03-23
101679,197.0,55,2,2026-05-26,completed,2026-04-06T20:00:00,2026-05-26
101680,420.0,9,4,2026-02-12,completed,2026-05-11T08:00:00,2026-02-12
101681,301.0,53,3,2026-06-04,refunded,2026-04-01T12:00:00,2026-06-04
101682,16.0,15,2,2026-03-24,cancelled,2026-02-17T11:00:00,2026-03-24
101683,126.0,10,2,2026-06-18,completed,2026-04-06T04:00:00,2026-06-18
101684,400.0,41,1,2026-01-03,completed,2026-06-26T00:00:00,2026-01-03
101685,368.0,43,2,2026-04-30,refunded,2026-03-24T07:00:00,2026-04-30
101686,288.0,9,4,2026-03-14,refunded,2026-02-24T16:00:00,2026-03-14
101687,112.0,14,5,2026-03-13,refunded,2026-06-21T02:00:00,2026-03-13
101688,294.0,83,4,2026-06-24,cancelled,2026-03-23T10:00:00,2026-06-24
101689,102.0,26,1,2026-05-07,cancelled,2026-01-12T08:00:00,2026-05-07
101690,216.0,16,1,2026-04-26,completed,2026-06-03T10:00:00,2026-04-26
101691,303.0,50,2,2026-05-28,completed,2026-03-14T00:00:00,2026-05-28
101692,330.0,74,1,2026-04-29,completed,2026-02-03T12:00:00,2026-04-29
101693,19.0,69,5,2026-01-11,completed,2026-06-15T00:00:00,2026-01-11
101694,36.0,61,1,2026-04-17,completed,2026-03-12T10:00:00,2026-04-17
101695,386.0,45,4,2026-01-21,refunded,2026-03-22T15:00:00,2026-01-21
101696,314.0,7,4,2026-03-18,cancelled,2026-05-07T20:00:00,2026-03-18
101697,496.0,16,3,2026-06-08,completed,2026-01-08T07:00:00,2026-06-08
101698,25.0,2,2,2026-01-27,completed,2026-06-26T23:00:00,2026-01-27
101699,224.0,29,2,2026-01-23,completed,2026-04-05T17:00:00,2026-01-23
101700,3.0,89,1,2026-03-08,completed,2026-01-29T01:00:00,2026-03-08
101701,485.0,39,1,2026-03-09,completed,2026-06-26T19:00:00,2026-03-09
101702,406.0,49,3,2026-06-28,completed,2026-02-05T18:00:00,2026-06-28
101703,236.0,16,2,2026-03-23,completed,2026-05-30T13:00:00,2026-03-23
101704,327.0,58,1,2026-05-14,refunded,2026-03-03T18:00:00,2026-05-14
101705,245.0,85,4,2026-03-13,completed,2026-05-04T07:00:00,2026-03-13
101706,48.0,34,3,2026-01-22,completed,2026-05-23T07:00:00,2026-01-22
101707,338.0,83,2,2026-06-27,completed,2026-01-20T15:00:00,2026-06-27
101708,31.0,28,1,2026-06-21,completed,2026-04-30T12:00:00,2026-06-21
101709,97.0,63,1,2026-03-29,completed,2026-06-01T16:00:00,2026-03-29
101710,264.0,41,3,2026-04-27,completed,2026-05-10T03:00:00,2026-04-27
101711,469.0,17,2,2026-04-04,cancelled,2026-04-26T19:00:00,2026-04-04
101712,263.0,26,4,2026-02-18,completed,2026-03-13T13:00:00,2026-02-18
101713,85.0,88,3,2026-05-28,completed,2026-02-07T14:00:00,2026-05-28
101714,449.0,14,1,2026-03-03,completed,2026-04-28T05:00:00,2026-03-03
101715,137.0,4,4,2026-06-19,refunded,2026-04-26T11:00:00,2026-06-19
101716,136.0,16,5,2026-01-22,completed,2026-04-21T06:00:00,2026-01-22
101717,78.0,51,5,2026-04-21,refunded,2026-03-27T01:00:00,2026-04-21
101718,226.0,35,3,2026-01-26,completed,2026-06-16T12:00:00,2026-01-26
101719,375.0,55,2,2026-03-17,completed,2026-04-14T05:00:00,2026-03-17
101720,305.0,36,5,2026-06-05,cancelled,2026-05-13T13:00:00,2026-06-05
101721,56.0,88,1,2026-06-15,completed,2026-01-29T07:00:00,2026-06-15
101722,59.0,7,1,2026-05-28,completed,2026-03-03T02:00:00,2026-05-28
101723,273.0,13,3,2026-02-27,refunded,2026-06-29T22:00:00,2026-02-27
101724,208.0,51,4,2026-01-26,completed,2026-06-27T08:00:00,2026-01-26
101725,254.0,27,2,2026-02-22,completed,2026-06-13T09:00:00,2026-02-22
101726,362.0,77,3,2026-01-01,completed,2026-02-17T16:00:00,2026-01-01
101727,465.0,90,5,2026-05-03,completed,2026-06-26T07:00:00,2026-05-03
101728,88.0,41,1,2026-02-12,completed,2026-03-27T14:00:00,2026-02-12
101729,73.0,2,4,2026-04-20,completed,2026-01-06T05:00:00,2026-04-20
101730,499.0,34,1,2026-02-13,completed,2026-06-02T11:00:00,2026-02-13
101731,497.0,61,5,2026-01-01,cancelled,2026-03-05T15:00:00,2026-01-01
101732,57.0,6,1,2026-05-26,completed,2026-02-28T16:00:00,2026-05-26
101733,258.0,22,2,2026-01-25,completed,2026-03-19T23:00:00,2026-01-25
101734,172.0,58,4,2026-03-31,refunded,2026-03-07T21:00:00,2026-03-31
101735,250.0,33,3,2026-04-28,completed,2026-04-01T09:00:00,2026-04-28
101736,364.0,43,5,2026-06-19,refunded,2026-05-04T03:00:00,2026-06-19
101737,139.0,88,5,2026-06-13,completed,2026-02-07T13:00:00,2026-06-13
101738,439.0,29,2,2026-04-02,cancelled,2026-01-08T07:00:00,2026-04-02
101739,296.0,95,4,2026-04-03,completed,2026-01-23T06:00:00,2026-04-03
101740,472.0,49,1,2026-03-12,refunded,2026-04-26T16:00:00,2026-03-12
101741,90.0,34,3,2026-03-26,cancelled,2026-05-31T13:00:00,2026-03-26
101742,484.0,36,3,2026-02-18,completed,2026-05-29T16:00:00,2026-02-18
101743,360.0,44,5,2026-02-01,cancelled,2026-04-27T18:00:00,2026-02-01
101744,496.0,45,3,2026-01-29,completed,2026-05-08T21:00:00,2026-01-29
101745,76.0,60,2,2026-05-14,completed,2026-06-09T17:00:00,2026-05-14
101746,341.0,21,3,2026-05-05,completed,2026-01-17T09:00:00,2026-05-05
101747,8.0,59,1,2026-02-25,completed,2026-06-01T03:00:00,2026-02-25
101748,28.0,63,3,2026-01-02,cancelled,2026-04-01T21:00:00,2026-01-02
101749,428.0,1,1,2026-03-06,completed,2026-03-31T09:00:00,2026-03-06
101750,403.0,65,5,2026-02-09,completed,2026-03-11T04:00:00,2026-02-09
101751,376.0,26,4,2026-05-30,completed,2026-03-16T07:00:00,2026-05-30
101752,17.0,61,3,2026-03-05,cancelled,2026-04-19T12:00:00,2026-03-05
101753,496.0,13,3,2026-03-19,refunded,2026-03-21T05:00:00,2026-03-19
101754,289.0,56,3,2026-05-29,completed,2026-06-24T06:00:00,2026-05-29
101755,129.0,18,4,2026-05-22,completed,2026-03-19T09:00:00,2026-05-22
101756,44.0,39,5,2026-06-10,cancelled,2026-05-20T05:00:00,2026-06-10
101757,193.0,56,1,2026-02-05,refunded,2026-04-24T22:00:00,2026-02-05
101758,161.0,65,3,2026-04-30,completed,2026-04-20T14:00:00,2026-04-30
101759,216.0,53,4,2026-01-08,refunded,2026-01-07T13:00:00,2026-01-08
101760,46.0,97,2,2026-06-07,completed,2026-03-04T18:00:00,2026-06-07
101761,263.0,48,2,2026-06-08,refunded,2026-05-25T09:00:00,2026-06-08
101762,28.0,97,4,2026-02-02,cancelled,2026-06-21T00:00:00,2026-02-02
101763,237.0,98,5,2026-04-28,completed,2026-01-22T01:00:00,2026-04-28
101764,139.0,84,1,2026-03-27,refunded,2026-01-25T09:00:00,2026-03-27
101765,290.0,62,3,2026-01-16,completed,2026-05-30T21:00:00,2026-01-16
101766,262.0,95,1,2026-06-29,completed,2026-05-13T04:00:00,2026-06-29
101767,288.0,95,4,2026-02-04,completed,2026-06-22T20:00:00,2026-02-04
101768,437.0,20,3,2026-06-10,completed,2026-01-02T15:00:00,2026-06-10
101769,320.0,89,2,2026-01-30,completed,2026-01-01T04:00:00,2026-01-30
101770,310.0,16,5,2026-01-25,completed,2026-02-22T03:00:00,2026-01-25
101771,243.0,4,5,2026-04-24,cancelled,2026-01-15T03:00:00,2026-04-24
101772,154.0,52,4,2026-02-17,completed,2026-05-20T08:00:00,2026-02-17
101773,421.0,79,4,2026-06-18,refunded,2026-02-01T13:00:00,2026-06-18
101774,75.0,82,1,2026-02-17,completed,2026-06-18T07:00:00,2026-02-17
101775,88.0,66,5,2026-02-21,cancelled,2026-05-03T09:00:00,2026-02-21
101776,149.0,86,1,2026-05-31,cancelled,2026-04-05T21:00:00,2026-05-31
101777,141.0,51,4,2026-06-28,completed,2026-04-29T13:00:00,2026-06-28
101778,417.0,55,2,2026-01-08,completed,2026-04-28T03:00:00,2026-01-08
101779,289.0,50,1,2026-05-29,completed,2026-01-09T20:00:00,2026-05-29
101780,334.0,85,5,2026-04-24,completed,2026-04-01T04:00:00,2026-04-24
101781,240.0,93,4,2026-03-12,completed,2026-02-10T11:00:00,2026-03-12
101782,257.0,65,2,2026-03-31,refunded,2026-04-10T16:00:00,2026-03-31
101783,33.0,23,2,2026-04-01,refunded,2026-03-28T14:00:00,2026-04-01
101784,367.0,18,3,2026-06-18,completed,2026-04-11T02:00:00,2026-06-18
101785,470.0,83,4,2026-04-07,cancelled,2026-06-05T21:00:00,2026-04-07
101786,93.0,74,5,2026-06-18,refunded,2026-03-08T04:00:00,2026-06-18
101787,358.0,42,5,2026-05-29,completed,2026-05-30T19:00:00,2026-05-29
101788,425.0,52,1,2026-01-12,completed,2026-02-10T07:00:00,2026-01-12
101789,50.0,86,1,2026-05-08,cancelled,2026-03-24T07:00:00,2026-05-08
101790,396.0,94,2,2026-01-27,completed,2026-04-09T13:00:00,2026-01-27
101791,473.0,9,1,2026-06-06,completed,2026-01-30T01:00:00,2026-06-06
101792,434.0,96,1,2026-04-24,completed,2026-06-05T20:00:00,2026-04-24
101793,431.0,4,2,2026-03-24,completed,2026-06-28T14:00:00,2026-03-24
101794,194.0,18,5,2026-05-23,completed,2026-02-20T08:00:00,2026-05-23
101795,252.0,57,3,2026-02-27,completed,2026-02-11T13:00:00,2026-02-27
101796,417.0,68,2,2026-01-23,refunded,2026-01-07T20:00:00,2026-01-23
101797,492.0,86,1,2026-02-22,completed,2026-02-05T00:00:00,2026-02-22
101798,185.0,100,4,2026-05-26,refunded,2026-01-19T10:00:00,2026-05-26
101799,95.0,88,5,2026-05-08,completed,2026-02-23T18:00:00,2026-05-08
101800,424.0,61,5,2026-04-01,completed,2026-06-08T17:00:00,2026-04-01
101801,437.0,18,1,2026-04-23,cancelled,2026-06-10T12:00:00,2026-04-23
101802,448.0,10,5,2026-01-21,completed,2026-05-13T09:00:00,2026-01-21
101803,52.0,16,4,2026-03-01,completed,2026-06-03T17:00:00,2026-03-01
101804,170.0,3,2,2026-03-16,completed,2026-04-10T22:00:00,2026-03-16
101805,184.0,9,2,2026-03-15,completed,2026-05-17T18:00:00,2026-03-15
101806,124.0,67,5,2026-05-09,completed,2026-04-13T19:00:00,2026-05-09
101807,30.0,70,1,2026-05-30,cancelled,2026-03-09T20:00:00,2026-05-30
101808,16.0,5,3,2026-04-18,completed,2026-02-21T10:00:00,2026-04-18
101809,455.0,98,1,2026-02-05,completed,2026-05-21T23:00:00,2026-02-05
101810,169.0,97,1,2026-03-02,cancelled,2026-01-19T18:00:00,2026-03-02
101811,464.0,79,1,2026-03-30,completed,2026-04-17T19:00:00,2026-03-30
101812,379.0,79,1,2026-05-22,cancelled,2026-02-03T08:00:00,2026-05-22
101813,371.0,6,1,2026-01-10,cancelled,2026-05-10T07:00:00,2026-01-10
101814,333.0,45,4,2026-05-03,completed,2026-02-28T00:00:00,2026-05-03
101815,477.0,8,1,2026-02-20,refunded,2026-06-05T12:00:00,2026-02-20
101816,350.0,88,1,2026-05-22,cancelled,2026-01-14T12:00:00,2026-05-22
101817,393.0,49,2,2026-04-21,cancelled,2026-05-21T04:00:00,2026-04-21
101818,60.0,57,1,2026-06-07,completed,2026-04-01T06:00:00,2026-06-07
101819,176.0,56,1,2026-03-02,completed,2026-01-24T18:00:00,2026-03-02
101820,6.0,30,4,2026-05-18,refunded,2026-01-12T00:00:00,2026-05-18
101821,448.0,93,2,2026-01-15,completed,2026-01-15T04:00:00,2026-01-15
101822,225.0,24,3,2026-01-12,completed,2026-03-31T19:00:00,2026-01-12
101823,336.0,32,3,2026-02-03,refunded,2026-04-12T15:00:00,2026-02-03
101824,337.0,16,1,2026-01-20,completed,2026-05-20T06:00:00,2026-01-20
101825,254.0,91,3,2026-02-26,cancelled,2026-03-19T11:00:00,2026-02-26
101826,400.0,71,3,2026-06-17,completed,2026-05-15T08:00:00,2026-06-17
101827,164.0,90,5,2026-05-09,completed,2026-01-14T11:00:00,2026-05-09
101828,462.0,53,5,2026-05-05,completed,2026-01-21T06:00:00,2026-05-05
101829,467.0,18,5,2026-03-01,completed,2026-05-22T06:00:00,2026-03-01
101830,63.0,48,2,2026-01-10,completed,2026-06-28T14:00:00,2026-01-10
101831,333.0,98,4,2026-01-30,completed,2026-05-08T01:00:00,2026-01-30
101832,139.0,36,5,2026-04-09,completed,2026-01-22T01:00:00,2026-04-09
101833,143.0,79,4,2026-05-07,completed,2026-04-08T12:00:00,2026-05-07
101834,228.0,6,2,2026-02-22,cancelled,2026-02-17T21:00:00,2026-02-22
101835,221.0,69,1,2026-06-19,completed,2026-01-09T17:00:00,2026-06-19
101836,391.0,45,1,2026-06-05,completed,2026-03-09T18:00:00,2026-06-05
101837,111.0,97,1,2026-03-29,refunded,2026-04-22T13:00:00,2026-03-29
101838,401.0,94,1,2026-01-28,refunded,2026-04-10T23:00:00,2026-01-28
101839,478.0,87,3,2026-05-17,cancelled,2026-04-19T18:00:00,2026-05-17
101840,369.0,73,5,2026-03-08,completed,2026-04-08T14:00:00,2026-03-08
101841,382.0,31,2,2026-01-04,completed,2026-06-24T08:00:00,2026-01-04
101842,44.0,32,5,2026-03-17,completed,2026-05-27T12:00:00,2026-03-17
101843,20.0,79,3,2026-04-03,completed,2026-06-18T08:00:00,2026-04-03
101844,401.0,84,5,2026-01-04,completed,2026-03-20T18:00:00,2026-01-04
101845,339.0,42,3,2026-02-15,cancelled,2026-04-29T00:00:00,2026-02-15
101846,226.0,2,4,2026-01-10,completed,2026-05-03T20:00:00,2026-01-10
101847,433.0,72,2,2026-04-15,completed,2026-05-29T02:00:00,2026-04-15
101848,142.0,79,5,2026-03-22,completed,2026-04-23T05:00:00,2026-03-22
101849,133.0,99,3,2026-03-08,cancelled,2026-02-02T07:00:00,2026-03-08
101850,323.0,23,2,2026-06-08,completed,2026-03-01T03:00:00,2026-06-08
101851,336.0,5,2,2026-06-25,refunded,2026-04-23T18:00:00,2026-06-25
101852,163.0,6,5,2026-02-28,completed,2026-03-08T08:00:00,2026-02-28
101853,9.0,87,3,2026-05-19,completed,2026-06-03T07:00:00,2026-05-19
101854,180.0,14,1,2026-05-10,cancelled,2026-01-29T16:00:00,2026-05-10
101855,40.0,31,2,2026-03-25,refunded,2026-04-06T21:00:00,2026-03-25
101856,213.0,10,4,2026-03-14,completed,2026-01-07T10:00:00,2026-03-14
101857,311.0,47,3,2026-04-15,completed,2026-05-01T09:00:00,2026-04-15
101858,319.0,4,2,2026-04-05,completed,2026-03-16T04:00:00,2026-04-05
101859,467.0,76,1,2026-01-28,refunded,2026-02-24T10:00:00,2026-01-28
101860,262.0,92,5,2026-05-29,completed,2026-02-25T12:00:00,2026-05-29
101861,426.0,75,1,2026-06-18,completed,2026-04-08T20:00:00,2026-06-18
101862,41.0,10,2,2026-05-25,refunded,2026-05-28T20:00:00,2026-05-25
101863,281.0,94,4,2026-05-18,completed,2026-05-16T01:00:00,2026-05-18
101864,311.0,61,5,2026-05-14,cancelled,2026-03-23T08:00:00,2026-05-14
101865,100.0,74,3,2026-03-04,completed,2026-03-04T11:00:00,2026-03-04
101866,119.0,59,3,2026-01-30,completed,2026-04-24T23:00:00,2026-01-30
101867,491.0,53,3,2026-01-21,completed,2026-05-24T16:00:00,2026-01-21
101868,40.0,47,4,2026-06-04,completed,2026-04-25T13:00:00,2026-06-04
101869,118.0,73,2,2026-05-18,completed,2026-04-15T21:00:00,2026-05-18
101870,300.0,86,2,2026-06-05,completed,2026-03-15T10:00:00,2026-06-05
101871,161.0,16,1,2026-04-15,cancelled,2026-05-10T04:00:00,2026-04-15
101872,295.0,64,2,2026-02-16,cancelled,2026-01-04T05:00:00,2026-02-16
101873,62.0,54,3,2026-05-22,cancelled,2026-01-26T04:00:00,2026-05-22
101874,446.0,5,4,2026-01-07,completed,2026-01-19T04:00:00,2026-01-07
101875,264.0,68,4,2026-04-19,completed,2026-02-02T12:00:00,2026-04-19
101876,357.0,72,2,2026-03-17,completed,2026-03-28T10:00:00,2026-03-17
101877,303.0,78,5,2026-01-28,completed,2026-01-19T23:00:00,2026-01-28
101878,472.0,46,4,2026-04-15,cancelled,2026-04-22T09:00:00,2026-04-15
101879,388.0,62,2,2026-02-16,refunded,2026-05-11T02:00:00,2026-02-16
101880,78.0,1,5,2026-06-01,completed,2026-06-22T20:00:00,2026-06-01
101881,233.0,49,3,2026-04-23,completed,2026-05-11T23:00:00,2026-04-23
101882,302.0,36,1,2026-03-01,completed,2026-05-07T10:00:00,2026-03-01
101883,25.0,73,5,2026-05-15,refunded,2026-05-11T13:00:00,2026-05-15
101884,147.0,42,4,2026-03-23,completed,2026-02-06T01:00:00,2026-03-23
101885,417.0,95,2,2026-04-21,refunded,2026-03-13T18:00:00,2026-04-21
101886,451.0,79,3,2026-01-26,completed,2026-03-14T05:00:00,2026-01-26
101887,61.0,37,3,2026-05-05,cancelled,2026-02-27T05:00:00,2026-05-05
101888,148.0,34,5,2026-01-28,completed,2026-06-20T08:00:00,2026-01-28
101889,73.0,13,2,2026-05-22,refunded,2026-02-13T00:00:00,2026-05-22
101890,307.0,6,5,2026-05-18,completed,2026-01-02T15:00:00,2026-05-18
101891,427.0,4,3,2026-02-22,completed,2026-05-27T13:00:00,2026-02-22
101892,375.0,57,5,2026-02-02,cancelled,2026-03-17T03:00:00,2026-02-02
101893,367.0,91,1,2026-04-24,cancelled,2026-05-07T08:00:00,2026-04-24
101894,45.0,18,3,2026-06-21,completed,2026-04-01T02:00:00,2026-06-21
101895,382.0,29,1,2026-03-25,completed,2026-05-10T10:00:00,2026-03-25
101896,142.0,59,5,2026-06-22,completed,2026-06-30T22:00:00,2026-06-22
101897,162.0,5,4,2026-01-26,refunded,2026-03-23T06:00:00,2026-01-26
101898,431.0,72,1,2026-06-12,completed,2026-03-04T04:00:00,2026-06-12
101899,301.0,49,2,2026-06-22,completed,2026-03-09T15:00:00,2026-06-22
101900,78.0,63,2,2026-05-08,completed,2026-02-03T06:00:00,2026-05-08
101901,326.0,12,5,2026-02-24,completed,2026-04-22T02:00:00,2026-02-24
101902,252.0,72,5,2026-02-23,completed,2026-01-10T13:00:00,2026-02-23
101903,353.0,34,5,2026-04-08,refunded,2026-03-02T20:00:00,2026-04-08
101904,179.0,62,5,2026-06-18,completed,2026-03-18T07:00:00,2026-06-18
101905,449.0,38,4,2026-05-06,cancelled,2026-06-03T11:00:00,2026-05-06
101906,279.0,62,3,2026-01-25,completed,2026-01-29T09:00:00,2026-01-25
101907,215.0,58,3,2026-03-05,cancelled,2026-01-30T05:00:00,2026-03-05
101908,238.0,41,1,2026-03-30,cancelled,2026-06-30T04:00:00,2026-03-30
101909,397.0,62,4,2026-06-03,cancelled,2026-06-25T07:00:00,2026-06-03
101910,15.0,38,3,2026-05-10,completed,2026-04-15T01:00:00,2026-05-10
101911,288.0,99,3,2026-03-08,completed,2026-04-16T12:00:00,2026-03-08
101912,415.0,57,4,2026-04-13,completed,2026-01-14T08:00:00,2026-04-13
101913,249.0,94,2,2026-03-28,completed,2026-03-20T14:00:00,2026-03-28
101914,210.0,29,5,2026-02-12,refunded,2026-02-22T20:00:00,2026-02-12
101915,57.0,79,5,2026-03-26,completed,2026-06-04T17:00:00,2026-03-26
101916,11.0,93,1,2026-04-08,completed,2026-06-30T10:00:00,2026-04-08
101917,468.0,46,5,2026-01-17,completed,2026-05-13T06:00:00,2026-01-17
101918,186.0,69,2,2026-02-10,refunded,2026-04-12T22:00:00,2026-02-10
101919,118.0,38,2,2026-04-06,completed,2026-04-16T06:00:00,2026-04-06
101920,284.0,94,2,2026-01-04,completed,2026-01-06T16:00:00,2026-01-04
101921,53.0,65,4,2026-05-05,completed,2026-02-10T09:00:00,2026-05-05
101922,155.0,4,2,2026-06-11,completed,2026-01-09T08:00:00,2026-06-11
101923,384.0,16,4,2026-06-17,cancelled,2026-02-03T23:00:00,2026-06-17
101924,449.0,35,1,2026-01-20,completed,2026-05-10T23:00:00,2026-01-20
101925,361.0,98,4,2026-01-06,completed,2026-05-19T19:00:00,2026-01-06
101926,471.0,20,1,2026-05-31,cancelled,2026-02-19T19:00:00,2026-05-31
101927,440.0,40,3,2026-04-19,refunded,2026-01-06T09:00:00,2026-04-19
101928,141.0,59,2,2026-01-26,completed,2026-06-17T18:00:00,2026-01-26
101929,242.0,49,3,2026-04-20,completed,2026-02-26T13:00:00,2026-04-20
101930,288.0,36,4,2026-03-14,refunded,2026-05-10T07:00:00,2026-03-14
101931,196.0,3,4,2026-04-11,completed,2026-05-20T22:00:00,2026-04-11
101932,56.0,58,2,2026-05-28,completed,2026-04-12T07:00:00,2026-05-28
101933,229.0,48,4,2026-05-25,completed,2026-06-14T09:00:00,2026-05-25
101934,171.0,19,1,2026-01-25,refunded,2026-02-13T06:00:00,2026-01-25
101935,443.0,63,5,2026-03-05,completed,2026-02-06T12:00:00,2026-03-05
101936,316.0,61,5,2026-05-26,completed,2026-01-16T15:00:00,2026-05-26
101937,130.0,53,3,2026-03-28,completed,2026-01-10T10:00:00,2026-03-28
101938,353.0,73,5,2026-04-15,completed,2026-03-10T22:00:00,2026-04-15
101939,108.0,97,5,2026-05-06,refunded,2026-05-08T10:00:00,2026-05-06
101940,492.0,84,2,2026-03-24,cancelled,2026-05-04T16:00:00,2026-03-24
101941,285.0,95,1,2026-01-27,cancelled,2026-06-29T02:00:00,2026-01-27
101942,193.0,17,1,2026-02-11,refunded,2026-02-01T05:00:00,2026-02-11
101943,102.0,57,1,2026-01-10,cancelled,2026-05-07T05:00:00,2026-01-10
101944,321.0,68,4,2026-02-05,refunded,2026-04-18T12:00:00,2026-02-05
101945,5.0,38,1,2026-04-22,completed,2026-06-23T08:00:00,2026-04-22
101946,268.0,42,5,2026-04-06,refunded,2026-06-16T05:00:00,2026-04-06
101947,73.0,38,5,2026-06-25,completed,2026-06-07T22:00:00,2026-06-25
101948,191.0,67,5,2026-03-06,cancelled,2026-04-29T06:00:00,2026-03-06
101949,480.0,43,2,2026-02-12,refunded,2026-05-02T00:00:00,2026-02-12
101950,163.0,54,2,2026-02-08,cancelled,2026-01-18T00:00:00,2026-02-08
101951,160.0,90,2,2026-02-21,completed,2026-05-18T14:00:00,2026-02-21
101952,170.0,13,1,2026-06-09,cancelled,2026-06-02T05:00:00,2026-06-09
101953,35.0,45,5,2026-02-27,completed,2026-06-10T00:00:00,2026-02-27
101954,476.0,25,3,2026-03-14,cancelled,2026-05-30T23:00:00,2026-03-14
101955,157.0,48,5,2026-04-14,completed,2026-05-24T17:00:00,2026-04-14
101956,329.0,85,2,2026-01-20,refunded,2026-02-09T03:00:00,2026-01-20
101957,375.0,28,3,2026-02-15,completed,2026-05-25T03:00:00,2026-02-15
101958,65.0,67,5,2026-06-15,cancelled,2026-03-26T18:00:00,2026-06-15
101959,396.0,76,5,2026-03-12,refunded,2026-06-21T15:00:00,2026-03-12
101960,108.0,22,1,2026-03-01,completed,2026-01-24T19:00:00,2026-03-01
101961,76.0,19,2,2026-05-02,completed,2026-03-24T02:00:00,2026-05-02
101962,459.0,7,2,2026-05-11,cancelled,2026-04-19T21:00:00,2026-05-11
101963,242.0,42,3,2026-05-09,completed,2026-03-03T17:00:00,2026-05-09
101964,202.0,49,4,2026-06-30,cancelled,2026-04-01T09:00:00,2026-06-30
101965,430.0,67,3,2026-05-16,completed,2026-06-04T06:00:00,2026-05-16
101966,490.0,22,3,2026-02-06,cancelled,2026-05-24T14:00:00,2026-02-06
101967,251.0,89,3,2026-06-25,completed,2026-05-23T13:00:00,2026-06-25
101968,334.0,45,2,2026-01-07,completed,2026-04-30T21:00:00,2026-01-07
101969,178.0,94,4,2026-02-24,refunded,2026-05-24T06:00:00,2026-02-24
101970,196.0,48,2,2026-01-03,completed,2026-04-24T11:00:00,2026-01-03
101971,270.0,25,1,2026-05-31,completed,2026-03-26T03:00:00,2026-05-31
101972,467.0,48,3,2026-05-09,completed,2026-06-05T08:00:00,2026-05-09
101973,18.0,83,3,2026-06-14,cancelled,2026-04-12T01:00:00,2026-06-14
101974,357.0,91,3,2026-03-12,completed,2026-05-27T00:00:00,2026-03-12
101975,442.0,92,4,2026-06-05,cancelled,2026-05-06T05:00:00,2026-06-05
101976,243.0,96,5,2026-01-27,completed,2026-04-05T00:00:00,2026-01-27
101977,314.0,92,2,2026-06-30,completed,2026-02-03T02:00:00,2026-06-30
101978,215.0,16,1,2026-04-24,completed,2026-03-22T03:00:00,2026-04-24
101979,440.0,70,3,2026-02-19,refunded,2026-01-05T10:00:00,2026-02-19
101980,429.0,87,3,2026-02-13,refunded,2026-04-04T16:00:00,2026-02-13
101981,8.0,86,4,2026-04-17,completed,2026-01-17T06:00:00,2026-04-17
101982,423.0,98,5,2026-02-07,completed,2026-01-22T05:00:00,2026-02-07
101983,228.0,6,3,2026-06-05,completed,2026-06-26T16:00:00,2026-06-05
101984,210.0,23,1,2026-03-21,completed,2026-05-24T11:00:00,2026-03-21
101985,61.0,44,4,2026-05-26,completed,2026-05-25T14:00:00,2026-05-26
101986,46.0,15,1,2026-02-16,completed,2026-02-17T10:00:00,2026-02-16
101987,303.0,81,1,2026-02-13,completed,2026-02-25T20:00:00,2026-02-13
101988,192.0,59,1,2026-03-05,completed,2026-06-24T20:00:00,2026-03-05
101989,483.0,25,2,2026-03-21,completed,2026-04-08T22:00:00,2026-03-21
101990,147.0,23,3,2026-02-05,refunded,2026-03-22T13:00:00,2026-02-05
101991,116.0,25,3,2026-02-21,completed,2026-03-17T08:00:00,2026-02-21
101992,358.0,57,3,2026-01-24,cancelled,2026-04-01T18:00:00,2026-01-24
101993,187.0,45,5,2026-04-26,completed,2026-01-10T18:00:00,2026-04-26
101994,198.0,20,5,2026-05-26,completed,2026-06-29T13:00:00,2026-05-26
101995,178.0,83,3,2026-02-23,completed,2026-06-29T16:00:00,2026-02-23
101996,283.0,96,3,2026-01-24,refunded,2026-02-23T08:00:00,2026-01-24
101997,112.0,60,3,2026-01-09,completed,2026-05-13T21:00:00,2026-01-09
101998,324.0,24,4,2026-02-05,cancelled,2026-05-31T10:00:00,2026-02-05
101999,191.0,73,4,2026-06-18,refunded,2026-01-09T10:00:00,2026-06-18
102000,360.0,14,3,2026-01-03,completed,2026-04-18T15:00:00,2026-01-03
102001,172.0,44,1,2026-02-17,completed,2026-03-20T05:00:00,2026-02-17
102002,240.0,70,2,2026-01-06,cancelled,2026-06-07T14:00:00,2026-01-06
102003,304.0,74,4,2026-04-13,cancelled,2026-03-04T08:00:00,2026-04-13
102004,371.0,48,5,2026-03-28,cancelled,2026-06-23T12:00:00,2026-03-28
102005,154.0,6,2,2026-05-10,completed,2026-04-18T13:00:00,2026-05-10
102006,397.0,35,5,2026-04-13,refunded,2026-01-08T05:00:00,2026-04-13
102007,263.0,22,3,2026-06-02,refunded,2026-02-20T18:00:00,2026-06-02
102008,385.0,18,2,2026-06-19,completed,2026-01-14T02:00:00,2026-06-19
102009,159.0,99,2,2026-03-30,cancelled,2026-04-12T05:00:00,2026-03-30
102010,236.0,1,2,2026-02-21,completed,2026-03-19T09:00:00,2026-02-21
102011,42.0,24,2,2026-02-22,cancelled,2026-01-24T23:00:00,2026-02-22
102012,126.0,20,5,2026-04-06,completed,2026-05-03T05:00:00,2026-04-06
102013,177.0,13,4,2026-05-21,cancelled,2026-06-28T06:00:00,2026-05-21
102014,468.0,61,4,2026-04-29,completed,2026-01-25T12:00:00,2026-04-29
102015,66.0,41,2,2026-04-13,completed,2026-03-14T21:00:00,2026-04-13
102016,374.0,55,5,2026-04-11,refunded,2026-01-19T11:00:00,2026-04-11
102017,251.0,86,5,2026-01-07,completed,2026-06-05T05:00:00,2026-01-07
102018,394.0,31,3,2026-04-03,completed,2026-05-09T00:00:00,2026-04-03
102019,313.0,77,4,2026-01-20,completed,2026-02-05T15:00:00,2026-01-20
102020,97.0,6,2,2026-03-19,cancelled,2026-01-24T10:00:00,2026-03-19
102021,197.0,84,2,2026-04-19,completed,2026-03-14T09:00:00,2026-04-19
102022,199.0,87,4,2026-01-09,completed,2026-04-18T05:00:00,2026-01-09
102023,84.0,51,5,2026-01-28,cancelled,2026-01-22T11:00:00,2026-01-28
102024,352.0,94,1,2026-06-17,cancelled,2026-01-04T05:00:00,2026-06-17
102025,164.0,17,5,2026-05-10,cancelled,2026-06-25T14:00:00,2026-05-10
102026,6.0,63,4,2026-04-19,completed,2026-03-19T13:00:00,2026-04-19
102027,133.0,95,1,2026-06-04,cancelled,2026-05-09T11:00:00,2026-06-04
102028,400.0,61,3,2026-05-17,completed,2026-01-29T05:00:00,2026-05-17
102029,218.0,69,4,2026-06-22,completed,2026-02-08T00:00:00,2026-06-22
102030,173.0,91,5,2026-03-08,completed,2026-05-12T19:00:00,2026-03-08
102031,373.0,59,4,2026-01-13,cancelled,2026-03-14T01:00:00,2026-01-13
102032,63.0,63,4,2026-04-04,completed,2026-06-03T21:00:00,2026-04-04
102033,190.0,33,4,2026-03-28,completed,2026-01-07T17:00:00,2026-03-28
102034,137.0,23,3,2026-04-02,cancelled,2026-01-05T14:00:00,2026-04-02
102035,167.0,39,1,2026-06-02,completed,2026-04-02T23:00:00,2026-06-02
102036,19.0,69,4,2026-03-05,completed,2026-01-22T17:00:00,2026-03-05
102037,49.0,17,2,2026-06-12,cancelled,2026-04-21T08:00:00,2026-06-12
102038,177.0,59,5,2026-03-04,refunded,2026-05-26T14:00:00,2026-03-04
102039,21.0,10,3,2026-04-06,completed,2026-02-07T19:00:00,2026-04-06
102040,371.0,82,1,2026-04-08,refunded,2026-01-21T10:00:00,2026-04-08
102041,475.0,82,3,2026-04-19,cancelled,2026-01-06T05:00:00,2026-04-19
102042,487.0,96,3,2026-06-17,completed,2026-04-21T03:00:00,2026-06-17
102043,407.0,25,5,2026-03-08,completed,2026-06-07T16:00:00,2026-03-08
102044,277.0,32,1,2026-04-06,refunded,2026-05-02T06:00:00,2026-04-06
102045,390.0,56,3,2026-06-26,completed,2026-03-12T16:00:00,2026-06-26
102046,344.0,6,5,2026-04-13,completed,2026-06-23T09:00:00,2026-04-13
102047,140.0,1,4,2026-02-23,completed,2026-04-17T21:00:00,2026-02-23
102048,67.0,36,3,2026-04-29,refunded,2026-06-12T10:00:00,2026-04-29
102049,50.0,29,2,2026-01-05,completed,2026-02-26T02:00:00,2026-01-05
102050,314.0,37,5,2026-04-28,refunded,2026-04-18T20:00:00,2026-04-28
102051,305.0,43,5,2026-04-10,cancelled,2026-05-23T00:00:00,2026-04-10
102052,176.0,44,3,2026-03-30,cancelled,2026-02-08T14:00:00,2026-03-30
102053,438.0,96,4,2026-02-23,refunded,2026-06-28T05:00:00,2026-02-23
102054,345.0,50,3,2026-04-14,completed,2026-06-19T18:00:00,2026-04-14
102055,496.0,11,4,2026-05-24,completed,2026-01-22T06:00:00,2026-05-24
102056,383.0,68,3,2026-03-19,completed,2026-03-22T14:00:00,2026-03-19
102057,346.0,60,1,2026-02-09,refunded,2026-05-30T05:00:00,2026-02-09
102058,320.0,46,5,2026-04-21,cancelled,2026-01-06T09:00:00,2026-04-21
102059,285.0,96,4,2026-03-02,cancelled,2026-05-18T04:00:00,2026-03-02
102060,194.0,78,1,2026-01-25,cancelled,2026-02-25T06:00:00,2026-01-25
102061,57.0,74,3,2026-02-15,completed,2026-04-13T17:00:00,2026-02-15
102062,210.0,46,2,2026-04-18,refunded,2026-03-13T10:00:00,2026-04-18
102063,395.0,47,1,2026-06-20,completed,2026-05-09T17:00:00,2026-06-20
102064,273.0,51,2,2026-04-14,cancelled,2026-04-29T09:00:00,2026-04-14
102065,423.0,58,2,2026-02-15,cancelled,2026-03-15T00:00:00,2026-02-15
102066,273.0,43,4,2026-06-17,completed,2026-06-24T03:00:00,2026-06-17
102067,197.0,75,4,2026-04-18,cancelled,2026-02-18T20:00:00,2026-04-18
102068,15.0,80,2,2026-02-05,refunded,2026-06-08T16:00:00,2026-02-05
102069,42.0,77,5,2026-04-15,completed,2026-03-25T19:00:00,2026-04-15
102070,128.0,22,5,2026-06-10,cancelled,2026-06-25T02:00:00,2026-06-10
102071,488.0,48,1,2026-06-03,cancelled,2026-05-22T16:00:00,2026-06-03
102072,443.0,25,2,2026-04-28,completed,2026-03-03T05:00:00,2026-04-28
102073,242.0,92,2,2026-03-24,completed,2026-03-17T02:00:00,2026-03-24
102074,458.0,4,2,2026-05-28,cancelled,2026-04-28T07:00:00,2026-05-28
102075,351.0,78,4,2026-03-03,completed,2026-04-29T16:00:00,2026-03-03
102076,329.0,15,5,2026-03-26,completed,2026-03-04T14:00:00,2026-03-26
102077,370.0,9,1,2026-01-09,cancelled,2026-05-14T15:00:00,2026-01-09
102078,442.0,50,1,2026-04-17,completed,2026-05-18T03:00:00,2026-04-17
102079,367.0,100,5,2026-06-15,refunded,2026-01-07T14:00:00,2026-06-15
102080,247.0,93,1,2026-03-16,cancelled,2026-01-11T11:00:00,2026-03-16
102081,205.0,92,5,2026-06-11,cancelled,2026-04-20T03:00:00,2026-06-11
102082,54.0,19,3,2026-05-29,completed,2026-02-13T11:00:00,2026-05-29
102083,212.0,85,3,2026-02-06,completed,2026-05-04T06:00:00,2026-02-06
102084,136.0,13,3,2026-06-14,completed,2026-04-28T22:00:00,2026-06-14
102085,252.0,97,2,2026-03-08,completed,2026-03-17T22:00:00,2026-03-08
102086,228.0,43,4,2026-06-29,completed,2026-05-26T08:00:00,2026-06-29
102087,305.0,5,2,2026-02-07,refunded,2026-03-15T00:00:00,2026-02-07
102088,114.0,48,5,2026-04-03,completed,2026-03-20T22:00:00,2026-04-03
102089,82.0,73,3,2026-05-02,cancelled,2026-06-22T09:00:00,2026-05-02
102090,80.0,96,2,2026-02-07,refunded,2026-03-16T12:00:00,2026-02-07
102091,132.0,82,2,2026-01-08,completed,2026-05-30T09:00:00,2026-01-08
102092,76.0,75,1,2026-03-08,completed,2026-05-11T23:00:00,2026-03-08
102093,446.0,67,4,2026-05-03,refunded,2026-02-13T11:00:00,2026-05-03
102094,330.0,20,5,2026-05-09,completed,2026-05-14T11:00:00,2026-05-09
102095,194.0,63,2,2026-05-15,cancelled,2026-02-14T15:00:00,2026-05-15
102096,460.0,49,1,2026-06-21,completed,2026-03-29T07:00:00,2026-06-21
102097,159.0,27,2,2026-02-08,completed,2026-06-05T23:00:00,2026-02-08
102098,405.0,16,2,2026-04-02,cancelled,2026-04-28T18:00:00,2026-04-02
102099,468.0,82,1,2026-05-15,completed,2026-02-21T11:00:00,2026-05-15
102100,341.0,5,4,2026-06-10,completed,2026-03-26T16:00:00,2026-06-10
102101,35.0,35,5,2026-05-17,refunded,2026-01-21T01:00:00,2026-05-17
102102,229.0,73,5,2026-03-05,completed,2026-03-07T23:00:00,2026-03-05
102103,94.0,89,2,2026-02-28,cancelled,2026-02-15T01:00:00,2026-02-28
102104,312.0,35,5,2026-03-13,completed,2026-02-18T23:00:00,2026-03-13
102105,426.0,9,2,2026-05-14,completed,2026-01-16T06:00:00,2026-05-14
102106,117.0,32,5,2026-05-29,cancelled,2026-04-29T03:00:00,2026-05-29
102107,275.0,7,3,2026-06-12,completed,2026-02-20T15:00:00,2026-06-12
102108,60.0,57,1,2026-05-02,completed,2026-01-26T17:00:00,2026-05-02
102109,302.0,28,5,2026-05-05,completed,2026-05-26T00:00:00,2026-05-05
102110,298.0,56,1,2026-04-24,completed,2026-05-31T20:00:00,2026-04-24
102111,315.0,97,4,2026-01-01,completed,2026-04-15T19:00:00,2026-01-01
102112,139.0,64,2,2026-03-26,refunded,2026-05-04T16:00:00,2026-03-26
102113,146.0,83,3,2026-03-09,refunded,2026-03-05T10:00:00,2026-03-09
102114,141.0,87,5,2026-05-09,completed,2026-06-10T14:00:00,2026-05-09
102115,58.0,97,2,2026-05-05,completed,2026-03-23T16:00:00,2026-05-05
102116,241.0,64,2,2026-02-15,completed,2026-04-21T21:00:00,2026-02-15
102117,156.0,13,4,2026-03-29,refunded,2026-02-16T06:00:00,2026-03-29
102118,399.0,14,2,2026-02-24,completed,2026-05-09T09:00:00,2026-02-24
102119,164.0,99,5,2026-05-01,completed,2026-06-25T09:00:00,2026-05-01
102120,475.0,79,2,2026-05-27,completed,2026-03-24T05:00:00,2026-05-27
102121,99.0,99,4,2026-02-13,completed,2026-06-06T21:00:00,2026-02-13
102122,81.0,42,5,2026-05-02,refunded,2026-04-17T23:00:00,2026-05-02
102123,138.0,30,3,2026-05-01,completed,2026-04-05T04:00:00,2026-05-01
102124,157.0,43,3,2026-03-22,cancelled,2026-03-20T13:00:00,2026-03-22
102125,289.0,51,4,2026-01-02,cancelled,2026-01-15T13:00:00,2026-01-02
102126,182.0,83,2,2026-04-27,completed,2026-01-05T22:00:00,2026-04-27
102127,104.0,27,3,2026-03-17,completed,2026-01-07T10:00:00,2026-03-17
102128,219.0,49,3,2026-05-23,refunded,2026-02-21T06:00:00,2026-05-23
102129,317.0,65,4,2026-03-12,completed,2026-01-20T07:00:00,2026-03-12
102130,83.0,42,4,2026-06-01,cancelled,2026-01-12T21:00:00,2026-06-01
102131,200.0,89,4,2026-03-05,completed,2026-06-05T18:00:00,2026-03-05
102132,193.0,8,1,2026-01-15,completed,2026-03-12T17:00:00,2026-01-15
102133,190.0,57,3,2026-01-29,cancelled,2026-02-04T23:00:00,2026-01-29
102134,38.0,42,4,2026-02-08,completed,2026-05-31T09:00:00,2026-02-08
102135,294.0,26,5,2026-01-23,cancelled,2026-03-04T10:00:00,2026-01-23
102136,294.0,70,3,2026-05-23,refunded,2026-03-16T22:00:00,2026-05-23
102137,12.0,18,1,2026-06-29,completed,2026-04-03T14:00:00,2026-06-29
102138,383.0,28,2,2026-03-24,cancelled,2026-02-28T14:00:00,2026-03-24
102139,186.0,43,2,2026-06-23,completed,2026-03-07T19:00:00,2026-06-23
102140,383.0,3,2,2026-01-31,cancelled,2026-04-20T12:00:00,2026-01-31
102141,413.0,63,1,2026-05-16,completed,2026-05-12T11:00:00,2026-05-16
102142,9.0,73,4,2026-01-09,refunded,2026-03-25T17:00:00,2026-01-09
102143,252.0,37,5,2026-03-27,completed,2026-01-20T18:00:00,2026-03-27
102144,48.0,72,1,2026-05-17,completed,2026-05-12T02:00:00,2026-05-17
102145,294.0,60,5,2026-06-16,completed,2026-01-19T21:00:00,2026-06-16
102146,221.0,36,4,2026-04-26,completed,2026-06-16T10:00:00,2026-04-26
102147,38.0,24,5,2026-03-28,cancelled,2026-05-16T22:00:00,2026-03-28
102148,379.0,56,1,2026-04-13,refunded,2026-03-17T00:00:00,2026-04-13
102149,320.0,50,1,2026-01-03,completed,2026-03-24T13:00:00,2026-01-03
102150,78.0,34,2,2026-05-30,completed,2026-05-17T14:00:00,2026-05-30
102151,335.0,86,2,2026-05-28,completed,2026-05-28T04:00:00,2026-05-28
102152,97.0,99,2,2026-02-22,completed,2026-02-16T03:00:00,2026-02-22
102153,14.0,69,5,2026-01-11,completed,2026-05-19T11:00:00,2026-01-11
102154,489.0,9,3,2026-03-22,completed,2026-06-18T06:00:00,2026-03-22
102155,104.0,39,2,2026-04-19,completed,2026-03-01T06:00:00,2026-04-19
102156,396.0,46,1,2026-02-05,cancelled,2026-02-01T12:00:00,2026-02-05
102157,14.0,57,2,2026-04-08,completed,2026-04-25T14:00:00,2026-04-08
102158,205.0,26,2,2026-04-08,refunded,2026-02-01T02:00:00,2026-04-08
102159,497.0,23,5,2026-05-29,refunded,2026-02-01T05:00:00,2026-05-29
102160,388.0,27,1,2026-05-06,refunded,2026-04-02T23:00:00,2026-05-06
102161,163.0,54,2,2026-02-23,completed,2026-05-10T11:00:00,2026-02-23
102162,245.0,33,5,2026-01-29,cancelled,2026-01-05T00:00:00,2026-01-29
102163,195.0,54,4,2026-01-26,completed,2026-04-03T09:00:00,2026-01-26
102164,429.0,9,4,2026-06-16,completed,2026-02-28T22:00:00,2026-06-16
102165,44.0,84,4,2026-05-01,completed,2026-03-12T23:00:00,2026-05-01
102166,332.0,42,1,2026-02-06,completed,2026-02-15T18:00:00,2026-02-06
102167,5.0,17,5,2026-02-09,completed,2026-06-27T15:00:00,2026-02-09
102168,391.0,5,1,2026-06-02,completed,2026-06-19T09:00:00,2026-06-02
102169,191.0,80,4,2026-02-10,cancelled,2026-02-14T05:00:00,2026-02-10
102170,480.0,67,2,2026-06-21,completed,2026-04-04T03:00:00,2026-06-21
102171,403.0,21,1,2026-05-08,completed,2026-03-20T12:00:00,2026-05-08
102172,321.0,48,3,2026-06-09,completed,2026-01-08T00:00:00,2026-06-09
102173,170.0,4,4,2026-01-09,completed,2026-04-15T01:00:00,2026-01-09
102174,277.0,49,5,2026-05-15,completed,2026-02-10T03:00:00,2026-05-15
102175,8.0,45,2,2026-01-24,cancelled,2026-01-17T03:00:00,2026-01-24
102176,496.0,61,4,2026-04-17,refunded,2026-04-23T04:00:00,2026-04-17
102177,439.0,78,1,2026-03-21,cancelled,2026-05-01T08:00:00,2026-03-21
102178,66.0,42,5,2026-04-04,refunded,2026-06-21T22:00:00,2026-04-04
102179,50.0,62,4,2026-05-27,completed,2026-02-02T07:00:00,2026-05-27
102180,264.0,17,2,2026-02-27,completed,2026-01-25T22:00:00,2026-02-27
102181,207.0,37,5,2026-01-27,completed,2026-02-27T08:00:00,2026-01-27
102182,95.0,94,3,2026-03-26,cancelled,2026-06-21T18:00:00,2026-03-26
102183,267.0,67,5,2026-03-10,completed,2026-03-25T13:00:00,2026-03-10
102184,192.0,85,2,2026-05-29,completed,2026-04-09T20:00:00,2026-05-29
102185,25.0,26,2,2026-01-04,completed,2026-06-12T01:00:00,2026-01-04
102186,428.0,31,2,2026-04-12,completed,2026-01-03T18:00:00,2026-04-12
102187,247.0,62,3,2026-02-18,refunded,2026-04-14T14:00:00,2026-02-18
102188,110.0,59,5,2026-03-09,refunded,2026-04-23T03:00:00,2026-03-09
102189,382.0,36,5,2026-03-28,completed,2026-02-17T08:00:00,2026-03-28
102190,175.0,63,5,2026-04-27,completed,2026-06-21T10:00:00,2026-04-27
102191,391.0,67,3,2026-01-17,completed,2026-04-20T20:00:00,2026-01-17
102192,14.0,70,2,2026-01-25,completed,2026-04-28T03:00:00,2026-01-25
102193,62.0,71,3,2026-02-02,completed,2026-03-20T14:00:00,2026-02-02
102194,224.0,71,1,2026-05-10,completed,2026-04-12T16:00:00,2026-05-10
102195,100.0,19,2,2026-01-05,completed,2026-04-01T16:00:00,2026-01-05
102196,308.0,100,2,2026-05-25,refunded,2026-05-15T01:00:00,2026-05-25
102197,410.0,69,3,2026-05-19,completed,2026-06-27T16:00:00,2026-05-19
102198,86.0,48,2,2026-01-26,completed,2026-06-12T20:00:00,2026-01-26
102199,440.0,80,2,2026-02-08,refunded,2026-06-06T13:00:00,2026-02-08
102200,440.0,26,3,2026-01-13,cancelled,2026-03-17T12:00:00,2026-01-13
102201,462.0,67,4,2026-05-02,cancelled,2026-03-24T04:00:00,2026-05-02
102202,370.0,39,1,2026-01-20,completed,2026-05-23T21:00:00,2026-01-20
102203,160.0,27,5,2026-06-02,completed,2026-01-16T13:00:00,2026-06-02
102204,72.0,19,4,2026-02-11,completed,2026-04-11T05:00:00,2026-02-11
102205,331.0,54,4,2026-06-01,completed,2026-03-05T11:00:00,2026-06-01
102206,37.0,29,3,2026-02-05,cancelled,2026-02-01T23:00:00,2026-02-05
102207,379.0,75,2,2026-02-22,cancelled,2026-02-06T21:00:00,2026-02-22
102208,142.0,98,3,2026-01-03,completed,2026-05-14T09:00:00,2026-01-03
102209,269.0,14,5,2026-05-01,completed,2026-06-19T14:00:00,2026-05-01
102210,153.0,16,5,2026-06-06,cancelled,2026-02-09T02:00:00,2026-06-06
102211,451.0,97,3,2026-03-11,completed,2026-04-08T08:00:00,2026-03-11
102212,58.0,81,4,2026-04-20,refunded,2026-02-13T22:00:00,2026-04-20
102213,355.0,63,3,2026-02-27,refunded,2026-01-27T02:00:00,2026-02-27
102214,375.0,78,5,2026-04-03,completed,2026-06-20T15:00:00,2026-04-03
102215,429.0,90,4,2026-04-18,completed,2026-06-13T03:00:00,2026-04-18
102216,443.0,99,3,2026-03-12,completed,2026-06-13T16:00:00,2026-03-12
102217,169.0,54,3,2026-04-02,completed,2026-01-04T03:00:00,2026-04-02
102218,366.0,63,2,2026-05-30,cancelled,2026-02-26T18:00:00,2026-05-30
102219,223.0,86,3,2026-01-27,cancelled,2026-05-24T19:00:00,2026-01-27
102220,429.0,73,4,2026-06-05,refunded,2026-06-20T12:00:00,2026-06-05
102221,22.0,78,1,2026-06-01,completed,2026-05-28T03:00:00,2026-06-01
102222,61.0,98,2,2026-04-03,refunded,2026-06-22T22:00:00,2026-04-03
102223,463.0,78,4,2026-04-11,completed,2026-03-30T20:00:00,2026-04-11
102224,404.0,57,4,2026-05-27,refunded,2026-01-10T12:00:00,2026-05-27
102225,417.0,81,4,2026-06-21,completed,2026-02-25T18:00:00,2026-06-21
102226,93.0,4,3,2026-01-26,completed,2026-04-16T00:00:00,2026-01-26
102227,374.0,59,3,2026-04-02,completed,2026-04-01T07:00:00,2026-04-02
102228,142.0,58,1,2026-03-25,cancelled,2026-06-28T20:00:00,2026-03-25
102229,135.0,99,2,2026-02-23,refunded,2026-05-21T20:00:00,2026-02-23
102230,165.0,95,4,2026-03-31,completed,2026-05-08T02:00:00,2026-03-31
102231,171.0,46,5,2026-05-18,completed,2026-03-23T09:00:00,2026-05-18
102232,52.0,93,1,2026-06-13,cancelled,2026-03-22T19:00:00,2026-06-13
102233,255.0,82,2,2026-04-08,completed,2026-03-09T22:00:00,2026-04-08
102234,249.0,45,3,2026-04-23,completed,2026-02-10T05:00:00,2026-04-23
102235,166.0,3,1,2026-02-18,refunded,2026-03-21T16:00:00,2026-02-18
102236,359.0,83,5,2026-03-17,refunded,2026-05-18T05:00:00,2026-03-17
102237,204.0,80,1,2026-02-20,completed,2026-01-24T22:00:00,2026-02-20
102238,307.0,85,4,2026-03-09,completed,2026-03-29T17:00:00,2026-03-09
102239,182.0,51,2,2026-04-09,completed,2026-03-17T19:00:00,2026-04-09
102240,292.0,11,3,2026-02-27,cancelled,2026-01-11T07:00:00,2026-02-27
102241,281.0,20,3,2026-01-07,cancelled,2026-02-27T22:00:00,2026-01-07
102242,113.0,32,2,2026-04-23,completed,2026-02-07T00:00:00,2026-04-23
102243,152.0,32,1,2026-06-06,cancelled,2026-04-23T13:00:00,2026-06-06
102244,285.0,71,5,2026-02-19,cancelled,2026-02-17T16:00:00,2026-02-19
102245,298.0,52,5,2026-04-10,completed,2026-06-30T11:00:00,2026-04-10
102246,412.0,34,4,2026-04-05,completed,2026-03-02T10:00:00,2026-04-05
102247,277.0,46,1,2026-06-27,completed,2026-03-24T22:00:00,2026-06-27
102248,127.0,69,5,2026-02-02,completed,2026-05-10T22:00:00,2026-02-02
102249,244.0,69,3,2026-01-27,refunded,2026-02-28T23:00:00,2026-01-27
102250,179.0,92,5,2026-02-27,cancelled,2026-03-10T18:00:00,2026-02-27
102251,429.0,7,4,2026-06-08,cancelled,2026-05-08T18:00:00,2026-06-08
102252,224.0,9,2,2026-01-06,refunded,2026-04-25T17:00:00,2026-01-06
102253,333.0,8,3,2026-05-03,completed,2026-01-17T21:00:00,2026-05-03
102254,182.0,9,3,2026-05-26,completed,2026-01-08T22:00:00,2026-05-26
102255,307.0,63,4,2026-06-30,completed,2026-04-12T06:00:00,2026-06-30
102256,339.0,58,3,2026-05-18,completed,2026-03-26T07:00:00,2026-05-18
102257,292.0,66,4,2026-02-06,refunded,2026-06-24T18:00:00,2026-02-06
102258,162.0,1,5,2026-01-14,completed,2026-05-31T03:00:00,2026-01-14
102259,397.0,10,5,2026-01-17,refunded,2026-04-16T23:00:00,2026-01-17
102260,83.0,94,2,2026-03-05,refunded,2026-02-15T05:00:00,2026-03-05
102261,16.0,84,4,2026-01-31,completed,2026-01-23T03:00:00,2026-01-31
102262,485.0,52,5,2026-06-29,cancelled,2026-04-15T12:00:00,2026-06-29
102263,357.0,61,2,2026-03-29,completed,2026-01-25T09:00:00,2026-03-29
102264,182.0,23,4,2026-03-06,cancelled,2026-01-24T05:00:00,2026-03-06
102265,134.0,52,2,2026-02-28,completed,2026-06-15T20:00:00,2026-02-28
102266,42.0,44,4,2026-01-25,refunded,2026-03-07T00:00:00,2026-01-25
102267,451.0,78,1,2026-05-23,completed,2026-06-24T11:00:00,2026-05-23
102268,49.0,22,1,2026-05-16,completed,2026-01-02T10:00:00,2026-05-16
102269,197.0,40,1,2026-05-26,refunded,2026-04-06T02:00:00,2026-05-26
102270,490.0,23,2,2026-06-12,refunded,2026-05-08T05:00:00,2026-06-12
102271,275.0,28,3,2026-01-25,completed,2026-06-03T11:00:00,2026-01-25
102272,294.0,23,4,2026-06-30,completed,2026-05-10T04:00:00,2026-06-30
102273,417.0,57,1,2026-06-09,completed,2026-05-18T03:00:00,2026-06-09
102274,414.0,40,3,2026-01-28,completed,2026-06-24T05:00:00,2026-01-28
102275,303.0,67,2,2026-01-26,cancelled,2026-02-19T19:00:00,2026-01-26
102276,80.0,79,3,2026-04-27,refunded,2026-04-10T14:00:00,2026-04-27
102277,484.0,15,5,2026-01-17,completed,2026-03-05T11:00:00,2026-01-17
102278,73.0,31,4,2026-02-18,cancelled,2026-01-11T11:00:00,2026-02-18
102279,31.0,62,5,2026-01-26,refunded,2026-01-24T21:00:00,2026-01-26
102280,336.0,42,5,2026-05-25,refunded,2026-06-29T17:00:00,2026-05-25
102281,268.0,51,5,2026-06-14,completed,2026-03-14T10:00:00,2026-06-14
102282,70.0,58,2,2026-03-16,cancelled,2026-04-14T13:00:00,2026-03-16
102283,194.0,11,4,2026-01-07,cancelled,2026-01-27T10:00:00,2026-01-07
102284,288.0,62,5,2026-04-10,completed,2026-05-08T09:00:00,2026-04-10
102285,395.0,88,1,2026-05-16,completed,2026-02-18T02:00:00,2026-05-16
102286,158.0,76,5,2026-05-19,completed,2026-06-14T10:00:00,2026-05-19
102287,379.0,7,5,2026-01-08,completed,2026-03-19T12:00:00,2026-01-08
102288,97.0,46,5,2026-01-14,cancelled,2026-05-11T16:00:00,2026-01-14
102289,435.0,23,5,2026-04-05,completed,2026-02-24T03:00:00,2026-04-05
102290,235.0,24,2,2026-03-23,completed,2026-02-22T15:00:00,2026-03-23
102291,106.0,74,5,2026-01-04,completed,2026-04-08T06:00:00,2026-01-04
102292,461.0,89,1,2026-03-16,completed,2026-03-03T21:00:00,2026-03-16
102293,417.0,43,2,2026-04-10,completed,2026-04-06T12:00:00,2026-04-10
102294,23.0,20,2,2026-06-03,completed,2026-06-09T21:00:00,2026-06-03
102295,133.0,55,5,2026-06-10,completed,2026-02-22T20:00:00,2026-06-10
102296,378.0,35,4,2026-06-26,completed,2026-04-17T13:00:00,2026-06-26
102297,194.0,36,2,2026-05-05,completed,2026-06-03T00:00:00,2026-05-05
102298,321.0,89,4,2026-01-11,cancelled,2026-02-02T21:00:00,2026-01-11
102299,354.0,29,1,2026-06-13,completed,2026-01-30T05:00:00,2026-06-13
102300,462.0,63,1,2026-02-16,refunded,2026-03-25T05:00:00,2026-02-16
102301,484.0,95,3,2026-06-24,cancelled,2026-03-14T17:00:00,2026-06-24
102302,147.0,37,5,2026-03-08,completed,2026-01-31T12:00:00,2026-03-08
102303,422.0,26,1,2026-05-23,cancelled,2026-02-21T04:00:00,2026-05-23
102304,266.0,5,4,2026-05-03,completed,2026-01-29T07:00:00,2026-05-03
102305,20.0,50,2,2026-01-22,completed,2026-03-03T13:00:00,2026-01-22
102306,316.0,48,4,2026-02-06,cancelled,2026-06-02T01:00:00,2026-02-06
102307,340.0,65,2,2026-02-23,completed,2026-01-12T18:00:00,2026-02-23
102308,8.0,20,3,2026-03-06,completed,2026-03-31T14:00:00,2026-03-06
102309,103.0,83,1,2026-04-11,cancelled,2026-02-09T09:00:00,2026-04-11
102310,259.0,9,2,2026-02-17,completed,2026-03-27T21:00:00,2026-02-17
102311,370.0,57,1,2026-04-23,completed,2026-03-04T19:00:00,2026-04-23
102312,271.0,37,5,2026-02-11,completed,2026-05-21T10:00:00,2026-02-11
102313,30.0,15,1,2026-04-15,refunded,2026-05-17T00:00:00,2026-04-15
102314,317.0,93,2,2026-03-24,completed,2026-01-10T04:00:00,2026-03-24
102315,462.0,14,2,2026-01-02,cancelled,2026-01-01T18:00:00,2026-01-02
102316,30.0,50,5,2026-01-31,completed,2026-06-10T01:00:00,2026-01-31
102317,289.0,70,1,2026-01-06,cancelled,2026-05-27T20:00:00,2026-01-06
102318,198.0,37,5,2026-04-10,cancelled,2026-03-02T21:00:00,2026-04-10
102319,252.0,79,3,2026-03-30,cancelled,2026-05-03T04:00:00,2026-03-30
102320,233.0,69,3,2026-02-27,completed,2026-03-15T20:00:00,2026-02-27
102321,375.0,23,4,2026-03-07,completed,2026-04-05T23:00:00,2026-03-07
102322,11.0,56,3,2026-02-06,completed,2026-04-28T13:00:00,2026-02-06
102323,364.0,70,2,2026-04-13,completed,2026-06-10T11:00:00,2026-04-13
102324,107.0,52,4,2026-04-17,cancelled,2026-04-26T14:00:00,2026-04-17
102325,488.0,50,4,2026-04-04,completed,2026-03-25T21:00:00,2026-04-04
102326,205.0,18,5,2026-02-22,completed,2026-02-25T22:00:00,2026-02-22
102327,98.0,73,2,2026-06-18,refunded,2026-04-04T14:00:00,2026-06-18
102328,281.0,98,4,2026-04-06,completed,2026-02-24T12:00:00,2026-04-06
102329,73.0,61,1,2026-05-19,cancelled,2026-03-18T19:00:00,2026-05-19
102330,212.0,7,2,2026-02-25,completed,2026-05-22T05:00:00,2026-02-25
102331,338.0,50,5,2026-04-21,completed,2026-04-24T00:00:00,2026-04-21
102332,356.0,27,4,2026-05-26,completed,2026-03-11T23:00:00,2026-05-26
102333,349.0,73,2,2026-06-14,cancelled,2026-05-28T06:00:00,2026-06-14
102334,78.0,53,3,2026-04-30,completed,2026-02-03T15:00:00,2026-04-30
102335,162.0,79,5,2026-05-16,completed,2026-06-23T03:00:00,2026-05-16
102336,403.0,9,1,2026-01-06,completed,2026-01-14T10:00:00,2026-01-06
102337,437.0,12,3,2026-04-02,completed,2026-02-08T06:00:00,2026-04-02
102338,158.0,9,3,2026-06-09,completed,2026-05-30T14:00:00,2026-06-09
102339,244.0,44,2,2026-03-16,completed,2026-01-26T17:00:00,2026-03-16
102340,82.0,20,2,2026-04-17,completed,2026-05-17T19:00:00,2026-04-17
102341,210.0,21,5,2026-05-22,cancelled,2026-06-29T08:00:00,2026-05-22
102342,354.0,32,1,2026-06-19,completed,2026-04-24T03:00:00,2026-06-19
102343,387.0,6,2,2026-04-08,cancelled,2026-04-08T15:00:00,2026-04-08
102344,88.0,99,1,2026-05-31,completed,2026-04-23T18:00:00,2026-05-31
102345,293.0,24,4,2026-01-06,cancelled,2026-06-21T18:00:00,2026-01-06
102346,177.0,44,1,2026-04-05,completed,2026-02-15T04:00:00,2026-04-05
102347,320.0,39,4,2026-02-08,completed,2026-06-21T06:00:00,2026-02-08
102348,493.0,82,3,2026-03-16,completed,2026-04-01T19:00:00,2026-03-16
102349,410.0,64,1,2026-06-09,refunded,2026-04-17T05:00:00,2026-06-09
102350,187.0,33,2,2026-05-12,completed,2026-05-14T00:00:00,2026-05-12
102351,251.0,41,2,2026-01-14,completed,2026-06-29T09:00:00,2026-01-14
102352,135.0,58,4,2026-03-28,completed,2026-03-11T23:00:00,2026-03-28
102353,389.0,85,4,2026-06-18,completed,2026-03-27T17:00:00,2026-06-18
102354,17.0,17,5,2026-01-03,refunded,2026-01-05T09:00:00,2026-01-03
102355,195.0,26,4,2026-04-08,cancelled,2026-01-10T22:00:00,2026-04-08
102356,345.0,35,4,2026-03-27,completed,2026-05-12T13:00:00,2026-03-27
102357,209.0,91,3,2026-02-03,completed,2026-03-08T17:00:00,2026-02-03
102358,99.0,63,3,2026-03-10,completed,2026-04-26T21:00:00,2026-03-10
102359,44.0,86,3,2026-05-11,completed,2026-01-06T04:00:00,2026-05-11
102360,413.0,98,1,2026-03-04,completed,2026-02-15T11:00:00,2026-03-04
102361,34.0,20,5,2026-03-02,completed,2026-01-20T00:00:00,2026-03-02
102362,371.0,2,3,2026-06-08,completed,2026-02-09T18:00:00,2026-06-08
102363,321.0,59,3,2026-06-20,completed,2026-06-06T03:00:00,2026-06-20
102364,29.0,91,2,2026-02-21,completed,2026-02-17T02:00:00,2026-02-21
102365,368.0,12,1,2026-04-21,completed,2026-02-23T01:00:00,2026-04-21
102366,368.0,11,4,2026-03-24,refunded,2026-02-19T15:00:00,2026-03-24
102367,419.0,26,4,2026-06-04,completed,2026-05-01T09:00:00,2026-06-04
102368,375.0,87,5,2026-01-16,cancelled,2026-02-17T16:00:00,2026-01-16
102369,4.0,11,2,2026-02-20,completed,2026-02-06T17:00:00,2026-02-20
102370,295.0,25,1,2026-06-29,completed,2026-02-18T05:00:00,2026-06-29
102371,435.0,42,2,2026-02-11,cancelled,2026-06-12T18:00:00,2026-02-11
102372,152.0,77,4,2026-05-10,completed,2026-02-25T13:00:00,2026-05-10
102373,129.0,45,2,2026-05-16,completed,2026-06-17T21:00:00,2026-05-16
102374,129.0,37,2,2026-01-17,completed,2026-01-17T15:00:00,2026-01-17
102375,177.0,94,1,2026-06-08,cancelled,2026-01-21T21:00:00,2026-06-08
102376,392.0,92,4,2026-01-04,completed,2026-03-23T18:00:00,2026-01-04
102377,395.0,47,5,2026-06-23,completed,2026-05-26T08:00:00,2026-06-23
102378,373.0,41,4,2026-04-02,cancelled,2026-04-05T15:00:00,2026-04-02
102379,154.0,98,4,2026-03-22,refunded,2026-02-18T07:00:00,2026-03-22
102380,301.0,22,1,2026-06-26,completed,2026-04-15T14:00:00,2026-06-26
102381,451.0,60,3,2026-04-14,cancelled,2026-04-29T14:00:00,2026-04-14
102382,79.0,19,4,2026-04-18,completed,2026-02-05T10:00:00,2026-04-18
102383,196.0,81,2,2026-04-13,completed,2026-01-04T13:00:00,2026-04-13
102384,406.0,85,2,2026-02-08,refunded,2026-02-17T06:00:00,2026-02-08
102385,49.0,3,4,2026-05-01,completed,2026-03-11T10:00:00,2026-05-01
102386,102.0,3,4,2026-04-11,completed,2026-03-19T17:00:00,2026-04-11
102387,143.0,30,2,2026-05-05,refunded,2026-05-08T13:00:00,2026-05-05
102388,223.0,21,4,2026-06-20,completed,2026-04-01T03:00:00,2026-06-20
102389,35.0,42,4,2026-06-05,completed,2026-02-06T07:00:00,2026-06-05
102390,266.0,64,2,2026-04-17,cancelled,2026-01-04T09:00:00,2026-04-17
102391,324.0,21,3,2026-06-11,completed,2026-06-25T19:00:00,2026-06-11
102392,220.0,79,1,2026-06-03,completed,2026-05-16T09:00:00,2026-06-03
102393,175.0,93,3,2026-06-26,completed,2026-04-05T18:00:00,2026-06-26
102394,497.0,61,1,2026-01-05,cancelled,2026-04-05T13:00:00,2026-01-05
102395,127.0,27,3,2026-06-26,completed,2026-03-22T20:00:00,2026-06-26
102396,469.0,61,3,2026-05-23,completed,2026-05-28T10:00:00,2026-05-23
102397,358.0,25,2,2026-03-24,refunded,2026-02-28T22:00:00,2026-03-24
102398,304.0,79,2,2026-03-05,cancelled,2026-05-25T15:00:00,2026-03-05
102399,456.0,3,3,2026-05-11,completed,2026-04-09T04:00:00,2026-05-11
102400,320.0,42,1,2026-05-16,cancelled,2026-04-29T19:00:00,2026-05-16
102401,462.0,94,3,2026-01-18,cancelled,2026-04-10T06:00:00,2026-01-18
102402,406.0,99,3,2026-02-06,completed,2026-01-16T15:00:00,2026-02-06
102403,127.0,29,1,2026-03-25,completed,2026-06-08T15:00:00,2026-03-25
102404,288.0,19,3,2026-03-23,cancelled,2026-03-22T19:00:00,2026-03-23
102405,453.0,69,2,2026-06-15,completed,2026-06-02T19:00:00,2026-06-15
102406,62.0,38,1,2026-02-19,refunded,2026-05-10T09:00:00,2026-02-19
102407,128.0,49,4,2026-06-29,completed,2026-03-18T08:00:00,2026-06-29
102408,105.0,19,3,2026-01-07,completed,2026-06-16T20:00:00,2026-01-07
102409,391.0,54,1,2026-04-05,cancelled,2026-02-07T14:00:00,2026-04-05
102410,321.0,49,5,2026-02-10,refunded,2026-04-24T10:00:00,2026-02-10
102411,56.0,36,4,2026-03-12,completed,2026-06-30T19:00:00,2026-03-12
102412,233.0,37,2,2026-05-31,completed,2026-03-24T00:00:00,2026-05-31
102413,64.0,7,3,2026-05-22,cancelled,2026-04-05T04:00:00,2026-05-22
102414,162.0,93,4,2026-05-21,completed,2026-06-10T13:00:00,2026-05-21
102415,331.0,42,4,2026-02-15,completed,2026-06-06T01:00:00,2026-02-15
102416,330.0,37,3,2026-05-25,refunded,2026-01-11T16:00:00,2026-05-25
102417,29.0,93,2,2026-05-08,completed,2026-01-18T04:00:00,2026-05-08
102418,78.0,14,5,2026-02-11,completed,2026-01-24T11:00:00,2026-02-11
102419,498.0,46,3,2026-01-21,cancelled,2026-03-29T02:00:00,2026-01-21
102420,253.0,52,5,2026-01-16,refunded,2026-04-17T20:00:00,2026-01-16
102421,405.0,51,2,2026-05-21,completed,2026-02-23T14:00:00,2026-05-21
102422,82.0,15,3,2026-02-28,completed,2026-01-15T20:00:00,2026-02-28
102423,350.0,72,1,2026-01-14,completed,2026-05-03T01:00:00,2026-01-14
102424,22.0,29,2,2026-02-09,completed,2026-05-09T10:00:00,2026-02-09
102425,166.0,50,4,2026-01-05,refunded,2026-03-16T15:00:00,2026-01-05
102426,13.0,86,4,2026-05-21,completed,2026-01-11T06:00:00,2026-05-21
102427,302.0,5,2,2026-02-28,refunded,2026-05-06T00:00:00,2026-02-28
102428,179.0,90,1,2026-05-29,completed,2026-05-11T05:00:00,2026-05-29
102429,204.0,28,2,2026-05-18,completed,2026-06-10T23:00:00,2026-05-18
102430,319.0,37,3,2026-05-23,completed,2026-05-11T12:00:00,2026-05-23
102431,82.0,26,5,2026-03-07,completed,2026-02-20T10:00:00,2026-03-07
102432,460.0,34,4,2026-01-31,completed,2026-04-26T00:00:00,2026-01-31
102433,229.0,78,5,2026-04-14,completed,2026-02-17T03:00:00,2026-04-14
102434,22.0,50,1,2026-02-22,completed,2026-05-26T23:00:00,2026-02-22
102435,383.0,39,2,2026-06-01,completed,2026-04-03T14:00:00,2026-06-01
102436,28.0,83,2,2026-05-26,completed,2026-02-25T16:00:00,2026-05-26
102437,13.0,40,1,2026-02-25,completed,2026-03-27T06:00:00,2026-02-25
102438,256.0,93,4,2026-03-25,cancelled,2026-04-11T19:00:00,2026-03-25
102439,386.0,22,4,2026-05-03,refunded,2026-06-02T09:00:00,2026-05-03
102440,408.0,86,2,2026-01-20,refunded,2026-01-28T00:00:00,2026-01-20
102441,437.0,4,5,2026-01-13,completed,2026-03-12T00:00:00,2026-01-13
102442,156.0,57,4,2026-05-26,completed,2026-01-25T01:00:00,2026-05-26
102443,189.0,28,2,2026-04-19,completed,2026-01-20T08:00:00,2026-04-19
102444,214.0,84,1,2026-03-18,completed,2026-01-31T09:00:00,2026-03-18
102445,73.0,34,4,2026-02-22,completed,2026-06-12T23:00:00,2026-02-22
102446,488.0,88,1,2026-05-02,completed,2026-01-04T03:00:00,2026-05-02
102447,45.0,93,2,2026-04-27,refunded,2026-06-27T17:00:00,2026-04-27
102448,140.0,35,1,2026-06-29,refunded,2026-05-03T02:00:00,2026-06-29
102449,375.0,89,2,2026-02-25,completed,2026-04-12T21:00:00,2026-02-25
102450,194.0,4,1,2026-05-08,cancelled,2026-04-30T13:00:00,2026-05-08
102451,90.0,2,5,2026-01-12,completed,2026-03-13T22:00:00,2026-01-12
102452,145.0,93,4,2026-02-21,completed,2026-01-07T21:00:00,2026-02-21
102453,140.0,25,2,2026-06-26,cancelled,2026-01-01T20:00:00,2026-06-26
102454,23.0,73,4,2026-05-24,cancelled,2026-03-01T22:00:00,2026-05-24
102455,435.0,96,1,2026-03-15,completed,2026-01-23T19:00:00,2026-03-15
102456,189.0,59,4,2026-05-20,completed,2026-04-06T21:00:00,2026-05-20
102457,462.0,48,5,2026-05-19,completed,2026-03-24T23:00:00,2026-05-19
102458,328.0,45,4,2026-02-14,refunded,2026-04-13T11:00:00,2026-02-14
102459,240.0,45,3,2026-02-07,cancelled,2026-06-22T17:00:00,2026-02-07
102460,209.0,47,4,2026-01-23,refunded,2026-03-06T04:00:00,2026-01-23
102461,171.0,46,4,2026-04-26,refunded,2026-06-24T05:00:00,2026-04-26
102462,456.0,6,3,2026-05-10,completed,2026-06-03T10:00:00,2026-05-10
102463,277.0,81,2,2026-05-27,completed,2026-02-22T22:00:00,2026-05-27
102464,203.0,11,4,2026-01-29,refunded,2026-05-20T01:00:00,2026-01-29
102465,267.0,14,5,2026-01-02,completed,2026-05-21T21:00:00,2026-01-02
102466,483.0,22,2,2026-06-25,completed,2026-05-06T03:00:00,2026-06-25
102467,167.0,94,3,2026-05-21,cancelled,2026-05-14T21:00:00,2026-05-21
102468,420.0,51,2,2026-05-28,completed,2026-04-15T22:00:00,2026-05-28
102469,385.0,14,2,2026-06-13,cancelled,2026-02-09T22:00:00,2026-06-13
102470,459.0,97,2,2026-01-01,refunded,2026-01-28T15:00:00,2026-01-01
102471,74.0,10,3,2026-03-03,cancelled,2026-03-19T06:00:00,2026-03-03
102472,278.0,82,1,2026-02-18,completed,2026-01-05T00:00:00,2026-02-18
102473,152.0,16,2,2026-02-17,completed,2026-01-18T08:00:00,2026-02-17
102474,232.0,16,4,2026-04-02,cancelled,2026-01-03T22:00:00,2026-04-02
102475,306.0,39,3,2026-04-10,completed,2026-02-23T09:00:00,2026-04-10
102476,220.0,80,5,2026-05-03,refunded,2026-06-01T01:00:00,2026-05-03
102477,348.0,63,1,2026-05-08,completed,2026-03-31T00:00:00,2026-05-08
102478,131.0,90,4,2026-04-09,refunded,2026-01-26T13:00:00,2026-04-09
102479,353.0,76,5,2026-03-31,cancelled,2026-01-07T12:00:00,2026-03-31
102480,20.0,63,1,2026-05-02,completed,2026-05-20T02:00:00,2026-05-02
102481,43.0,32,1,2026-04-27,cancelled,2026-03-28T07:00:00,2026-04-27
102482,310.0,61,1,2026-03-24,completed,2026-05-22T22:00:00,2026-03-24
102483,438.0,58,2,2026-06-07,cancelled,2026-01-25T00:00:00,2026-06-07
102484,351.0,17,5,2026-06-22,completed,2026-05-10T14:00:00,2026-06-22
102485,36.0,65,2,2026-04-29,completed,2026-06-28T18:00:00,2026-04-29
102486,199.0,69,1,2026-03-06,refunded,2026-01-31T22:00:00,2026-03-06
102487,265.0,63,2,2026-04-26,completed,2026-02-11T01:00:00,2026-04-26
102488,149.0,77,3,2026-04-20,completed,2026-06-25T04:00:00,2026-04-20
102489,496.0,10,2,2026-05-04,cancelled,2026-03-05T00:00:00,2026-05-04
102490,199.0,100,2,2026-04-07,completed,2026-03-19T05:00:00,2026-04-07
102491,115.0,44,5,2026-05-07,completed,2026-04-24T22:00:00,2026-05-07
102492,486.0,15,1,2026-02-12,completed,2026-02-03T23:00:00,2026-02-12
102493,485.0,78,5,2026-01-07,cancelled,2026-05-08T11:00:00,2026-01-07
102494,407.0,90,4,2026-01-06,refunded,2026-06-27T11:00:00,2026-01-06
102495,326.0,70,1,2026-04-18,cancelled,2026-01-09T08:00:00,2026-04-18
102496,224.0,72,4,2026-01-18,completed,2026-01-23T08:00:00,2026-01-18
102497,450.0,86,3,2026-05-02,cancelled,2026-05-10T07:00:00,2026-05-02
102498,465.0,18,1,2026-01-07,completed,2026-01-23T18:00:00,2026-01-07
102499,96.0,86,2,2026-04-25,refunded,2026-04-06T17:00:00,2026-04-25
102500,135.0,62,1,2026-06-18,completed,2026-05-30T13:00:00,2026-06-18
102501,60.0,72,1,2026-03-01,completed,2026-02-07T09:00:00,2026-03-01
102502,69.0,96,4,2026-01-03,completed,2026-01-16T16:00:00,2026-01-03
102503,404.0,2,1,2026-05-15,completed,2026-05-30T16:00:00,2026-05-15
102504,5.0,39,2,2026-03-23,completed,2026-05-03T06:00:00,2026-03-23
102505,97.0,85,4,2026-05-03,cancelled,2026-02-24T03:00:00,2026-05-03
102506,89.0,50,5,2026-06-12,refunded,2026-01-19T04:00:00,2026-06-12
102507,342.0,17,5,2026-02-07,completed,2026-05-03T16:00:00,2026-02-07
102508,38.0,73,2,2026-03-05,cancelled,2026-06-10T11:00:00,2026-03-05
102509,481.0,29,3,2026-04-15,completed,2026-04-21T01:00:00,2026-04-15
102510,446.0,42,4,2026-01-08,completed,2026-06-21T23:00:00,2026-01-08
102511,477.0,48,4,2026-04-26,refunded,2026-02-27T23:00:00,2026-04-26
102512,465.0,17,4,2026-06-07,refunded,2026-04-15T20:00:00,2026-06-07
102513,447.0,97,2,2026-03-03,refunded,2026-05-14T09:00:00,2026-03-03
102514,255.0,99,1,2026-04-21,refunded,2026-01-08T13:00:00,2026-04-21
102515,34.0,72,1,2026-06-30,completed,2026-06-14T01:00:00,2026-06-30
102516,190.0,36,4,2026-03-13,cancelled,2026-06-16T10:00:00,2026-03-13
102517,156.0,69,5,2026-03-25,completed,2026-05-01T16:00:00,2026-03-25
102518,250.0,50,5,2026-06-27,refunded,2026-06-24T19:00:00,2026-06-27
102519,307.0,85,5,2026-02-05,cancelled,2026-03-28T02:00:00,2026-02-05
102520,355.0,63,3,2026-05-17,refunded,2026-06-07T20:00:00,2026-05-17
102521,33.0,33,3,2026-03-11,completed,2026-06-02T16:00:00,2026-03-11
102522,117.0,41,3,2026-03-03,refunded,2026-02-18T11:00:00,2026-03-03
102523,498.0,40,2,2026-03-27,refunded,2026-06-23T13:00:00,2026-03-27
102524,143.0,34,5,2026-04-19,completed,2026-06-06T04:00:00,2026-04-19
102525,411.0,99,3,2026-02-18,completed,2026-05-19T17:00:00,2026-02-18
102526,165.0,27,4,2026-05-29,refunded,2026-02-14T03:00:00,2026-05-29
102527,371.0,93,3,2026-06-13,completed,2026-02-22T19:00:00,2026-06-13
102528,405.0,82,3,2026-02-16,cancelled,2026-04-06T07:00:00,2026-02-16
102529,201.0,62,3,2026-05-26,cancelled,2026-05-18T10:00:00,2026-05-26
102530,75.0,33,5,2026-01-19,completed,2026-02-01T12:00:00,2026-01-19
102531,417.0,71,4,2026-01-01,completed,2026-02-18T08:00:00,2026-01-01
102532,476.0,64,4,2026-05-21,refunded,2026-03-12T16:00:00,2026-05-21
102533,291.0,54,2,2026-03-10,completed,2026-04-20T20:00:00,2026-03-10
102534,251.0,77,1,2026-05-02,cancelled,2026-04-10T10:00:00,2026-05-02
102535,62.0,18,2,2026-02-01,completed,2026-01-14T01:00:00,2026-02-01
102536,434.0,9,3,2026-01-28,refunded,2026-05-18T08:00:00,2026-01-28
102537,66.0,13,4,2026-02-22,completed,2026-06-19T18:00:00,2026-02-22
102538,31.0,2,1,2026-03-28,refunded,2026-03-12T09:00:00,2026-03-28
102539,221.0,31,2,2026-02-26,refunded,2026-06-04T18:00:00,2026-02-26
102540,385.0,35,5,2026-04-01,completed,2026-02-08T00:00:00,2026-04-01
102541,284.0,75,3,2026-02-26,completed,2026-04-09T06:00:00,2026-02-26
102542,278.0,79,1,2026-02-11,completed,2026-05-27T23:00:00,2026-02-11
102543,315.0,35,4,2026-02-01,completed,2026-03-05T13:00:00,2026-02-01
102544,114.0,31,4,2026-06-06,completed,2026-02-14T07:00:00,2026-06-06
102545,144.0,14,1,2026-03-03,completed,2026-04-22T18:00:00,2026-03-03
102546,441.0,77,4,2026-04-25,completed,2026-03-01T03:00:00,2026-04-25
102547,434.0,11,4,2026-04-24,cancelled,2026-02-08T23:00:00,2026-04-24
102548,455.0,50,5,2026-04-08,completed,2026-05-19T08:00:00,2026-04-08
102549,106.0,87,4,2026-04-22,refunded,2026-03-29T10:00:00,2026-04-22
102550,11.0,64,5,2026-06-07,cancelled,2026-04-24T19:00:00,2026-06-07
102551,106.0,48,2,2026-06-30,completed,2026-06-03T22:00:00,2026-06-30
102552,350.0,49,2,2026-04-14,completed,2026-02-25T10:00:00,2026-04-14
102553,181.0,52,3,2026-03-05,completed,2026-03-01T12:00:00,2026-03-05
102554,308.0,61,1,2026-06-25,refunded,2026-03-04T20:00:00,2026-06-25
102555,358.0,9,4,2026-01-06,cancelled,2026-05-27T11:00:00,2026-01-06
102556,185.0,49,1,2026-05-06,cancelled,2026-04-25T13:00:00,2026-05-06
102557,46.0,56,3,2026-03-31,completed,2026-03-10T11:00:00,2026-03-31
102558,467.0,34,4,2026-02-10,completed,2026-02-26T18:00:00,2026-02-10
102559,331.0,67,5,2026-05-16,completed,2026-01-10T12:00:00,2026-05-16
102560,187.0,7,2,2026-01-24,completed,2026-01-24T19:00:00,2026-01-24
102561,357.0,71,1,2026-03-06,completed,2026-05-15T08:00:00,2026-03-06
102562,232.0,20,3,2026-02-06,cancelled,2026-03-13T05:00:00,2026-02-06
102563,118.0,53,3,2026-02-12,refunded,2026-01-18T07:00:00,2026-02-12
102564,447.0,12,5,2026-01-14,refunded,2026-06-17T23:00:00,2026-01-14
102565,91.0,37,5,2026-05-01,cancelled,2026-02-12T07:00:00,2026-05-01
102566,9.0,26,5,2026-01-20,completed,2026-01-26T08:00:00,2026-01-20
102567,419.0,23,5,2026-02-01,cancelled,2026-05-22T11:00:00,2026-02-01
102568,371.0,23,2,2026-05-17,completed,2026-03-04T00:00:00,2026-05-17
102569,167.0,22,3,2026-05-12,completed,2026-05-09T16:00:00,2026-05-12
102570,459.0,8,4,2026-02-04,completed,2026-01-13T15:00:00,2026-02-04
102571,80.0,17,2,2026-06-05,completed,2026-05-27T08:00:00,2026-06-05
102572,237.0,32,4,2026-02-14,completed,2026-03-05T05:00:00,2026-02-14
102573,328.0,78,1,2026-01-18,cancelled,2026-02-04T00:00:00,2026-01-18
102574,148.0,59,5,2026-05-06,cancelled,2026-05-21T17:00:00,2026-05-06
102575,372.0,52,5,2026-04-30,refunded,2026-04-01T19:00:00,2026-04-30
102576,296.0,92,4,2026-03-06,refunded,2026-04-15T05:00:00,2026-03-06
102577,258.0,64,2,2026-01-10,completed,2026-01-19T19:00:00,2026-01-10
102578,189.0,39,1,2026-06-04,cancelled,2026-04-08T12:00:00,2026-06-04
102579,154.0,48,1,2026-03-22,cancelled,2026-02-20T00:00:00,2026-03-22
102580,111.0,56,2,2026-04-26,refunded,2026-02-05T20:00:00,2026-04-26
102581,407.0,39,4,2026-03-04,completed,2026-01-05T07:00:00,2026-03-04
102582,463.0,57,3,2026-05-05,cancelled,2026-04-30T22:00:00,2026-05-05
102583,239.0,48,2,2026-04-29,completed,2026-04-17T01:00:00,2026-04-29
102584,126.0,19,1,2026-03-17,completed,2026-01-14T11:00:00,2026-03-17
102585,239.0,50,4,2026-01-20,refunded,2026-03-17T11:00:00,2026-01-20
102586,421.0,66,5,2026-05-03,completed,2026-05-03T02:00:00,2026-05-03
102587,181.0,43,2,2026-03-21,refunded,2026-02-12T00:00:00,2026-03-21
102588,52.0,19,5,2026-03-11,completed,2026-01-07T16:00:00,2026-03-11
102589,112.0,81,5,2026-04-06,completed,2026-04-25T12:00:00,2026-04-06
102590,172.0,79,4,2026-03-30,refunded,2026-03-25T09:00:00,2026-03-30
102591,189.0,7,5,2026-05-30,completed,2026-04-23T15:00:00,2026-05-30
102592,222.0,98,5,2026-01-10,refunded,2026-05-25T16:00:00,2026-01-10
102593,35.0,20,4,2026-03-26,cancelled,2026-06-12T08:00:00,2026-03-26
102594,74.0,19,2,2026-01-24,refunded,2026-04-09T08:00:00,2026-01-24
102595,202.0,29,1,2026-01-12,completed,2026-01-04T04:00:00,2026-01-12
102596,100.0,54,5,2026-02-19,cancelled,2026-02-08T13:00:00,2026-02-19
102597,281.0,73,3,2026-02-23,completed,2026-01-17T05:00:00,2026-02-23
102598,440.0,5,3,2026-05-04,completed,2026-02-26T14:00:00,2026-05-04
102599,469.0,22,4,2026-01-30,completed,2026-06-21T14:00:00,2026-01-30
102600,416.0,44,5,2026-04-06,cancelled,2026-03-08T18:00:00,2026-04-06
102601,286.0,71,3,2026-06-11,completed,2026-05-15T04:00:00,2026-06-11
102602,342.0,88,5,2026-05-14,completed,2026-06-02T07:00:00,2026-05-14
102603,116.0,3,4,2026-05-04,completed,2026-03-26T16:00:00,2026-05-04
102604,154.0,64,4,2026-01-14,refunded,2026-03-18T08:00:00,2026-01-14
102605,55.0,19,5,2026-02-27,completed,2026-03-05T14:00:00,2026-02-27
102606,464.0,20,1,2026-06-28,refunded,2026-05-10T11:00:00,2026-06-28
102607,212.0,96,4,2026-04-18,refunded,2026-03-26T09:00:00,2026-04-18
102608,42.0,32,2,2026-06-09,cancelled,2026-06-19T02:00:00,2026-06-09
102609,397.0,41,1,2026-04-22,cancelled,2026-04-21T04:00:00,2026-04-22
102610,213.0,61,1,2026-03-27,completed,2026-01-31T09:00:00,2026-03-27
102611,121.0,63,4,2026-04-12,refunded,2026-02-24T12:00:00,2026-04-12
102612,221.0,31,3,2026-03-04,refunded,2026-02-12T10:00:00,2026-03-04
102613,82.0,77,3,2026-06-01,cancelled,2026-01-22T03:00:00,2026-06-01
102614,43.0,11,1,2026-02-08,refunded,2026-04-20T15:00:00,2026-02-08
102615,460.0,12,2,2026-01-14,completed,2026-05-01T05:00:00,2026-01-14
102616,17.0,18,3,2026-04-04,completed,2026-06-20T18:00:00,2026-04-04
102617,45.0,6,2,2026-03-21,completed,2026-01-26T01:00:00,2026-03-21
102618,299.0,11,1,2026-06-07,completed,2026-02-19T05:00:00,2026-06-07
102619,460.0,51,4,2026-01-28,completed,2026-06-01T09:00:00,2026-01-28
102620,316.0,68,1,2026-06-06,completed,2026-02-05T02:00:00,2026-06-06
102621,237.0,78,3,2026-02-10,refunded,2026-01-25T15:00:00,2026-02-10
102622,311.0,29,3,2026-01-09,cancelled,2026-03-28T21:00:00,2026-01-09
102623,84.0,89,4,2026-04-26,completed,2026-05-11T09:00:00,2026-04-26
102624,151.0,84,4,2026-04-18,completed,2026-03-21T21:00:00,2026-04-18
102625,168.0,27,2,2026-04-29,completed,2026-06-30T04:00:00,2026-04-29
102626,19.0,11,1,2026-05-31,completed,2026-02-07T03:00:00,2026-05-31
102627,230.0,17,2,2026-01-19,completed,2026-03-27T22:00:00,2026-01-19
102628,164.0,75,2,2026-05-04,cancelled,2026-04-15T03:00:00,2026-05-04
102629,477.0,83,5,2026-05-31,completed,2026-02-23T15:00:00,2026-05-31
102630,336.0,5,3,2026-02-10,cancelled,2026-02-19T11:00:00,2026-02-10
102631,34.0,7,1,2026-03-06,cancelled,2026-02-17T15:00:00,2026-03-06
102632,238.0,85,4,2026-03-24,cancelled,2026-02-04T10:00:00,2026-03-24
102633,382.0,91,4,2026-06-18,completed,2026-05-26T22:00:00,2026-06-18
102634,95.0,1,2,2026-03-06,cancelled,2026-01-24T15:00:00,2026-03-06
102635,449.0,43,2,2026-01-11,completed,2026-03-03T16:00:00,2026-01-11
102636,310.0,64,3,2026-02-21,completed,2026-04-17T01:00:00,2026-02-21
102637,395.0,2,3,2026-03-29,refunded,2026-04-06T10:00:00,2026-03-29
102638,2.0,14,4,2026-05-09,completed,2026-02-24T04:00:00,2026-05-09
102639,171.0,88,5,2026-03-12,refunded,2026-04-11T16:00:00,2026-03-12
102640,303.0,79,5,2026-02-20,cancelled,2026-01-11T14:00:00,2026-02-20
102641,494.0,93,5,2026-05-21,completed,2026-05-18T14:00:00,2026-05-21
102642,23.0,37,3,2026-01-05,cancelled,2026-05-31T20:00:00,2026-01-05
102643,495.0,9,4,2026-04-17,cancelled,2026-06-05T18:00:00,2026-04-17
102644,119.0,41,5,2026-02-27,cancelled,2026-03-09T09:00:00,2026-02-27
102645,457.0,84,1,2026-02-28,refunded,2026-03-07T12:00:00,2026-02-28
102646,136.0,1,5,2026-02-28,completed,2026-02-26T14:00:00,2026-02-28
102647,123.0,51,1,2026-04-21,completed,2026-01-20T08:00:00,2026-04-21
102648,275.0,70,4,2026-01-05,refunded,2026-06-13T09:00:00,2026-01-05
102649,394.0,77,1,2026-05-08,refunded,2026-02-24T17:00:00,2026-05-08
102650,339.0,71,3,2026-01-30,completed,2026-04-10T17:00:00,2026-01-30
102651,372.0,43,2,2026-05-20,completed,2026-01-04T21:00:00,2026-05-20
102652,220.0,11,3,2026-06-15,completed,2026-05-03T00:00:00,2026-06-15
102653,51.0,17,3,2026-02-13,completed,2026-06-21T08:00:00,2026-02-13
102654,213.0,21,4,2026-02-22,completed,2026-04-03T03:00:00,2026-02-22
102655,392.0,37,3,2026-05-19,refunded,2026-06-13T02:00:00,2026-05-19
102656,40.0,20,1,2026-01-01,completed,2026-01-17T08:00:00,2026-01-01
102657,495.0,23,1,2026-04-26,completed,2026-02-01T16:00:00,2026-04-26
102658,393.0,100,5,2026-04-30,refunded,2026-02-01T15:00:00,2026-04-30
102659,343.0,79,3,2026-01-22,completed,2026-01-24T11:00:00,2026-01-22
102660,91.0,50,2,2026-05-20,completed,2026-01-05T19:00:00,2026-05-20
102661,412.0,99,1,2026-01-17,completed,2026-02-07T10:00:00,2026-01-17
102662,83.0,67,5,2026-02-19,cancelled,2026-06-11T11:00:00,2026-02-19
102663,16.0,44,4,2026-04-21,completed,2026-05-12T12:00:00,2026-04-21
102664,109.0,22,2,2026-06-08,cancelled,2026-05-31T23:00:00,2026-06-08
102665,358.0,9,2,2026-06-18,cancelled,2026-05-23T14:00:00,2026-06-18
102666,199.0,42,3,2026-02-20,completed,2026-01-10T14:00:00,2026-02-20
102667,97.0,1,5,2026-04-01,completed,2026-06-20T11:00:00,2026-04-01
102668,333.0,44,4,2026-01-02,completed,2026-04-29T02:00:00,2026-01-02
102669,69.0,13,5,2026-05-14,refunded,2026-01-30T18:00:00,2026-05-14
102670,70.0,61,4,2026-05-22,refunded,2026-03-29T03:00:00,2026-05-22
102671,320.0,5,3,2026-03-04,completed,2026-05-18T13:00:00,2026-03-04
102672,151.0,5,1,2026-01-15,completed,2026-06-20T04:00:00,2026-01-15
102673,357.0,34,4,2026-02-09,completed,2026-03-29T13:00:00,2026-02-09
102674,39.0,68,3,2026-01-20,cancelled,2026-03-20T23:00:00,2026-01-20
102675,154.0,53,1,2026-01-07,completed,2026-03-25T05:00:00,2026-01-07
102676,365.0,12,2,2026-05-15,refunded,2026-06-03T03:00:00,2026-05-15
102677,186.0,15,1,2026-03-09,completed,2026-03-23T03:00:00,2026-03-09
102678,94.0,74,2,2026-05-30,completed,2026-03-01T01:00:00,2026-05-30
102679,142.0,40,5,2026-05-19,completed,2026-05-21T18:00:00,2026-05-19
102680,446.0,89,5,2026-03-18,refunded,2026-06-18T09:00:00,2026-03-18
102681,52.0,52,1,2026-03-21,cancelled,2026-01-24T21:00:00,2026-03-21
102682,171.0,35,1,2026-02-05,completed,2026-01-25T18:00:00,2026-02-05
102683,3.0,14,4,2026-01-11,cancelled,2026-04-03T12:00:00,2026-01-11
102684,278.0,14,3,2026-02-10,refunded,2026-05-24T07:00:00,2026-02-10
102685,42.0,43,2,2026-02-17,refunded,2026-06-29T03:00:00,2026-02-17
102686,323.0,3,4,2026-02-25,completed,2026-02-13T23:00:00,2026-02-25
102687,491.0,88,5,2026-03-03,cancelled,2026-01-02T21:00:00,2026-03-03
102688,268.0,35,5,2026-02-18,cancelled,2026-05-21T07:00:00,2026-02-18
102689,31.0,56,2,2026-06-06,cancelled,2026-02-19T16:00:00,2026-06-06
102690,150.0,45,2,2026-04-14,refunded,2026-04-16T18:00:00,2026-04-14
102691,148.0,35,2,2026-06-07,completed,2026-06-30T13:00:00,2026-06-07
102692,131.0,83,5,2026-05-08,completed,2026-01-30T12:00:00,2026-05-08
102693,303.0,25,3,2026-06-26,completed,2026-05-28T05:00:00,2026-06-26
102694,417.0,83,5,2026-01-31,completed,2026-02-03T22:00:00,2026-01-31
102695,21.0,30,2,2026-01-12,completed,2026-06-25T12:00:00,2026-01-12
102696,69.0,28,3,2026-01-29,refunded,2026-01-01T20:00:00,2026-01-29
102697,108.0,92,1,2026-06-28,completed,2026-04-16T03:00:00,2026-06-28
102698,175.0,27,4,2026-02-06,completed,2026-06-15T03:00:00,2026-02-06
102699,445.0,48,3,2026-04-16,cancelled,2026-06-18T16:00:00,2026-04-16
102700,349.0,36,4,2026-06-19,completed,2026-06-12T04:00:00,2026-06-19
102701,106.0,50,3,2026-02-18,completed,2026-05-06T15:00:00,2026-02-18
102702,486.0,36,4,2026-01-13,completed,2026-01-01T13:00:00,2026-01-13
102703,238.0,21,1,2026-01-16,cancelled,2026-05-15T09:00:00,2026-01-16
102704,105.0,53,1,2026-03-15,completed,2026-03-14T08:00:00,2026-03-15
102705,91.0,55,1,2026-05-02,refunded,2026-01-17T18:00:00,2026-05-02
102706,233.0,45,3,2026-06-14,completed,2026-04-26T06:00:00,2026-06-14
102707,353.0,36,4,2026-04-10,completed,2026-02-11T15:00:00,2026-04-10
102708,113.0,57,2,2026-01-05,completed,2026-06-15T15:00:00,2026-01-05
102709,197.0,29,5,2026-05-11,completed,2026-01-29T08:00:00,2026-05-11
102710,370.0,48,5,2026-03-07,completed,2026-03-11T21:00:00,2026-03-07
102711,265.0,40,4,2026-01-06,completed,2026-05-26T03:00:00,2026-01-06
102712,124.0,37,3,2026-03-04,refunded,2026-06-07T18:00:00,2026-03-04
102713,410.0,68,2,2026-06-10,cancelled,2026-05-16T00:00:00,2026-06-10
102714,77.0,3,3,2026-06-26,refunded,2026-04-18T18:00:00,2026-06-26
102715,175.0,1,4,2026-02-19,completed,2026-01-28T23:00:00,2026-02-19
102716,157.0,93,4,2026-03-06,completed,2026-05-31T06:00:00,2026-03-06
102717,322.0,52,5,2026-05-25,refunded,2026-04-02T03:00:00,2026-05-25
102718,195.0,61,5,2026-02-20,completed,2026-03-25T01:00:00,2026-02-20
102719,440.0,44,3,2026-05-01,completed,2026-05-17T10:00:00,2026-05-01
102720,253.0,30,4,2026-05-24,completed,2026-06-26T02:00:00,2026-05-24
102721,53.0,73,2,2026-03-01,cancelled,2026-01-12T06:00:00,2026-03-01
102722,240.0,53,5,2026-01-19,completed,2026-06-24T17:00:00,2026-01-19
102723,226.0,92,2,2026-02-26,completed,2026-02-25T11:00:00,2026-02-26
102724,50.0,5,3,2026-01-03,refunded,2026-04-15T03:00:00,2026-01-03
102725,144.0,83,5,2026-04-26,completed,2026-01-24T10:00:00,2026-04-26
102726,473.0,31,5,2026-01-31,completed,2026-03-06T19:00:00,2026-01-31
102727,275.0,96,2,2026-01-12,cancelled,2026-06-26T08:00:00,2026-01-12
102728,278.0,22,1,2026-05-06,completed,2026-04-16T10:00:00,2026-05-06
102729,52.0,12,5,2026-05-30,completed,2026-05-28T08:00:00,2026-05-30
102730,1.0,55,3,2026-04-02,cancelled,2026-05-23T22:00:00,2026-04-02
102731,85.0,4,1,2026-06-10,refunded,2026-01-06T21:00:00,2026-06-10
102732,141.0,25,2,2026-02-10,completed,2026-01-12T23:00:00,2026-02-10
102733,92.0,26,2,2026-02-20,completed,2026-03-17T14:00:00,2026-02-20
102734,32.0,85,4,2026-02-27,refunded,2026-02-04T01:00:00,2026-02-27
102735,61.0,93,2,2026-04-04,completed,2026-06-25T13:00:00,2026-04-04
102736,79.0,89,1,2026-02-10,cancelled,2026-04-07T00:00:00,2026-02-10
102737,88.0,48,1,2026-05-17,completed,2026-06-25T13:00:00,2026-05-17
102738,56.0,11,2,2026-02-24,completed,2026-02-09T13:00:00,2026-02-24
102739,56.0,56,2,2026-06-29,completed,2026-03-10T22:00:00,2026-06-29
102740,267.0,92,5,2026-06-23,refunded,2026-06-01T18:00:00,2026-06-23
102741,169.0,58,2,2026-06-02,refunded,2026-06-19T18:00:00,2026-06-02
102742,111.0,58,4,2026-02-14,refunded,2026-04-24T08:00:00,2026-02-14
102743,162.0,34,5,2026-02-24,completed,2026-02-20T12:00:00,2026-02-24
102744,152.0,49,5,2026-04-30,completed,2026-05-29T03:00:00,2026-04-30
102745,408.0,89,2,2026-01-14,completed,2026-06-29T17:00:00,2026-01-14
102746,487.0,15,5,2026-05-03,cancelled,2026-06-16T18:00:00,2026-05-03
102747,365.0,95,2,2026-01-14,refunded,2026-02-16T17:00:00,2026-01-14
102748,449.0,30,2,2026-03-03,completed,2026-05-11T19:00:00,2026-03-03
102749,279.0,10,2,2026-05-18,refunded,2026-01-22T10:00:00,2026-05-18
102750,269.0,69,1,2026-03-08,completed,2026-03-27T17:00:00,2026-03-08
102751,70.0,23,1,2026-04-20,cancelled,2026-02-22T04:00:00,2026-04-20
102752,412.0,29,1,2026-05-13,completed,2026-06-09T14:00:00,2026-05-13
102753,37.0,55,5,2026-01-21,completed,2026-04-28T05:00:00,2026-01-21
102754,349.0,36,3,2026-01-08,completed,2026-01-03T00:00:00,2026-01-08
102755,397.0,86,1,2026-01-08,completed,2026-03-24T05:00:00,2026-01-08
102756,388.0,96,5,2026-01-21,completed,2026-06-26T06:00:00,2026-01-21
102757,247.0,13,4,2026-05-18,completed,2026-01-15T20:00:00,2026-05-18
102758,384.0,78,1,2026-02-08,completed,2026-03-22T12:00:00,2026-02-08
102759,345.0,15,5,2026-06-15,completed,2026-03-16T08:00:00,2026-06-15
102760,82.0,11,5,2026-02-07,refunded,2026-06-21T18:00:00,2026-02-07
102761,277.0,62,3,2026-05-06,refunded,2026-01-20T04:00:00,2026-05-06
102762,90.0,98,3,2026-05-09,refunded,2026-01-11T10:00:00,2026-05-09
102763,195.0,61,1,2026-05-10,cancelled,2026-04-30T00:00:00,2026-05-10
102764,23.0,77,1,2026-01-01,completed,2026-03-04T12:00:00,2026-01-01
102765,177.0,82,3,2026-01-23,completed,2026-05-13T08:00:00,2026-01-23
102766,272.0,20,4,2026-04-07,refunded,2026-02-01T07:00:00,2026-04-07
102767,212.0,20,3,2026-05-11,completed,2026-03-24T11:00:00,2026-05-11
102768,339.0,7,3,2026-03-21,completed,2026-05-28T12:00:00,2026-03-21
102769,374.0,6,5,2026-01-11,cancelled,2026-01-14T13:00:00,2026-01-11
102770,107.0,31,4,2026-06-04,refunded,2026-05-23T14:00:00,2026-06-04
102771,317.0,46,1,2026-06-09,refunded,2026-02-17T04:00:00,2026-06-09
102772,34.0,8,3,2026-01-13,completed,2026-04-11T08:00:00,2026-01-13
102773,428.0,68,1,2026-05-23,refunded,2026-01-02T08:00:00,2026-05-23
102774,321.0,94,3,2026-06-14,completed,2026-05-21T15:00:00,2026-06-14
102775,256.0,32,5,2026-02-19,cancelled,2026-02-18T16:00:00,2026-02-19
102776,332.0,9,4,2026-03-10,completed,2026-02-09T21:00:00,2026-03-10
102777,34.0,19,4,2026-06-08,completed,2026-02-13T16:00:00,2026-06-08
102778,293.0,83,3,2026-04-15,completed,2026-02-10T00:00:00,2026-04-15
102779,125.0,54,2,2026-04-05,refunded,2026-04-21T06:00:00,2026-04-05
102780,54.0,40,3,2026-01-22,cancelled,2026-01-11T12:00:00,2026-01-22
102781,150.0,81,4,2026-02-10,completed,2026-04-06T09:00:00,2026-02-10
102782,444.0,6,2,2026-04-14,completed,2026-06-22T11:00:00,2026-04-14
102783,175.0,70,2,2026-03-17,completed,2026-01-06T21:00:00,2026-03-17
102784,44.0,61,4,2026-03-20,cancelled,2026-03-13T09:00:00,2026-03-20
102785,263.0,74,5,2026-05-10,completed,2026-02-27T23:00:00,2026-05-10
102786,56.0,48,2,2026-05-23,refunded,2026-05-13T05:00:00,2026-05-23
102787,426.0,36,3,2026-02-04,cancelled,2026-06-06T22:00:00,2026-02-04
102788,32.0,87,3,2026-01-10,completed,2026-06-25T20:00:00,2026-01-10
102789,30.0,38,2,2026-02-22,completed,2026-02-23T11:00:00,2026-02-22
102790,100.0,68,3,2026-05-31,completed,2026-02-01T12:00:00,2026-05-31
102791,373.0,29,2,2026-01-27,completed,2026-01-25T22:00:00,2026-01-27
102792,308.0,59,5,2026-04-30,completed,2026-05-20T01:00:00,2026-04-30
102793,311.0,26,2,2026-06-01,completed,2026-06-11T21:00:00,2026-06-01
102794,102.0,64,2,2026-02-04,cancelled,2026-06-14T10:00:00,2026-02-04
102795,116.0,6,4,2026-01-09,completed,2026-01-22T19:00:00,2026-01-09
102796,390.0,65,4,2026-03-25,cancelled,2026-01-25T14:00:00,2026-03-25
102797,492.0,65,4,2026-05-22,refunded,2026-01-03T00:00:00,2026-05-22
102798,467.0,24,2,2026-01-07,completed,2026-05-31T03:00:00,2026-01-07
102799,172.0,100,4,2026-01-29,refunded,2026-02-02T19:00:00,2026-01-29
102800,269.0,2,2,2026-06-26,cancelled,2026-03-27T15:00:00,2026-06-26
102801,327.0,90,4,2026-03-09,completed,2026-06-02T03:00:00,2026-03-09
102802,492.0,93,4,2026-01-01,refunded,2026-06-24T06:00:00,2026-01-01
102803,201.0,48,5,2026-03-30,completed,2026-01-15T02:00:00,2026-03-30
102804,160.0,78,1,2026-02-01,refunded,2026-06-13T18:00:00,2026-02-01
102805,147.0,14,5,2026-03-16,completed,2026-03-01T12:00:00,2026-03-16
102806,272.0,62,3,2026-01-07,refunded,2026-02-05T13:00:00,2026-01-07
102807,100.0,22,2,2026-02-25,refunded,2026-06-04T16:00:00,2026-02-25
102808,76.0,10,2,2026-04-26,completed,2026-03-27T10:00:00,2026-04-26
102809,215.0,10,1,2026-03-07,completed,2026-06-28T23:00:00,2026-03-07
102810,439.0,94,3,2026-02-03,refunded,2026-05-18T13:00:00,2026-02-03
102811,482.0,96,1,2026-04-04,completed,2026-03-28T07:00:00,2026-04-04
102812,253.0,51,4,2026-04-22,completed,2026-05-13T22:00:00,2026-04-22
102813,50.0,15,2,2026-04-20,completed,2026-01-11T06:00:00,2026-04-20
102814,448.0,8,5,2026-02-22,completed,2026-04-10T12:00:00,2026-02-22
102815,453.0,78,1,2026-01-07,cancelled,2026-02-09T21:00:00,2026-01-07
102816,234.0,10,3,2026-02-24,completed,2026-02-14T06:00:00,2026-02-24
102817,131.0,44,3,2026-01-14,cancelled,2026-05-11T17:00:00,2026-01-14
102818,94.0,56,5,2026-01-28,cancelled,2026-06-10T15:00:00,2026-01-28
102819,218.0,98,5,2026-06-14,completed,2026-06-09T06:00:00,2026-06-14
102820,269.0,34,3,2026-01-11,completed,2026-03-03T09:00:00,2026-01-11
102821,459.0,71,1,2026-05-16,cancelled,2026-02-19T10:00:00,2026-05-16
102822,153.0,31,4,2026-06-20,refunded,2026-05-16T04:00:00,2026-06-20
102823,209.0,6,2,2026-03-01,completed,2026-06-07T23:00:00,2026-03-01
102824,64.0,7,1,2026-06-20,completed,2026-04-26T22:00:00,2026-06-20
102825,356.0,3,5,2026-01-13,refunded,2026-04-05T18:00:00,2026-01-13
102826,298.0,91,1,2026-03-16,completed,2026-05-27T05:00:00,2026-03-16
102827,479.0,3,4,2026-03-07,refunded,2026-02-12T12:00:00,2026-03-07
102828,388.0,77,5,2026-06-09,cancelled,2026-06-09T18:00:00,2026-06-09
102829,414.0,49,3,2026-05-22,refunded,2026-06-03T23:00:00,2026-05-22
102830,374.0,87,4,2026-01-23,refunded,2026-03-17T04:00:00,2026-01-23
102831,275.0,47,5,2026-04-09,refunded,2026-03-05T04:00:00,2026-04-09
102832,170.0,73,1,2026-03-17,completed,2026-05-09T09:00:00,2026-03-17
102833,292.0,80,2,2026-02-14,completed,2026-01-28T05:00:00,2026-02-14
102834,430.0,100,2,2026-03-17,completed,2026-04-21T12:00:00,2026-03-17
102835,289.0,72,1,2026-04-15,refunded,2026-06-29T00:00:00,2026-04-15
102836,286.0,61,2,2026-04-12,completed,2026-04-28T13:00:00,2026-04-12
102837,498.0,4,4,2026-02-14,completed,2026-03-21T17:00:00,2026-02-14
102838,483.0,93,2,2026-05-14,refunded,2026-02-26T10:00:00,2026-05-14
102839,344.0,85,5,2026-04-03,completed,2026-05-14T04:00:00,2026-04-03
102840,337.0,72,1,2026-03-14,completed,2026-03-30T13:00:00,2026-03-14
102841,455.0,85,1,2026-02-06,refunded,2026-06-06T13:00:00,2026-02-06
102842,175.0,4,5,2026-02-07,cancelled,2026-06-01T11:00:00,2026-02-07
102843,279.0,87,2,2026-04-22,completed,2026-01-24T17:00:00,2026-04-22
102844,196.0,74,4,2026-03-30,cancelled,2026-06-11T02:00:00,2026-03-30
102845,473.0,28,1,2026-05-24,cancelled,2026-04-20T03:00:00,2026-05-24
102846,345.0,88,2,2026-02-18,refunded,2026-03-22T18:00:00,2026-02-18
102847,173.0,97,1,2026-03-06,completed,2026-03-10T12:00:00,2026-03-06
102848,278.0,20,2,2026-05-31,completed,2026-05-11T08:00:00,2026-05-31
102849,321.0,6,1,2026-02-12,cancelled,2026-02-27T00:00:00,2026-02-12
102850,4.0,86,5,2026-04-22,refunded,2026-04-11T12:00:00,2026-04-22
102851,33.0,8,1,2026-04-10,refunded,2026-02-21T02:00:00,2026-04-10
102852,42.0,86,2,2026-06-06,completed,2026-01-07T01:00:00,2026-06-06
102853,485.0,9,4,2026-05-16,completed,2026-06-06T20:00:00,2026-05-16
102854,143.0,11,3,2026-06-11,refunded,2026-01-19T23:00:00,2026-06-11
102855,165.0,7,4,2026-04-15,completed,2026-06-11T16:00:00,2026-04-15
102856,101.0,75,4,2026-06-14,cancelled,2026-06-10T04:00:00,2026-06-14
102857,26.0,94,3,2026-02-26,completed,2026-03-11T00:00:00,2026-02-26
102858,459.0,64,4,2026-04-24,refunded,2026-03-14T12:00:00,2026-04-24
102859,84.0,8,4,2026-02-05,cancelled,2026-04-16T21:00:00,2026-02-05
102860,67.0,77,2,2026-03-30,completed,2026-05-23T02:00:00,2026-03-30
102861,382.0,63,4,2026-04-09,completed,2026-02-11T18:00:00,2026-04-09
102862,359.0,78,1,2026-03-09,completed,2026-04-12T16:00:00,2026-03-09
102863,346.0,69,3,2026-01-18,completed,2026-02-20T06:00:00,2026-01-18
102864,233.0,30,1,2026-02-03,completed,2026-04-02T22:00:00,2026-02-03
102865,477.0,22,2,2026-03-30,cancelled,2026-01-28T14:00:00,2026-03-30
102866,279.0,11,4,2026-01-03,completed,2026-02-12T21:00:00,2026-01-03
102867,53.0,11,5,2026-02-11,completed,2026-04-08T03:00:00,2026-02-11
102868,113.0,97,4,2026-03-02,refunded,2026-06-21T10:00:00,2026-03-02
102869,68.0,60,4,2026-05-20,refunded,2026-03-30T12:00:00,2026-05-20
102870,63.0,25,2,2026-04-25,completed,2026-06-20T17:00:00,2026-04-25
102871,152.0,40,3,2026-06-01,completed,2026-02-13T18:00:00,2026-06-01
102872,166.0,7,2,2026-04-12,completed,2026-05-11T01:00:00,2026-04-12
102873,499.0,13,4,2026-03-12,completed,2026-01-14T07:00:00,2026-03-12
102874,232.0,27,3,2026-01-27,cancelled,2026-05-01T17:00:00,2026-01-27
102875,56.0,19,4,2026-05-08,refunded,2026-02-13T05:00:00,2026-05-08
102876,39.0,2,2,2026-06-13,completed,2026-05-06T18:00:00,2026-06-13
102877,275.0,24,1,2026-06-10,completed,2026-03-08T16:00:00,2026-06-10
102878,477.0,54,2,2026-05-27,refunded,2026-03-29T23:00:00,2026-05-27
102879,425.0,63,5,2026-04-23,completed,2026-04-20T07:00:00,2026-04-23
102880,448.0,70,2,2026-01-30,refunded,2026-02-15T17:00:00,2026-01-30
102881,349.0,41,4,2026-01-08,completed,2026-02-28T18:00:00,2026-01-08
102882,385.0,58,1,2026-05-07,refunded,2026-05-20T23:00:00,2026-05-07
102883,326.0,55,4,2026-06-24,completed,2026-04-27T15:00:00,2026-06-24
102884,359.0,8,4,2026-05-08,completed,2026-04-14T16:00:00,2026-05-08
102885,400.0,19,1,2026-04-04,completed,2026-04-07T17:00:00,2026-04-04
102886,74.0,11,2,2026-02-16,completed,2026-06-11T11:00:00,2026-02-16
102887,168.0,87,2,2026-01-23,cancelled,2026-06-23T21:00:00,2026-01-23
102888,188.0,2,3,2026-05-19,cancelled,2026-01-27T21:00:00,2026-05-19
102889,136.0,52,5,2026-02-08,completed,2026-05-14T20:00:00,2026-02-08
102890,395.0,23,1,2026-05-27,completed,2026-03-25T18:00:00,2026-05-27
102891,204.0,59,5,2026-01-11,refunded,2026-06-01T17:00:00,2026-01-11
102892,396.0,88,3,2026-03-02,cancelled,2026-06-09T19:00:00,2026-03-02
102893,278.0,37,5,2026-01-05,completed,2026-02-02T01:00:00,2026-01-05
102894,436.0,43,1,2026-06-04,completed,2026-06-19T17:00:00,2026-06-04
102895,222.0,93,5,2026-06-27,completed,2026-05-10T09:00:00,2026-06-27
102896,332.0,17,3,2026-06-05,completed,2026-06-06T16:00:00,2026-06-05
102897,284.0,81,1,2026-06-15,completed,2026-03-14T11:00:00,2026-06-15
102898,232.0,81,5,2026-05-10,cancelled,2026-01-10T22:00:00,2026-05-10
102899,336.0,57,1,2026-04-02,completed,2026-03-02T17:00:00,2026-04-02
102900,206.0,58,4,2026-05-03,completed,2026-05-19T21:00:00,2026-05-03
102901,96.0,4,5,2026-04-26,completed,2026-04-08T02:00:00,2026-04-26
102902,494.0,79,1,2026-06-10,cancelled,2026-05-07T19:00:00,2026-06-10
102903,273.0,64,4,2026-05-19,completed,2026-06-09T18:00:00,2026-05-19
102904,469.0,56,5,2026-05-08,completed,2026-02-03T10:00:00,2026-05-08
102905,265.0,74,2,2026-05-07,completed,2026-06-14T17:00:00,2026-05-07
102906,163.0,88,5,2026-01-01,cancelled,2026-06-14T05:00:00,2026-01-01
102907,350.0,81,2,2026-04-05,completed,2026-06-28T08:00:00,2026-04-05
102908,453.0,4,3,2026-04-10,cancelled,2026-06-08T10:00:00,2026-04-10
102909,352.0,59,5,2026-01-10,completed,2026-06-22T03:00:00,2026-01-10
102910,86.0,36,5,2026-02-15,completed,2026-04-06T08:00:00,2026-02-15
102911,129.0,24,5,2026-04-11,cancelled,2026-06-01T12:00:00,2026-04-11
102912,101.0,18,3,2026-06-06,completed,2026-02-17T20:00:00,2026-06-06
102913,127.0,82,2,2026-06-24,refunded,2026-05-28T08:00:00,2026-06-24
102914,405.0,51,2,2026-02-19,refunded,2026-05-27T03:00:00,2026-02-19
102915,175.0,52,2,2026-03-08,completed,2026-06-25T21:00:00,2026-03-08
102916,469.0,42,2,2026-05-17,completed,2026-05-04T05:00:00,2026-05-17
102917,468.0,44,4,2026-02-12,refunded,2026-02-13T12:00:00,2026-02-12
102918,485.0,76,2,2026-06-27,completed,2026-03-29T16:00:00,2026-06-27
102919,312.0,88,3,2026-01-27,completed,2026-05-10T03:00:00,2026-01-27
102920,287.0,91,4,2026-04-05,completed,2026-01-07T20:00:00,2026-04-05
102921,251.0,67,3,2026-04-09,refunded,2026-03-25T00:00:00,2026-04-09
102922,313.0,42,4,2026-06-24,completed,2026-03-08T07:00:00,2026-06-24
102923,4.0,25,3,2026-06-10,refunded,2026-01-31T21:00:00,2026-06-10
102924,458.0,66,5,2026-01-20,completed,2026-05-04T19:00:00,2026-01-20
102925,248.0,22,1,2026-02-20,refunded,2026-06-30T10:00:00,2026-02-20
102926,298.0,31,3,2026-01-10,completed,2026-04-04T06:00:00,2026-01-10
102927,202.0,40,1,2026-03-25,completed,2026-04-27T03:00:00,2026-03-25
102928,168.0,42,2,2026-01-28,completed,2026-02-14T11:00:00,2026-01-28
102929,318.0,28,4,2026-05-02,refunded,2026-01-25T07:00:00,2026-05-02
102930,409.0,55,4,2026-03-23,completed,2026-01-05T19:00:00,2026-03-23
102931,137.0,20,1,2026-03-14,completed,2026-01-10T11:00:00,2026-03-14
102932,91.0,59,4,2026-06-07,refunded,2026-02-01T22:00:00,2026-06-07
102933,303.0,68,4,2026-05-24,completed,2026-06-04T23:00:00,2026-05-24
102934,428.0,17,4,2026-01-02,completed,2026-04-03T04:00:00,2026-01-02
102935,121.0,66,5,2026-05-23,completed,2026-04-13T05:00:00,2026-05-23
102936,456.0,18,3,2026-05-23,cancelled,2026-04-17T01:00:00,2026-05-23
102937,490.0,42,5,2026-05-10,cancelled,2026-04-26T17:00:00,2026-05-10
102938,227.0,36,3,2026-02-12,completed,2026-05-07T22:00:00,2026-02-12
102939,173.0,66,3,2026-06-21,completed,2026-05-19T20:00:00,2026-06-21
102940,174.0,94,5,2026-04-19,completed,2026-03-23T22:00:00,2026-04-19
102941,431.0,79,3,2026-02-15,refunded,2026-02-02T09:00:00,2026-02-15
102942,491.0,79,1,2026-01-22,cancelled,2026-03-27T00:00:00,2026-01-22
102943,70.0,1,1,2026-01-11,completed,2026-03-20T11:00:00,2026-01-11
102944,328.0,30,5,2026-06-15,completed,2026-01-19T07:00:00,2026-06-15
102945,68.0,83,1,2026-03-25,completed,2026-01-18T06:00:00,2026-03-25
102946,3.0,42,3,2026-05-04,completed,2026-05-14T06:00:00,2026-05-04
102947,325.0,82,4,2026-05-23,completed,2026-06-24T03:00:00,2026-05-23
102948,146.0,39,3,2026-05-14,refunded,2026-06-07T12:00:00,2026-05-14
102949,198.0,76,5,2026-05-06,completed,2026-05-08T22:00:00,2026-05-06
102950,480.0,29,4,2026-04-25,cancelled,2026-03-16T20:00:00,2026-04-25
102951,212.0,20,1,2026-02-03,completed,2026-05-12T23:00:00,2026-02-03
102952,361.0,22,3,2026-03-15,completed,2026-01-18T16:00:00,2026-03-15
102953,112.0,23,5,2026-01-28,completed,2026-02-18T02:00:00,2026-01-28
102954,65.0,26,5,2026-02-06,completed,2026-06-10T09:00:00,2026-02-06
102955,320.0,12,1,2026-04-07,completed,2026-01-24T16:00:00,2026-04-07
102956,126.0,54,3,2026-05-06,completed,2026-02-22T22:00:00,2026-05-06
102957,284.0,60,3,2026-01-07,refunded,2026-02-12T15:00:00,2026-01-07
102958,207.0,67,1,2026-06-20,cancelled,2026-02-15T05:00:00,2026-06-20
102959,461.0,45,4,2026-04-29,completed,2026-03-08T23:00:00,2026-04-29
102960,499.0,47,5,2026-06-10,completed,2026-05-04T04:00:00,2026-06-10
102961,195.0,20,5,2026-01-09,completed,2026-02-06T19:00:00,2026-01-09
102962,47.0,66,4,2026-04-08,refunded,2026-03-03T23:00:00,2026-04-08
102963,53.0,51,1,2026-05-21,completed,2026-04-23T03:00:00,2026-05-21
102964,331.0,61,2,2026-01-17,cancelled,2026-06-25T06:00:00,2026-01-17
102965,102.0,57,2,2026-05-25,refunded,2026-02-17T00:00:00,2026-05-25
102966,167.0,24,2,2026-02-09,refunded,2026-05-26T19:00:00,2026-02-09
102967,110.0,95,4,2026-02-13,completed,2026-04-20T10:00:00,2026-02-13
102968,337.0,75,1,2026-06-13,completed,2026-03-02T17:00:00,2026-06-13
102969,282.0,19,2,2026-02-12,completed,2026-06-17T11:00:00,2026-02-12
102970,360.0,32,5,2026-05-19,completed,2026-03-23T17:00:00,2026-05-19
102971,482.0,40,3,2026-04-17,completed,2026-05-06T23:00:00,2026-04-17
102972,331.0,60,4,2026-02-26,completed,2026-04-11T09:00:00,2026-02-26
102973,127.0,3,5,2026-03-27,completed,2026-03-06T18:00:00,2026-03-27
102974,416.0,100,4,2026-06-06,completed,2026-02-16T14:00:00,2026-06-06
102975,310.0,75,4,2026-01-01,completed,2026-05-27T05:00:00,2026-01-01
102976,226.0,9,2,2026-01-15,completed,2026-03-05T21:00:00,2026-01-15
102977,462.0,77,4,2026-05-15,cancelled,2026-01-29T06:00:00,2026-05-15
102978,252.0,91,3,2026-02-05,refunded,2026-05-23T16:00:00,2026-02-05
102979,125.0,17,2,2026-01-08,completed,2026-02-04T11:00:00,2026-01-08
102980,204.0,94,1,2026-05-21,completed,2026-02-14T01:00:00,2026-05-21
102981,453.0,6,3,2026-05-22,cancelled,2026-06-05T21:00:00,2026-05-22
102982,454.0,60,5,2026-05-09,refunded,2026-05-26T14:00:00,2026-05-09
102983,179.0,88,2,2026-06-27,completed,2026-06-20T16:00:00,2026-06-27
102984,183.0,24,2,2026-06-13,refunded,2026-04-11T01:00:00,2026-06-13
102985,409.0,97,1,2026-02-21,completed,2026-03-13T09:00:00,2026-02-21
102986,121.0,50,1,2026-05-27,refunded,2026-03-24T03:00:00,2026-05-27
102987,236.0,9,3,2026-02-11,completed,2026-05-27T02:00:00,2026-02-11
102988,12.0,100,2,2026-06-14,refunded,2026-02-12T23:00:00,2026-06-14
102989,483.0,76,3,2026-06-19,completed,2026-01-24T09:00:00,2026-06-19
102990,102.0,62,3,2026-06-17,refunded,2026-02-19T01:00:00,2026-06-17
102991,314.0,26,1,2026-05-28,cancelled,2026-05-01T02:00:00,2026-05-28
102992,108.0,88,5,2026-05-08,completed,2026-06-05T03:00:00,2026-05-08
102993,75.0,51,1,2026-06-12,completed,2026-02-08T03:00:00,2026-06-12
102994,107.0,21,1,2026-06-25,cancelled,2026-04-15T14:00:00,2026-06-25
102995,386.0,85,2,2026-01-14,completed,2026-06-05T23:00:00,2026-01-14
102996,345.0,12,1,2026-01-29,cancelled,2026-04-14T03:00:00,2026-01-29
102997,67.0,24,1,2026-01-31,refunded,2026-01-09T14:00:00,2026-01-31
102998,70.0,93,3,2026-06-19,refunded,2026-04-23T07:00:00,2026-06-19
102999,102.0,80,2,2026-01-10,completed,2026-05-27T06:00:00,2026-01-10
103000,221.0,49,3,2026-02-23,refunded,2026-01-04T21:00:00,2026-02-23
