order_id,customer_id,product_id,quantity,order_date,status,last_modified
100001,191,37,4,2026-04-15,completed,2026-06-23T19:00:00
100002,27,81,3,2026-01-17,completed,2026-01-25T17:00:00
100003,348,50,3,2026-03-06,refunded,2026-02-08T10:00:00
100004,42,75,2,2026-03-31,completed,2026-06-17T22:00:00
100005,340,51,2,2026-06-02,completed,2026-03-21T17:00:00
100006,193,83,3,2026-02-02,refunded,2026-01-24T20:00:00
100007,344,55,5,2026-04-03,completed,2026-04-03T09:00:00
100008,93,28,3,2026-05-05,completed,2026-02-27T04:00:00
100009,80,10,3,2026-01-26,refunded,2026-05-19T23:00:00
100010,453,68,1,2026-06-19,completed,2026-06-08T04:00:00
100011,306,49,2,2026-02-11,completed,2026-06-27T19:00:00
100012,415,22,4,2026-01-12,cancelled,2026-04-04T21:00:00
100013,369,31,4,2026-06-06,completed,2026-04-25T07:00:00
100014,274,31,3,2026-05-01,completed,2026-04-05T21:00:00
100015,485,74,4,2026-04-29,completed,2026-04-08T16:00:00
100016,,54,2,2026-02-21,refunded,2026-02-05T08:00:00
100017,27,83,4,2026-04-06,refunded,2026-01-27T22:00:00
100018,434,67,1,2026-03-14,completed,2026-02-11T08:00:00
100019,231,66,2,2026-04-22,completed,2026-02-26T14:00:00
100020,453,45,1,2026-04-17,completed,2026-04-12T16:00:00
100021,192,31,4,2026-01-21,completed,2026-02-27T00:00:00
100022,164,13,3,2026-02-07,completed,2026-01-10T09:00:00
100023,470,61,2,2026-06-30,cancelled,2026-04-25T19:00:00
100024,3,11,1,2026-03-07,completed,2026-02-08T17:00:00
100025,482,94,5,2026-05-16,cancelled,2026-01-29T09:00:00
100026,122,39,1,2026-01-13,completed,2026-04-18T20:00:00
100027,407,80,4,2026-01-17,completed,2026-05-08T19:00:00
100028,275,3,5,2026-05-28,completed,2026-02-06T09:00:00
100029,220,1,5,2026-04-01,completed,2026-05-27T13:00:00
100030,96,86,1,2026-05-15,completed,2026-01-18T16:00:00
100031,279,65,5,2026-05-22,completed,2026-04-10T15:00:00
100032,23,82,4,2026-04-06,completed,2026-01-05T11:00:00
100033,404,9,3,2026-03-03,completed,2026-05-29T23:00:00
100034,388,43,2,2026-01-12,completed,2026-05-20T10:00:00
100035,417,83,2,2026-06-25,cancelled,2026-06-28T15:00:00
100036,324,24,2,2026-01-17,cancelled,2026-01-10T09:00:00
100037,104,6,2,2026-01-11,completed,2026-03-21T16:00:00
100038,204,70,4,2026-03-06,completed,2026-06-15T06:00:00
100039,147,46,1,2026-06-17,completed,2026-03-11T03:00:00
100040,410,48,4,2026-04-13,cancelled,2026-04-09T10:00:00
100041,499,24,4,2026-06-27,cancelled,2026-04-05T16:00:00
100042,137,11,4,2026-01-21,cancelled,2026-06-04T05:00:00
100043,280,38,3,2026-01-27,completed,2026-03-25T21:00:00
100044,152,40,4,2026-06-04,cancelled,2026-02-12T22:00:00
100045,228,45,4,2026-01-11,completed,2026-06-07T13:00:00
100046,141,82,1,2026-01-20,cancelled,2026-04-04T16:00:00
100047,411,96,2,2026-01-08,completed,2026-06-05T21:00:00
100048,401,57,1,2026-02-02,completed,2026-03-02T20:00:00
100049,188,47,4,2026-05-26,completed,2026-06-04T04:00:00
100050,348,58,3,2026-04-06,cancelled,2026-01-20T18:00:00
100051,71,68,3,2026-04-12,completed,2026-06-16T08:00:00
100052,128,15,1,2026-02-17,cancelled,2026-05-13T12:00:00
100053,468,72,1,2026-03-09,completed,2026-06-30T14:00:00
100054,110,79,3,2026-06-27,cancelled,2026-02-21T03:00:00
100055,70,10,4,2026-02-14,cancelled,2026-01-23T21:00:00
100056,496,41,3,2026-01-17,refunded,2026-05-19T09:00:00
100057,457,39,2,2026-06-29,completed,2026-04-03T16:00:00
100058,115,16,2,2026-02-05,completed,2026-05-07T00:00:00
100059,185,71,5,2026-04-05,cancelled,2026-05-22T04:00:00
100060,314,12,1,2026-03-21,cancelled,2026-05-03T16:00:00
100061,211,99,4,2026-05-28,completed,2026-02-02T10:00:00
100062,329,10,4,2026-04-30,refunded,2026-03-30T04:00:00
100063,450,100,5,2026-06-13,refunded,2026-02-16T04:00:00
100064,222,65,1,2026-02-01,refunded,2026-02-09T09:00:00
100065,85,21,3,2026-02-27,completed,2026-05-13T09:00:00
100066,434,11,3,2026-02-20,refunded,2026-03-12T04:00:00
100067,321,39,5,2026-05-17,completed,2026-05-09T20:00:00
100068,87,76,5,2026-02-09,completed,2026-06-18T19:00:00
100069,369,78,3,2026-05-25,completed,2026-01-08T02:00:00
100070,24,83,5,2026-03-09,completed,2026-05-27T13:00:00
100071,317,82,1,2026-05-08,refunded,2026-03-16T20:00:00
100072,490,39,4,2026-03-04,cancelled,2026-03-18T14:00:00
100073,38,89,1,2026-02-10,cancelled,2026-04-17T15:00:00
100074,238,27,3,2026-06-05,completed,2026-03-22T22:00:00
100075,164,94,3,2026-04-13,completed,2026-04-05T16:00:00
100076,288,14,3,2026-03-03,cancelled,2026-02-01T08:00:00
100077,231,32,2,2026-01-25,completed,2026-03-16T12:00:00
100078,443,79,-2,2026-03-05,completed,2026-03-25T18:00:00
100079,370,41,2,2026-02-10,cancelled,2026-05-12T14:00:00
100080,256,40,4,2026-01-06,completed,2026-04-11T16:00:00
100081,235,31,2,2026-05-30,completed,2026-01-13T01:00:00
100082,145,64,5,2026-06-17,cancelled,2026-03-15T17:00:00
100083,5,14,4,2026-02-04,completed,2026-04-04T12:00:00
100084,188,6,4,2026-01-14,refunded,2026-05-24T06:00:00
100085,186,71,3,2026-01-19,cancelled,2026-05-10T14:00:00
100086,392,71,3,2026-06-09,refunded,2026-01-31T04:00:00
100087,500,13,4,2026-04-06,completed,2026-05-23T11:00:00
100088,387,19,2,2026-06-04,refunded,2026-04-13T16:00:00
100089,21,6,1,2026-02-05,completed,2026-05-02T16:00:00
100090,234,20,5,2026-05-12,completed,2026-03-25T19:00:00
100091,164,21,4,2026-06-07,completed,2026-06-01T10:00:00
100092,260,66,5,2026-05-06,refunded,2026-03-18T15:00:00
100093,418,3,3,2026-03-26,completed,2026-04-17T18:00:00
100094,158,93,1,2026-06-02,cancelled,2026-03-09T20:00:00
100095,401,100,5,2026-05-28,completed,2026-01-14T18:00:00
100096,246,22,5,2026-06-11,refunded,2026-04-08T04:00:00
100097,421,88,2,2026-01-09,refunded,2026-06-29T03:00:00
100098,98,3,4,2026-03-22,cancelled,2026-02-08T13:00:00
100099,354,27,4,2026-05-09,refunded,2026-05-01T23:00:00
100100,373,8,2,2026-05-13,completed,2026-05-24T10:00:00
100101,340,62,5,2026-04-07,completed,2026-02-14T14:00:00
100102,468,69,3,2026-05-20,completed,2026-06-23T23:00:00
100103,349,83,3,2026-06-06,cancelled,2026-02-19T07:00:00
100104,143,72,3,2026-02-27,completed,2026-03-15T22:00:00
100105,107,89,4,2026-03-23,cancelled,2026-03-31T17:00:00
100106,479,93,3,2026-03-15,completed,2026-05-27T21:00:00
100107,279,49,4,2026-03-30,completed,2026-03-16T01:00:00
100108,148,92,1,2026-03-30,cancelled,2026-06-17T08:00:00
100109,383,62,2,2026-02-21,refunded,2026-03-11T17:00:00
100110,357,35,2,2026-01-28,refunded,2026-05-31T07:00:00
100111,125,7,5,2026-02-27,completed,2026-01-14T03:00:00
100112,212,43,4,2026-01-26,completed,2026-01-02T17:00:00
100113,476,21,4,2026-06-17,cancelled,2026-05-03T20:00:00
100114,103,97,3,2026-03-24,completed,2026-06-15T01:00:00
100115,465,99,1,2026-06-16,refunded,2026-03-01T17:00:00
100116,379,93,1,2026-02-14,cancelled,2026-02-15T01:00:00
100117,429,51,4,2026-02-17,completed,2026-01-10T00:00:00
100118,153,73,5,2026-01-28,completed,2026-03-14T14:00:00
100119,329,70,5,2026-05-07,completed,2026-05-10T14:00:00
100120,140,25,1,2026-03-26,completed,2026-04-28T20:00:00
100121,132,92,2,2026-01-04,completed,2026-03-17T18:00:00
100122,346,97,2,2026-02-14,refunded,2026-06-13T12:00:00
100123,424,55,5,2026-03-25,completed,2026-04-13T21:00:00
100124,49,24,2,2026-05-03,completed,2026-03-05T00:00:00
100125,134,50,2,2026-04-25,completed,2026-03-26T09:00:00
100126,299,93,5,2026-01-03,completed,2026-06-17T11:00:00
100127,355,31,1,2026-06-20,completed,2026-04-30T09:00:00
100128,82,52,5,2026-06-30,completed,2026-06-26T03:00:00
100129,328,38,3,2026-06-07,completed,2026-02-26T04:00:00
100130,245,20,4,2026-06-05,completed,2026-04-17T22:00:00
100131,282,61,5,2026-06-20,completed,2026-03-05T21:00:00
100132,387,77,1,2026-05-15,cancelled,2026-05-16T22:00:00
100133,186,10,5,2026-01-29,completed,2026-05-21T16:00:00
100134,104,74,5,2026-02-08,completed,2026-03-25T16:00:00
100135,227,15,2,2026-05-30,cancelled,2026-01-24T16:00:00
100136,229,8,4,2026-02-03,refunded,2026-04-17T14:00:00
100137,289,8,5,2026-04-29,completed,2026-01-06T12:00:00
100138,131,1,2,2026-05-29,completed,2026-01-12T13:00:00
100139,177,90,1,2026-05-19,completed,2026-01-18T15:00:00
100140,17,37,4,2026-02-16,completed,2026-06-14T23:00:00
100141,331,54,3,not_a_date,cancelled,2026-04-07T12:00:00
100142,42,88,5,2026-02-04,completed,2026-01-31T05:00:00
100143,276,51,5,2026-02-02,completed,2026-01-01T00:00:00
100144,153,60,5,2026-04-19,refunded,2026-04-08T07:00:00
100145,127,59,3,2026-02-09,completed,2026-02-18T23:00:00
100146,392,15,1,2026-06-19,cancelled,2026-06-07T00:00:00
100147,124,27,1,2026-01-26,refunded,2026-01-09T14:00:00
100148,307,87,1,2026-03-04,completed,2026-04-13T14:00:00
100149,120,70,2,2026-01-15,completed,2026-05-09T09:00:00
100150,120,94,5,2026-03-23,refunded,2026-06-03T21:00:00
100151,420,42,2,2026-03-19,completed,2026-06-19T16:00:00
100152,114,53,3,2026-03-12,completed,2026-05-23T18:00:00
100153,451,95,2,2026-06-10,cancelled,2026-05-23T15:00:00
100154,25,45,4,2026-05-15,completed,2026-06-28T13:00:00
100155,210,20,3,2026-04-07,completed,2026-05-18T15:00:00
100156,124,29,3,2026-02-06,cancelled,2026-01-15T17:00:00
100157,212,54,5,2026-05-16,completed,2026-04-10T07:00:00
100158,131,27,3,2026-06-15,completed,2026-04-26T11:00:00
100159,48,69,2,2026-01-14,completed,2026-04-07T21:00:00
100160,310,78,1,2026-01-19,completed,2026-05-31T23:00:00
100161,344,72,2,2026-05-03,completed,2026-03-27T09:00:00
100162,490,2,2,2026-02-18,completed,2026-05-03T07:00:00
100163,357,78,2,2026-04-12,completed,2026-05-22T10:00:00
100164,398,37,4,2026-04-30,refunded,2026-06-16T11:00:00
100165,158,34,3,2026-05-12,cancelled,2026-04-30T03:00:00
100166,412,93,4,2026-03-23,completed,2026-04-05T10:00:00
100167,212,6,5,2026-02-26,completed,2026-01-05T08:00:00
100168,284,75,5,2026-04-17,completed,2026-02-09T06:00:00
100169,169,30,4,2026-05-26,completed,2026-05-08T17:00:00
100170,336,88,3,2026-03-07,cancelled,2026-06-14T23:00:00
100171,252,59,2,2026-04-01,completed,2026-02-05T23:00:00
100172,280,63,2,2026-05-19,completed,2026-05-15T01:00:00
100173,430,10,1,2026-01-02,cancelled,2026-02-05T20:00:00
100174,119,9,2,2026-01-03,completed,2026-05-10T14:00:00
100175,192,8,5,2026-06-13,refunded,2026-05-04T21:00:00
100176,250,3,1,2026-05-17,refunded,2026-04-16T00:00:00
100177,9,68,3,2026-05-18,completed,2026-01-05T16:00:00
100178,417,90,4,2026-02-15,completed,2026-01-25T16:00:00
100179,77,31,2,2026-06-08,refunded,2026-03-06T11:00:00
100180,137,51,1,2026-04-06,cancelled,2026-04-28T18:00:00
100181,125,90,2,2026-03-18,completed,2026-06-17T20:00:00
100182,389,5,1,2026-04-14,cancelled,2026-04-07T17:00:00
100183,244,8,1,2026-06-29,completed,2026-01-22T15:00:00
100184,433,56,3,2026-05-25,completed,2026-05-16T01:00:00
100185,118,28,5,2026-05-02,completed,2026-01-12T02:00:00
100186,351,36,5,2026-05-25,completed,2026-02-15T10:00:00
100187,9,27,5,2026-02-06,cancelled,2026-01-20T09:00:00
100188,84,73,2,2026-05-26,cancelled,2026-06-23T17:00:00
100189,170,50,2,2026-06-26,completed,2026-05-09T23:00:00
100190,499,45,1,2026-01-26,cancelled,2026-03-01T02:00:00
100191,175,78,5,2026-06-02,cancelled,2026-03-25T00:00:00
100192,325,35,4,2026-05-06,completed,2026-04-02T17:00:00
100193,482,49,4,2026-02-17,refunded,2026-06-19T12:00:00
100194,44,99,5,2026-03-17,completed,2026-01-19T02:00:00
100195,138,20,4,2026-06-12,completed,2026-04-10T10:00:00
100196,185,14,1,2026-01-02,completed,2026-04-24T11:00:00
100197,390,35,1,2026-02-03,completed,2026-02-17T13:00:00
100198,230,72,5,2026-05-12,cancelled,2026-01-27T00:00:00
100199,46,46,5,2026-01-24,refunded,2026-06-03T10:00:00
100200,443,50,1,2026-03-16,cancelled,2026-04-10T02:00:00
100201,372,72,2,2026-05-27,refunded,2026-02-13T21:00:00
100202,195,22,2,2026-03-10,completed,2026-03-10T15:00:00
100203,75,9,2,2026-04-22,completed,2026-04-18T09:00:00
100204,248,10,3,2026-03-06,completed,2026-06-10T15:00:00
100205,305,79,2,2026-04-28,completed,2026-02-04T09:00:00
100206,4,51,3,2026-06-08,cancelled,2026-03-26T14:00:00
100207,172,56,5,2026-02-04,completed,2026-03-24T19:00:00
100208,486,89,2,2026-05-03,completed,2026-02-15T12:00:00
100209,496,41,3,2026-06-27,cancelled,2026-05-28T07:00:00
100210,167,49,3,2026-04-11,completed,2026-01-30T18:00:00
100211,103,76,5,2026-02-16,refunded,2026-01-07T23:00:00
100212,237,91,2,2026-04-23,completed,2026-06-27T02:00:00
100213,420,53,4,2026-02-05,completed,2026-03-03T08:00:00
100214,338,20,4,2026-04-07,completed,2026-04-25T19:00:00
100215,246,75,4,2026-05-17,refunded,2026-06-27T13:00:00
100216,279,5,3,2026-06-29,refunded,2026-06-02T20:00:00
100217,469,11,1,2026-03-05,completed,2026-02-12T20:00:00
100218,314,6,5,2026-06-15,cancelled,2026-03-26T13:00:00
100219,55,2,1,2026-03-08,completed,2026-05-11T23:00:00
100220,266,72,5,2026-06-26,refunded,2026-02-26T14:00:00
100221,192,51,4,2026-06-23,refunded,2026-06-26T16:00:00
100222,78,45,1,2026-05-04,completed,2026-03-17T13:00:00
100223,472,11,1,2026-02-06,completed,2026-03-21T10:00:00
100224,234,27,5,2026-05-04,completed,2026-05-02T03:00:00
100225,225,93,4,2026-03-23,completed,2026-03-18T01:00:00
100226,415,91,1,2026-01-06,completed,2026-06-15T03:00:00
100227,347,22,2,2026-05-13,completed,2026-05-22T05:00:00
100228,170,72,4,2026-04-29,completed,2026-04-14T20:00:00
100229,95,24,4,2026-04-12,completed,2026-06-07T06:00:00
100230,231,76,4,2026-04-10,completed,2026-06-30T06:00:00
100231,106,36,1,2026-05-28,completed,2026-05-18T05:00:00
100232,188,42,2,2026-04-28,completed,2026-03-09T21:00:00
100233,442,63,5,2026-06-13,completed,2026-06-02T12:00:00
100234,313,51,5,2026-01-30,completed,2026-04-01T14:00:00
100235,317,23,3,2026-06-07,refunded,2026-01-22T21:00:00
100236,69,41,1,2026-03-03,completed,2026-01-30T05:00:00
100237,192,89,2,2026-05-11,cancelled,2026-04-18T19:00:00
100238,71,74,4,2026-04-19,completed,2026-05-05T20:00:00
100239,276,89,2,2026-05-23,completed,2026-05-06T09:00:00
100240,72,24,3,2026-04-26,refunded,2026-01-14T11:00:00
100241,488,2,4,2026-02-04,completed,2026-04-09T17:00:00
100242,259,84,4,2026-04-15,cancelled,2026-04-17T22:00:00
100243,431,57,4,2026-02-12,completed,2026-05-25T00:00:00
100244,408,98,2,2026-03-16,completed,2026-03-12T07:00:00
100245,276,37,2,2026-04-28,refunded,2026-05-07T17:00:00
100246,262,15,5,2026-01-30,completed,2026-05-20T11:00:00
100247,278,97,1,2026-04-23,refunded,2026-02-25T13:00:00
100248,53,95,2,2026-03-18,completed,2026-04-26T08:00:00
100249,179,12,4,2026-01-31,completed,2026-02-23T23:00:00
100250,302,89,3,2026-06-06,cancelled,2026-02-12T19:00:00
100251,72,27,2,2026-01-16,refunded,2026-03-31T17:00:00
100252,144,77,5,2026-02-13,completed,2026-06-30T09:00:00
100253,149,74,3,2026-05-12,completed,2026-02-04T13:00:00
100254,471,8,3,2026-06-17,completed,2026-06-29T04:00:00
100255,128,19,3,2026-03-05,cancelled,2026-05-06T04:00:00
100256,296,81,3,2026-06-10,cancelled,2026-04-07T14:00:00
100257,39,82,1,2026-04-14,refunded,2026-03-13T22:00:00
100258,480,48,4,2026-05-05,completed,2026-05-29T00:00:00
100259,445,100,1,2026-04-28,completed,2026-01-17T17:00:00
100260,204,28,4,2026-02-24,cancelled,2026-03-10T10:00:00
100261,425,37,3,2026-05-21,refunded,2026-02-03T18:00:00
100262,437,63,3,2026-06-24,completed,2026-01-12T03:00:00
100263,321,59,1,2026-02-01,completed,2026-04-23T14:00:00
100264,1,55,2,2026-06-26,completed,2026-06-16T09:00:00
100265,82,36,1,2026-06-17,completed,2026-03-06T02:00:00
100266,191,86,2,2026-01-14,cancelled,2026-06-10T09:00:00
100267,372,90,2,2026-04-20,completed,2026-06-30T03:00:00
100268,1,28,4,2026-01-20,completed,2026-06-01T07:00:00
100269,266,88,4,2026-01-03,completed,2026-06-28T10:00:00
100270,419,16,4,2026-06-27,completed,2026-05-03T02:00:00
100271,118,50,1,2026-01-27,completed,2026-03-22T11:00:00
100272,452,39,2,2026-04-08,completed,2026-06-14T21:00:00
100273,74,9,5,2026-05-25,completed,2026-06-06T20:00:00
100274,85,57,3,2026-02-24,completed,2026-04-16T19:00:00
100275,352,57,2,2026-01-23,completed,2026-02-05T03:00:00
100276,302,94,4,2026-03-31,cancelled,2026-03-22T04:00:00
100277,127,36,1,2026-03-05,refunded,2026-06-03T19:00:00
100278,370,78,3,2026-06-26,completed,2026-06-18T09:00:00
100279,106,67,5,2026-05-11,completed,2026-04-11T09:00:00
100280,331,7,2,2026-05-07,cancelled,2026-01-29T07:00:00
100281,256,82,5,2026-01-19,refunded,2026-01-04T11:00:00
100282,479,41,2,2026-04-10,refunded,2026-04-18T11:00:00
100283,280,88,2,2026-05-01,completed,2026-01-05T18:00:00
100284,35,2,3,2026-02-25,completed,2026-01-16T12:00:00
100285,260,37,5,2026-04-17,cancelled,2026-06-29T12:00:00
100286,43,82,5,2026-05-18,refunded,2026-02-09T08:00:00
100287,43,40,1,2026-05-11,completed,2026-02-09T17:00:00
100288,168,51,5,2026-06-12,completed,2026-03-21T22:00:00
100289,224,94,2,2026-01-15,completed,2026-01-23T13:00:00
100290,60,59,5,2026-06-05,completed,2026-03-21T21:00:00
100291,380,85,2,2026-01-31,completed,2026-02-05T22:00:00
100292,6,21,4,2026-03-30,refunded,2026-05-13T23:00:00
100293,133,22,3,2026-02-02,completed,2026-01-31T00:00:00
100294,172,55,3,2026-05-15,completed,2026-03-09T22:00:00
100295,500,74,1,2026-05-08,cancelled,2026-05-11T11:00:00
100296,29,64,5,2026-02-12,completed,2026-02-10T08:00:00
100297,396,14,5,2026-06-22,completed,2026-02-28T23:00:00
100298,261,1,1,2026-01-04,completed,2026-01-12T15:00:00
100299,187,50,2,2026-02-15,completed,2026-05-22T22:00:00
100300,380,84,4,2026-02-27,completed,2026-03-05T13:00:00
100301,469,93,3,2026-03-11,completed,2026-05-27T11:00:00
100302,62,65,1,2026-02-15,completed,2026-05-13T01:00:00
100303,489,52,1,2026-04-30,completed,2026-03-21T10:00:00
100304,45,71,4,2026-01-03,completed,2026-02-21T09:00:00
100305,289,39,5,2026-03-04,cancelled,2026-04-05T18:00:00
100306,498,64,2,2026-05-20,completed,2026-02-08T00:00:00
100307,478,53,1,2026-03-01,refunded,2026-03-30T20:00:00
100308,430,89,1,2026-03-27,completed,2026-06-18T12:00:00
100309,435,95,3,2026-01-27,completed,2026-05-16T07:00:00
100310,215,63,1,2026-02-06,completed,2026-01-24T01:00:00
100311,472,30,5,2026-04-16,completed,2026-04-28T23:00:00
100312,44,75,1,2026-05-10,completed,2026-06-13T12:00:00
100313,39,76,5,2026-01-16,cancelled,2026-06-19T04:00:00
100314,122,38,3,2026-03-22,cancelled,2026-06-29T23:00:00
100315,168,41,4,2026-03-11,completed,2026-01-20T06:00:00
100316,70,100,5,2026-01-28,completed,2026-01-28T05:00:00
100317,231,60,3,2026-04-15,completed,2026-05-18T11:00:00
100318,494,99,2,2026-04-26,completed,2026-04-29T08:00:00
100319,437,16,1,2026-02-10,completed,2026-06-30T22:00:00
100320,309,6,2,2026-03-25,completed,2026-01-24T22:00:00
100321,128,46,4,2026-05-12,completed,2026-06-23T09:00:00
100322,134,23,1,2026-04-14,cancelled,2026-05-23T23:00:00
100323,282,32,1,2026-04-29,completed,2026-02-05T03:00:00
100324,7,8,2,2026-02-03,completed,2026-04-13T11:00:00
100325,352,81,1,2026-05-30,refunded,2026-03-08T02:00:00
100326,12,9,2,2026-06-15,cancelled,2026-02-02T02:00:00
100327,464,43,1,2026-01-11,cancelled,2026-01-13T05:00:00
100328,474,74,4,2026-04-12,cancelled,2026-01-08T12:00:00
100329,350,55,2,2026-04-01,completed,2026-02-17T08:00:00
100330,144,58,2,2026-01-09,refunded,2026-06-08T19:00:00
100331,126,83,3,2026-05-08,cancelled,2026-05-21T15:00:00
100332,32,12,3,2026-04-09,completed,2026-04-18T06:00:00
100333,330,68,2,2026-06-11,refunded,2026-01-05T12:00:00
100334,401,9999,3,2026-05-03,refunded,2026-05-05T11:00:00
100335,468,73,5,2026-03-24,cancelled,2026-03-11T05:00:00
100336,14,41,5,2026-02-26,completed,2026-03-13T01:00:00
100337,415,61,5,2026-04-02,refunded,2026-03-01T05:00:00
100338,52,32,2,2026-03-10,refunded,2026-01-15T07:00:00
100339,295,50,3,2026-02-14,completed,2026-03-02T18:00:00
100340,163,95,3,2026-06-01,completed,2026-06-30T22:00:00
100341,181,73,5,2026-02-06,refunded,2026-02-18T15:00:00
100342,278,40,2,2026-05-06,completed,2026-01-24T01:00:00
100343,120,78,2,2026-01-06,refunded,2026-05-03T00:00:00
100344,170,79,2,2026-02-03,completed,2026-02-15T10:00:00
100345,31,3,2,2026-05-31,completed,2026-01-29T16:00:00
100346,441,47,1,2026-04-06,cancelled,2026-05-31T03:00:00
100347,173,39,3,2026-02-04,completed,2026-04-22T20:00:00
100348,492,63,3,2026-02-14,refunded,2026-06-27T19:00:00
100349,403,46,2,2026-06-20,refunded,2026-02-14T12:00:00
100350,158,94,3,2026-02-02,completed,2026-01-01T22:00:00
100351,486,74,4,2026-05-26,completed,2026-02-16T19:00:00
100352,163,79,2,2026-06-13,refunded,2026-01-27T15:00:00
100353,73,43,1,2026-03-02,completed,2026-03-23T05:00:00
100354,326,12,3,2026-04-25,completed,2026-03-09T06:00:00
100355,128,89,1,2026-03-31,completed,2026-01-28T23:00:00
100356,1,7,4,2026-04-23,cancelled,2026-02-12T13:00:00
100357,253,49,3,2026-05-20,cancelled,2026-01-26T15:00:00
100358,404,74,2,2026-02-11,cancelled,2026-01-19T01:00:00
100359,151,3,3,2026-03-08,completed,2026-01-19T10:00:00
100360,88,49,2,2026-01-20,refunded,2026-01-24T10:00:00
100361,305,79,4,2026-06-30,completed,2026-04-21T20:00:00
100362,85,78,4,2026-02-10,completed,2026-01-26T10:00:00
100363,106,25,4,2026-06-28,refunded,2026-05-19T08:00:00
100364,339,37,3,2026-03-02,completed,2026-01-13T12:00:00
100365,293,71,4,2026-02-09,completed,2026-04-03T00:00:00
100366,219,12,3,2026-06-19,refunded,2026-05-03T06:00:00
100367,50,4,2,2026-02-13,completed,2026-01-21T15:00:00
100368,433,15,3,2026-04-12,cancelled,2026-05-06T21:00:00
100369,136,12,5,2026-04-10,completed,2026-04-05T12:00:00
100370,190,24,4,2026-01-12,completed,2026-04-23T14:00:00
100371,135,29,3,2026-05-25,completed,2026-02-08T22:00:00
100372,342,13,1,2026-06-21,completed,2026-05-19T13:00:00
100373,498,97,5,2026-02-28,refunded,2026-01-16T12:00:00
100374,420,67,4,2026-05-18,cancelled,2026-05-27T07:00:00
100375,244,39,1,2026-04-12,completed,2026-05-09T18:00:00
100376,462,67,5,2026-06-23,refunded,2026-02-07T03:00:00
100377,487,97,4,2026-02-14,completed,2026-02-24T06:00:00
100378,65,6,4,2026-01-21,cancelled,2026-02-21T20:00:00
100379,76,77,3,2026-03-23,completed,2026-01-23T12:00:00
100380,285,51,5,2026-03-25,completed,2026-05-14T14:00:00
100381,470,2,5,2026-05-31,refunded,2026-04-18T03:00:00
100382,213,20,2,2026-05-26,refunded,2026-05-30T03:00:00
100383,474,14,5,2026-01-26,completed,2026-05-18T11:00:00
100384,450,53,3,2026-04-09,cancelled,2026-05-27T19:00:00
100385,243,5,2,2026-03-12,cancelled,2026-02-06T19:00:00
100386,312,88,4,2026-01-10,cancelled,2026-03-26T22:00:00
100387,122,7,4,2026-03-10,completed,2026-01-06T10:00:00
100388,419,39,3,2026-03-13,cancelled,2026-06-28T21:00:00
100389,51,30,2,2026-03-18,cancelled,2026-03-24T08:00:00
100390,374,54,5,2026-06-15,completed,2026-02-18T14:00:00
100391,109,53,4,2026-05-13,completed,2026-01-15T16:00:00
100392,406,21,1,2026-03-21,refunded,2026-04-14T04:00:00
100393,400,68,5,2026-01-08,completed,2026-02-19T06:00:00
100394,429,8,2,2026-01-09,cancelled,2026-01-13T11:00:00
100395,361,26,3,2026-04-05,cancelled,2026-05-10T12:00:00
100396,326,16,1,2026-03-03,completed,2026-05-06T19:00:00
100397,229,23,4,2026-05-31,refunded,2026-03-31T11:00:00
100398,84,34,1,2026-03-14,completed,2026-04-09T01:00:00
100399,84,74,2,2026-02-26,completed,2026-06-23T06:00:00
100400,138,84,4,2026-05-12,completed,2026-06-24T00:00:00
100401,243,17,2,2026-06-03,completed,2026-02-27T08:00:00
100402,312,40,3,2026-04-19,cancelled,2026-03-31T14:00:00
100403,130,28,4,2026-03-19,refunded,2026-06-09T12:00:00
100404,300,14,1,2026-05-11,completed,2026-05-24T20:00:00
100405,305,78,3,2026-03-18,completed,2026-05-04T02:00:00
100406,173,36,3,2026-03-12,completed,2026-06-17T22:00:00
100407,488,84,3,2026-02-18,completed,2026-05-13T07:00:00
100408,461,8,5,2026-04-14,completed,2026-06-24T04:00:00
100409,370,4,4,2026-03-17,completed,2026-04-18T12:00:00
100410,199,95,1,2026-05-30,refunded,2026-02-18T10:00:00
100411,372,92,2,2026-06-25,refunded,2026-06-13T15:00:00
100412,465,86,3,2026-05-10,completed,2026-02-13T21:00:00
100413,449,72,2,2026-03-17,completed,2026-05-01T04:00:00
100414,380,34,5,2026-02-16,completed,2026-06-17T02:00:00
100415,114,46,2,2026-03-20,cancelled,2026-03-26T11:00:00
100416,134,75,3,2026-04-29,completed,2026-05-01T01:00:00
100417,444,82,5,2026-05-29,refunded,2026-01-19T15:00:00
100418,456,25,5,2026-01-31,cancelled,2026-05-16T09:00:00
100419,212,7,2,2026-02-05,completed,2026-03-29T13:00:00
100420,292,59,2,2026-03-22,completed,2026-01-21T15:00:00
100421,171,81,2,2026-03-22,completed,2026-01-02T14:00:00
100422,141,27,2,2026-05-28,completed,2026-05-06T02:00:00
100423,67,79,4,2026-06-12,cancelled,2026-04-14T13:00:00
100424,495,62,4,2026-01-02,completed,2026-05-17T06:00:00
100425,375,48,1,2026-03-24,refunded,2026-02-18T00:00:00
100426,347,1,2,2026-02-27,completed,2026-03-21T04:00:00
100427,53,50,5,2026-05-31,completed,2026-02-12T02:00:00
100428,422,6,3,2026-03-16,cancelled,2026-05-14T19:00:00
100429,269,44,4,2026-06-25,completed,2026-03-29T15:00:00
100430,184,97,2,2026-02-12,cancelled,2026-01-05T07:00:00
100431,115,94,2,2026-02-24,completed,2026-05-31T16:00:00
100432,87,16,3,2026-06-16,completed,2026-04-07T20:00:00
100433,131,99,5,2026-06-09,completed,2026-06-02T01:00:00
100434,339,14,1,2026-01-13,completed,2026-04-17T14:00:00
100435,195,16,5,2026-03-06,cancelled,2026-06-29T04:00:00
100436,106,89,1,2026-03-19,cancelled,2026-06-19T03:00:00
100437,340,67,3,2026-06-09,refunded,2026-06-29T04:00:00
100438,215,14,5,2026-06-08,completed,2026-03-14T03:00:00
100439,402,14,4,2026-02-20,refunded,2026-02-21T08:00:00
100440,426,67,2,2026-04-02,cancelled,2026-03-17T05:00:00
100441,21,71,4,2026-02-23,cancelled,2026-03-26T07:00:00
100442,2,2,1,2026-01-29,refunded,2026-06-21T15:00:00
100443,77,12,5,2026-01-20,completed,2026-03-07T20:00:00
100444,119,59,3,2026-03-09,cancelled,2026-01-13T03:00:00
100445,417,23,1,2026-03-16,completed,2026-06-23T10:00:00
100446,219,95,1,2026-01-25,completed,2026-01-03T04:00:00
100447,340,83,2,2026-03-26,completed,2026-04-23T19:00:00
100448,138,94,1,2026-04-06,completed,2026-02-16T03:00:00
100449,206,52,4,2026-03-11,cancelled,2026-06-26T15:00:00
100450,410,54,2,2026-01-29,completed,2026-06-28T23:00:00
100451,31,21,1,2026-04-17,refunded,2026-05-04T18:00:00
100452,348,57,2,2026-06-06,cancelled,2026-04-02T19:00:00
100453,15,88,2,2026-05-04,cancelled,2026-01-29T13:00:00
100454,226,6,1,2026-03-08,completed,2026-01-04T22:00:00
100455,445,87,5,2026-05-28,refunded,2026-02-27T21:00:00
100456,448,44,5,2026-05-14,refunded,2026-01-25T13:00:00
100457,339,94,2,2026-05-04,completed,2026-06-19T21:00:00
100458,329,50,2,2026-05-23,refunded,2026-01-14T00:00:00
100459,330,21,5,2026-05-01,cancelled,2026-02-12T02:00:00
100460,385,63,3,2026-03-03,completed,2026-03-13T01:00:00
100461,260,29,5,2026-06-14,cancelled,2026-04-14T07:00:00
100462,41,59,4,2026-05-27,cancelled,2026-01-23T15:00:00
100463,229,41,1,2026-05-08,completed,2026-01-27T12:00:00
100464,212,5,5,2026-05-21,completed,2026-01-24T19:00:00
100465,494,80,3,2026-05-11,refunded,2026-02-22T20:00:00
100466,344,59,3,2026-04-04,completed,2026-02-27T14:00:00
100467,170,72,5,2026-06-03,cancelled,2026-06-18T11:00:00
100468,367,58,1,2026-01-25,completed,2026-01-01T10:00:00
100469,182,82,3,2026-05-21,refunded,2026-04-06T22:00:00
100470,55,6,2,2026-05-07,completed,2026-04-15T03:00:00
100471,131,79,2,2026-02-18,completed,2026-04-11T06:00:00
100472,235,25,3,2026-01-28,cancelled,2026-01-12T20:00:00
100473,429,87,5,2026-02-01,cancelled,2026-04-28T21:00:00
100474,302,65,2,2026-05-08,completed,2026-05-16T23:00:00
100475,25,71,4,2026-05-30,cancelled,2026-05-11T05:00:00
100476,355,75,2,2026-02-02,completed,2026-04-10T21:00:00
100477,308,78,3,2026-05-10,cancelled,2026-04-18T19:00:00
100478,469,89,2,2026-03-12,cancelled,2026-03-29T09:00:00
100479,232,18,2,2026-04-16,refunded,2026-06-29T23:00:00
100480,263,39,5,2026-03-22,refunded,2026-06-11T06:00:00
100481,103,27,5,2026-03-16,completed,2026-06-22T04:00:00
100482,364,84,2,2026-05-09,refunded,2026-06-27T20:00:00
100483,166,91,1,2026-04-01,refunded,2026-05-03T18:00:00
100484,293,86,4,2026-06-22,refunded,2026-03-15T13:00:00
100485,414,2,5,2026-01-28,completed,2026-04-08T04:00:00
100486,28,86,1,2026-02-21,completed,2026-02-11T09:00:00
100487,350,33,2,2026-01-16,completed,2026-02-22T17:00:00
100488,17,46,4,2026-01-27,refunded,2026-06-22T23:00:00
100489,288,29,5,2026-04-10,completed,2026-05-11T22:00:00
100490,148,89,1,2026-04-08,cancelled,2026-04-17T21:00:00
100491,161,71,1,2026-01-04,completed,2026-02-21T19:00:00
100492,445,100,4,2026-02-27,completed,2026-05-31T17:00:00
100493,379,78,2,2026-02-19,completed,2026-04-25T05:00:00
100494,350,10,2,2026-02-14,refunded,2026-01-31T12:00:00
100495,21,55,3,2026-05-23,completed,2026-02-03T05:00:00
100496,300,33,1,2026-03-26,cancelled,2026-02-09T01:00:00
100497,79,42,5,2026-01-14,refunded,2026-06-19T09:00:00
100498,252,74,5,2026-04-02,completed,2026-03-23T16:00:00
100499,113,24,5,2026-01-18,refunded,2026-02-10T13:00:00
100500,279,69,4,2026-01-24,completed,2026-02-26T06:00:00
100501,340,43,3,2026-04-03,completed,2026-02-25T19:00:00
100502,272,61,5,2026-06-16,completed,2026-01-30T21:00:00
100503,178,58,2,2026-06-14,refunded,2026-06-09T07:00:00
100504,491,6,3,2026-04-08,completed,2026-04-09T08:00:00
100505,277,93,3,2026-01-07,refunded,2026-04-06T16:00:00
100506,412,66,4,2026-05-05,completed,2026-03-17T20:00:00
100507,99,42,5,2026-01-22,completed,2026-02-12T17:00:00
100508,274,1,1,2026-02-23,completed,2026-06-25T13:00:00
100509,428,14,2,2026-05-18,cancelled,2026-06-15T02:00:00
100510,383,88,2,2026-01-07,cancelled,2026-03-26T01:00:00
100511,45,10,1,2026-02-15,completed,2026-05-23T02:00:00
100512,295,30,3,2026-04-15,cancelled,2026-04-26T20:00:00
100513,208,56,3,2026-01-05,cancelled,2026-06-22T03:00:00
100514,274,1,5,2026-01-17,refunded,2026-01-12T22:00:00
100515,435,10,3,2026-05-09,completed,2026-03-16T21:00:00
100516,155,78,1,2026-03-14,cancelled,2026-04-08T12:00:00
100517,421,85,1,2026-05-02,completed,2026-05-17T07:00:00
100518,70,96,4,2026-05-20,completed,2026-06-12T04:00:00
100519,153,87,3,2026-01-03,refunded,2026-05-23T04:00:00
100520,64,6,1,2026-05-27,refunded,2026-04-11T17:00:00
100521,281,11,3,2026-02-23,completed,2026-02-24T13:00:00
100522,464,83,5,2026-02-06,completed,2026-02-17T07:00:00
100523,316,33,2,2026-01-30,completed,2026-06-21T18:00:00
100524,437,7,5,2026-04-29,refunded,2026-01-19T09:00:00
100525,344,9,3,2026-01-26,completed,2026-05-29T15:00:00
100526,488,43,3,2026-02-02,completed,2026-01-26T09:00:00
100527,318,9,2,2026-03-23,cancelled,2026-04-26T10:00:00
100528,316,85,3,2026-06-27,refunded,2026-02-09T18:00:00
100529,291,47,3,2026-04-20,completed,2026-01-02T10:00:00
100530,127,29,4,2026-03-12,completed,2026-02-04T21:00:00
100531,376,43,4,2026-04-29,cancelled,2026-04-02T09:00:00
100532,250,71,1,2026-02-14,refunded,2026-01-21T08:00:00
100533,440,18,5,2026-02-20,completed,2026-06-10T02:00:00
100534,373,10,1,2026-05-10,completed,2026-05-29T18:00:00
100535,208,99,5,2026-02-24,completed,2026-05-22T08:00:00
100536,279,70,4,2026-06-17,completed,2026-04-04T12:00:00
100537,115,99,5,2026-03-16,completed,2026-04-29T16:00:00
100538,262,12,4,2026-04-04,refunded,2026-01-03T21:00:00
100539,123,79,2,2026-05-12,completed,2026-04-25T05:00:00
100540,92,73,5,2026-06-18,completed,2026-05-04T11:00:00
100541,21,29,4,2026-03-01,completed,2026-03-09T11:00:00
100542,120,6,2,2026-05-13,completed,2026-04-10T15:00:00
100543,470,59,1,2026-01-11,completed,2026-01-27T22:00:00
100544,496,67,3,2026-03-09,refunded,2026-05-20T18:00:00
100545,90,49,4,2026-04-04,refunded,2026-06-17T02:00:00
100546,265,33,4,2026-02-27,refunded,2026-04-14T11:00:00
100547,419,45,4,2026-05-04,refunded,2026-01-02T16:00:00
100548,452,18,4,2026-02-12,completed,2026-01-20T16:00:00
100549,330,36,2,2026-02-08,completed,2026-02-10T11:00:00
100550,309,92,1,2026-06-19,completed,2026-04-17T10:00:00
100551,369,15,4,2026-06-22,cancelled,2026-05-03T06:00:00
100552,303,21,4,2026-01-06,completed,2026-01-12T04:00:00
100553,294,76,2,2026-02-04,refunded,2026-01-11T18:00:00
100554,76,8,2,2026-03-08,completed,2026-05-13T12:00:00
100555,307,73,1,2026-06-19,completed,2026-01-22T06:00:00
100556,230,78,4,2026-05-04,completed,2026-02-26T13:00:00
100557,308,19,5,2026-02-16,refunded,2026-06-18T16:00:00
100558,136,22,3,2026-04-27,refunded,2026-06-01T02:00:00
100559,118,49,4,2026-02-03,completed,2026-01-05T06:00:00
100560,268,65,4,2026-02-08,refunded,2026-01-25T05:00:00
100561,244,79,5,2026-01-10,refunded,2026-05-09T03:00:00
100562,48,62,2,2026-06-04,refunded,2026-01-01T21:00:00
100563,333,56,5,2026-04-18,completed,2026-01-12T22:00:00
100564,272,55,2,2026-05-04,cancelled,2026-03-31T18:00:00
100565,412,95,5,2026-01-26,cancelled,2026-02-04T08:00:00
100566,245,99,2,2026-01-22,completed,2026-06-03T17:00:00
100567,210,33,2,2026-01-02,completed,2026-05-28T16:00:00
100568,61,67,1,2026-04-07,completed,2026-06-26T10:00:00
100569,210,47,1,2026-02-09,cancelled,2026-06-16T18:00:00
100570,130,34,5,2026-04-19,refunded,2026-04-04T19:00:00
100571,142,88,4,2026-02-22,cancelled,2026-05-22T17:00:00
100572,248,23,3,2026-05-24,refunded,2026-05-04T08:00:00
100573,158,74,3,2026-06-30,cancelled,2026-02-05T21:00:00
100574,61,96,2,2026-04-25,completed,2026-01-26T06:00:00
100575,261,52,3,2026-05-21,refunded,2026-06-28T21:00:00
100576,362,7,2,2026-04-10,completed,2026-01-24T04:00:00
100577,242,77,4,2026-01-23,completed,2026-03-09T07:00:00
100578,190,11,5,2026-01-10,cancelled,2026-04-13T19:00:00
100579,336,67,3,2026-06-02,completed,2026-02-14T20:00:00
100580,254,57,1,2026-02-21,refunded,2026-03-15T06:00:00
100581,18,77,5,2026-05-13,completed,2026-06-07T05:00:00
100582,346,5,3,2026-03-03,completed,2026-02-10T02:00:00
100583,142,100,4,2026-04-01,cancelled,2026-04-14T18:00:00
100584,103,67,1,2026-06-30,completed,2026-01-24T17:00:00
100585,146,93,5,2026-05-30,completed,2026-03-30T08:00:00
100586,116,78,2,2026-04-27,cancelled,2026-05-28T00:00:00
100587,134,23,4,2026-05-10,completed,2026-05-24T02:00:00
100588,258,38,3,2026-01-30,refunded,2026-03-07T17:00:00
100589,417,74,3,2026-06-27,cancelled,2026-04-07T18:00:00
100590,248,99,2,2026-03-28,cancelled,2026-06-24T14:00:00
100591,460,76,1,2026-05-04,completed,2026-03-08T02:00:00
100592,196,82,2,2026-06-23,completed,2026-03-22T13:00:00
100593,490,46,5,2026-05-18,completed,2026-06-29T08:00:00
100594,128,37,1,2026-04-13,completed,2026-01-20T17:00:00
100595,477,23,4,2026-03-22,completed,2026-02-25T18:00:00
100596,138,24,2,2026-05-08,completed,2026-03-02T23:00:00
100597,124,34,2,2026-02-28,completed,2026-03-05T19:00:00
100598,183,20,1,2026-01-31,completed,2026-06-23T21:00:00
100599,253,79,1,2026-05-19,completed,2026-05-04T11:00:00
100600,318,41,4,2026-05-28,completed,2026-05-06T05:00:00
100601,392,66,3,2026-04-12,completed,2026-05-28T04:00:00
100602,28,68,4,2026-05-03,refunded,2026-01-09T16:00:00
100603,178,51,2,2026-04-28,completed,2026-06-28T16:00:00
100604,236,41,1,2026-01-04,completed,2026-04-08T18:00:00
100605,52,42,3,2026-06-06,completed,2026-02-17T17:00:00
100606,135,31,3,2026-05-01,refunded,2026-03-29T11:00:00
100607,95,64,4,2026-02-23,cancelled,2026-06-29T11:00:00
100608,187,52,3,2026-04-26,completed,2026-05-27T04:00:00
100609,295,88,2,2026-01-26,completed,2026-03-02T17:00:00
100610,222,49,2,2026-02-07,completed,2026-05-02T00:00:00
100611,91,54,4,2026-02-04,refunded,2026-05-17T23:00:00
100612,162,63,3,2026-03-06,refunded,2026-05-26T01:00:00
100613,204,13,2,2026-01-16,completed,2026-03-07T15:00:00
100614,430,81,1,2026-04-26,completed,2026-03-08T11:00:00
100615,185,72,5,2026-03-07,completed,2026-01-06T13:00:00
100616,63,45,5,2026-02-20,refunded,2026-05-28T20:00:00
100617,333,69,2,2026-03-14,completed,2026-03-25T21:00:00
100618,262,63,4,2026-01-21,cancelled,2026-06-07T09:00:00
100619,238,81,2,2026-02-12,completed,2026-04-18T20:00:00
100620,314,74,4,2026-01-19,completed,2026-02-11T10:00:00
100621,117,41,3,2026-06-17,completed,2026-03-10T19:00:00
100622,331,51,3,2026-04-24,completed,2026-05-31T16:00:00
100623,495,58,4,2026-02-12,completed,2026-01-06T04:00:00
100624,373,31,3,2026-06-29,completed,2026-02-23T05:00:00
100625,204,14,1,2026-01-17,cancelled,2026-05-21T01:00:00
100626,14,99,4,2026-05-15,completed,2026-01-27T08:00:00
100627,317,20,1,2026-06-17,cancelled,2026-03-21T07:00:00
100628,127,95,3,2026-04-24,completed,2026-02-03T16:00:00
100629,430,22,1,2026-01-09,completed,2026-03-25T15:00:00
100630,240,70,3,2026-05-21,cancelled,2026-02-04T22:00:00
100631,277,23,5,2026-06-02,cancelled,2026-06-11T23:00:00
100632,326,73,4,2026-05-15,refunded,2026-03-21T11:00:00
100633,247,70,2,2026-01-23,cancelled,2026-03-20T11:00:00
100634,212,34,2,2026-03-19,completed,2026-01-01T16:00:00
100635,418,98,2,2026-03-30,completed,2026-05-01T17:00:00
100636,5,89,4,2026-05-03,completed,2026-01-03T13:00:00
100637,409,38,5,2026-03-01,completed,2026-05-21T11:00:00
100638,97,53,5,2026-04-22,cancelled,2026-03-05T05:00:00
100639,367,95,4,2026-04-07,completed,2026-03-09T02:00:00
100640,217,81,2,2026-05-13,refunded,2026-06-27T21:00:00
100641,140,37,5,2026-03-10,cancelled,2026-02-18T02:00:00
100642,94,18,3,2026-01-29,cancelled,2026-06-08T14:00:00
100643,140,90,5,2026-05-06,completed,2026-03-24T00:00:00
100644,78,7,5,2026-01-06,completed,2026-01-27T09:00:00
100645,138,17,4,2026-01-03,completed,2026-01-24T04:00:00
100646,8,64,2,2026-03-29,cancelled,2026-03-21T15:00:00
100647,191,60,1,2026-03-26,completed,2026-02-07T01:00:00
100648,137,100,4,2026-01-19,refunded,2026-05-01T05:00:00
100649,99,33,4,2026-01-04,completed,2026-03-05T12:00:00
100650,395,57,2,2026-01-09,completed,2026-04-28T23:00:00
100651,395,13,5,2026-06-20,completed,2026-05-02T12:00:00
100652,349,40,3,2026-02-10,completed,2026-05-21T16:00:00
100653,63,33,4,2026-06-13,completed,2026-02-20T11:00:00
100654,455,7,2,2026-01-29,completed,2026-06-12T13:00:00
100655,167,2,2,2026-03-12,refunded,2026-01-31T12:00:00
100656,405,32,1,2026-01-11,refunded,2026-06-26T15:00:00
100657,353,77,2,2026-04-06,completed,2026-03-05T05:00:00
100658,256,12,5,2026-03-28,completed,2026-01-16T11:00:00
100659,331,20,5,2026-01-28,completed,2026-05-05T07:00:00
100660,163,72,3,2026-04-23,completed,2026-01-06T22:00:00
100661,194,46,2,2026-03-06,completed,2026-05-05T22:00:00
100662,225,72,3,2026-05-19,cancelled,2026-02-18T18:00:00
100663,96,70,3,2026-03-24,cancelled,2026-03-12T19:00:00
100664,469,71,2,2026-01-18,refunded,2026-02-09T14:00:00
100665,152,34,5,2026-04-04,cancelled,2026-01-01T20:00:00
100666,260,49,2,2026-01-05,refunded,2026-04-04T19:00:00
100667,123,42,1,2026-06-18,refunded,2026-04-10T06:00:00
100668,269,88,4,2026-05-22,completed,2026-06-06T09:00:00
100669,166,53,3,2026-01-29,completed,2026-05-14T21:00:00
100670,35,6,2,2026-02-15,completed,2026-02-21T03:00:00
100671,249,25,1,2026-01-09,refunded,2026-06-14T12:00:00
100672,337,63,5,2026-06-09,refunded,2026-03-07T01:00:00
100673,188,29,5,2026-01-19,completed,2026-02-23T20:00:00
100674,252,11,4,2026-06-13,completed,2026-04-03T17:00:00
100675,381,54,3,2026-01-15,refunded,2026-03-10T16:00:00
100676,21,94,1,2026-03-19,completed,2026-02-25T16:00:00
100677,50,13,2,2026-05-17,cancelled,2026-02-18T06:00:00
100678,270,85,2,2026-05-26,completed,2026-05-23T23:00:00
100679,286,54,1,2026-06-13,refunded,2026-04-02T21:00:00
100680,235,90,4,2026-01-27,completed,2026-02-16T17:00:00
100681,206,65,3,2026-06-18,completed,2026-05-17T19:00:00
100682,227,46,3,2026-05-21,completed,2026-04-06T13:00:00
100683,392,82,4,2026-03-24,refunded,2026-03-03T18:00:00
100684,280,28,4,2026-05-21,completed,2026-04-03T14:00:00
100685,230,51,1,2026-01-09,completed,2026-06-02T00:00:00
100686,266,18,3,2026-01-02,completed,2026-02-26T06:00:00
100687,439,41,1,2026-06-26,completed,2026-05-22T16:00:00
100688,285,74,5,2026-02-09,completed,2026-01-10T14:00:00
100689,183,20,2,2026-03-09,completed,2026-05-30T07:00:00
100690,120,33,3,2026-01-24,refunded,2026-04-13T18:00:00
100691,470,28,1,2026-03-25,cancelled,2026-02-14T15:00:00
100692,423,89,5,2026-01-25,refunded,2026-06-14T09:00:00
100693,20,94,5,2026-04-08,completed,2026-01-15T10:00:00
100694,179,56,4,2026-01-31,completed,2026-06-17T19:00:00
100695,476,2,4,2026-01-14,completed,2026-05-15T01:00:00
100696,164,70,5,2026-02-08,completed,2026-05-09T22:00:00
100697,114,20,1,2026-06-22,cancelled,2026-04-25T19:00:00
100698,295,65,1,2026-02-26,cancelled,2026-03-16T12:00:00
100699,76,17,3,2026-01-22,cancelled,2026-05-27T23:00:00
100700,26,71,4,2026-03-09,completed,2026-04-13T16:00:00
100701,223,100,2,2026-02-04,cancelled,2026-05-24T06:00:00
100702,250,51,5,2026-02-20,refunded,2026-06-07T23:00:00
100703,269,32,2,2026-01-19,completed,2026-04-21T10:00:00
100704,351,74,1,2026-01-29,cancelled,2026-04-19T11:00:00
100705,179,25,3,2026-03-30,refunded,2026-06-17T00:00:00
100706,395,40,2,2026-03-31,refunded,2026-04-24T19:00:00
100707,75,57,1,2026-03-01,completed,2026-06-25T11:00:00
100708,80,97,1,2026-01-29,completed,2026-03-04T19:00:00
100709,475,19,3,2026-01-04,completed,2026-06-27T03:00:00
100710,157,58,4,2026-01-06,completed,2026-02-23T23:00:00
100711,276,28,2,2026-05-20,refunded,2026-03-08T17:00:00
100712,248,80,2,2026-06-27,completed,2026-04-07T18:00:00
100713,464,85,5,2026-01-12,completed,2026-02-13T01:00:00
100714,146,26,5,2026-03-11,completed,2026-04-30T20:00:00
100715,484,2,1,2026-04-10,completed,2026-06-19T21:00:00
100716,185,14,1,2026-03-16,cancelled,2026-03-01T12:00:00
100717,261,91,1,2026-03-22,cancelled,2026-06-02T17:00:00
100718,46,24,2,2026-05-09,cancelled,2026-05-24T22:00:00
100719,12,6,2,2026-05-16,completed,2026-03-27T15:00:00
100720,202,96,2,2026-01-05,completed,2026-06-25T11:00:00
100721,182,81,3,2026-03-02,refunded,2026-03-12T01:00:00
100722,321,33,4,2026-01-08,refunded,2026-03-13T07:00:00
100723,78,44,4,2026-06-18,completed,2026-01-23T23:00:00
100724,196,67,5,2026-06-10,completed,2026-04-17T07:00:00
100725,294,20,4,2026-03-21,refunded,2026-03-26T14:00:00
100726,278,17,2,2026-06-17,completed,2026-05-29T17:00:00
100727,351,26,2,2026-03-21,refunded,2026-02-04T13:00:00
100728,466,99,2,2026-06-17,refunded,2026-02-10T10:00:00
100729,35,72,5,2026-01-31,completed,2026-03-23T04:00:00
100730,373,4,3,2026-04-16,cancelled,2026-03-19T14:00:00
100731,382,82,3,2026-02-08,completed,2026-01-28T04:00:00
100732,95,4,5,2026-06-07,completed,2026-06-05T18:00:00
100733,314,30,5,2026-03-01,completed,2026-06-25T00:00:00
100734,184,11,4,2026-02-04,refunded,2026-06-04T15:00:00
100735,365,84,3,2026-02-17,cancelled,2026-05-06T15:00:00
100736,71,21,2,2026-02-27,completed,2026-04-15T00:00:00
100737,474,35,4,2026-02-26,completed,2026-02-22T02:00:00
100738,91,57,5,2026-05-06,completed,2026-04-28T07:00:00
100739,219,52,1,2026-06-05,cancelled,2026-03-22T12:00:00
100740,314,96,5,2026-06-02,refunded,2026-05-15T20:00:00
100741,449,91,1,2026-05-14,completed,2026-04-26T14:00:00
100742,424,6,2,2026-05-13,refunded,2026-04-12T23:00:00
100743,21,72,4,2026-05-13,completed,2026-02-18T09:00:00
100744,226,51,3,2026-03-15,cancelled,2026-02-12T13:00:00
100745,151,79,1,2026-06-26,refunded,2026-02-06T14:00:00
100746,425,83,4,2026-01-24,refunded,2026-01-29T05:00:00
100747,399,75,5,2026-02-04,cancelled,2026-04-16T10:00:00
100748,231,4,2,2026-04-27,refunded,2026-02-21T14:00:00
100749,47,33,3,2026-06-27,completed,2026-02-01T02:00:00
100750,59,91,4,2026-06-12,completed,2026-01-22T16:00:00
100751,363,50,5,2026-06-06,completed,2026-04-07T17:00:00
100752,195,6,2,2026-03-27,refunded,2026-06-18T04:00:00
100753,84,19,2,2026-01-14,cancelled,2026-03-20T09:00:00
100754,374,99,4,2026-03-15,completed,2026-01-31T04:00:00
100755,492,26,1,2026-06-09,completed,2026-01-04T14:00:00
100756,255,64,5,2026-01-02,refunded,2026-05-07T07:00:00
100757,112,76,4,2026-04-27,cancelled,2026-04-24T02:00:00
100758,308,77,1,2026-03-04,refunded,2026-03-13T19:00:00
100759,322,72,2,2026-01-13,completed,2026-02-07T01:00:00
100760,335,45,1,2026-02-07,completed,2026-06-20T18:00:00
100761,430,78,3,2026-03-26,completed,2026-01-13T03:00:00
100762,214,23,2,2026-06-22,completed,2026-06-06T21:00:00
100763,355,90,5,2026-05-27,refunded,2026-02-15T14:00:00
100764,384,75,3,2026-01-10,completed,2026-03-18T10:00:00
100765,189,49,1,2026-04-20,refunded,2026-01-17T09:00:00
100766,242,18,1,2026-06-27,completed,2026-03-26T16:00:00
100767,212,68,2,2026-06-28,completed,2026-06-06T01:00:00
100768,56,74,5,2026-01-23,cancelled,2026-06-26T19:00:00
100769,479,91,3,2026-04-20,refunded,2026-03-23T08:00:00
100770,270,74,5,2026-04-01,completed,2026-06-07T18:00:00
100771,255,67,4,2026-05-07,completed,2026-06-06T07:00:00
100772,363,38,2,2026-01-01,completed,2026-01-07T14:00:00
100773,321,16,2,2026-06-07,cancelled,2026-04-16T01:00:00
100774,171,45,5,2026-06-13,completed,2026-01-03T20:00:00
100775,104,89,3,2026-03-07,completed,2026-03-20T09:00:00
100776,260,71,3,2026-01-02,completed,2026-06-25T10:00:00
100777,175,51,5,2026-06-07,completed,2026-02-14T06:00:00
100778,170,44,4,2026-05-02,completed,2026-06-15T04:00:00
100779,247,20,4,2026-05-18,completed,2026-04-29T13:00:00
100780,476,96,1,2026-05-14,completed,2026-05-25T23:00:00
100781,348,41,5,2026-05-18,completed,2026-02-23T18:00:00
100782,351,43,3,2026-01-17,completed,2026-03-13T00:00:00
100783,174,49,5,2026-02-12,refunded,2026-06-05T12:00:00
100784,96,77,1,2026-03-20,completed,2026-01-09T08:00:00
100785,212,12,4,2026-03-02,completed,2026-04-26T09:00:00
100786,111,68,3,2026-02-14,completed,2026-04-06T01:00:00
100787,399,26,1,2026-04-24,refunded,2026-01-07T15:00:00
100788,464,65,2,2026-02-18,completed,2026-05-04T23:00:00
100789,448,68,3,2026-03-25,completed,2026-01-26T16:00:00
100790,347,17,2,2026-01-10,cancelled,2026-04-10T22:00:00
100791,443,67,1,2026-01-02,completed,2026-01-12T21:00:00
100792,435,77,1,2026-03-27,cancelled,2026-01-12T03:00:00
100793,267,99,3,2026-01-06,refunded,2026-03-21T20:00:00
100794,457,27,3,2026-02-21,completed,2026-03-15T08:00:00
100795,273,41,4,2026-06-21,completed,2026-03-11T04:00:00
100796,81,36,1,2026-01-04,refunded,2026-05-24T16:00:00
100797,53,27,5,2026-03-31,refunded,2026-03-23T08:00:00
100798,73,91,3,2026-05-27,completed,2026-02-13T02:00:00
100799,160,79,3,2026-05-19,cancelled,2026-01-13T04:00:00
100800,15,61,1,2026-01-28,cancelled,2026-01-14T02:00:00
100801,219,51,2,2026-06-30,refunded,2026-06-01T20:00:00
100802,429,89,4,2026-06-07,completed,2026-03-21T10:00:00
100803,419,26,5,2026-01-21,cancelled,2026-05-26T04:00:00
100804,48,90,4,2026-01-25,cancelled,2026-03-21T21:00:00
100805,330,91,4,2026-05-01,completed,2026-02-27T04:00:00
100806,441,79,3,2026-04-04,cancelled,2026-02-16T22:00:00
100807,470,86,3,2026-03-25,cancelled,2026-05-05T00:00:00
100808,34,61,1,2026-03-31,cancelled,2026-04-29T05:00:00
100809,145,99,3,2026-06-04,refunded,2026-02-02T16:00:00
100810,53,52,1,2026-03-25,refunded,2026-06-16T02:00:00
100811,406,39,5,2026-04-29,cancelled,2026-06-01T13:00:00
100812,123,80,2,2026-05-21,completed,2026-05-04T12:00:00
100813,34,44,2,2026-06-27,refunded,2026-04-21T13:00:00
100814,291,44,5,2026-06-27,completed,2026-02-14T21:00:00
100815,343,10,5,2026-05-05,completed,2026-06-01T19:00:00
100816,238,42,5,2026-01-25,cancelled,2026-02-15T09:00:00
100817,490,52,1,2026-06-03,completed,2026-06-25T19:00:00
100818,395,49,3,2026-05-07,completed,2026-01-24T06:00:00
100819,419,18,5,2026-06-12,completed,2026-02-07T21:00:00
100820,77,58,5,2026-03-16,cancelled,2026-06-07T18:00:00
100821,229,26,2,2026-06-24,completed,2026-03-18T18:00:00
100822,407,87,3,2026-04-22,completed,2026-01-23T18:00:00
100823,5,79,5,2026-04-14,completed,2026-03-17T01:00:00
100824,190,71,1,2026-01-01,refunded,2026-04-02T03:00:00
100825,441,37,1,2026-03-02,cancelled,2026-06-29T18:00:00
100826,202,81,3,2026-04-08,cancelled,2026-04-08T13:00:00
100827,280,28,2,2026-05-02,completed,2026-02-18T17:00:00
100828,197,47,4,2026-02-09,completed,2026-06-21T04:00:00
100829,69,2,1,2026-06-15,completed,2026-02-06T23:00:00
100830,454,63,4,2026-02-04,completed,2026-02-05T20:00:00
100831,413,54,4,2026-06-28,refunded,2026-04-19T19:00:00
100832,93,59,5,2026-04-19,refunded,2026-04-26T12:00:00
100833,182,29,2,2026-04-19,refunded,2026-01-02T18:00:00
100834,256,94,2,2026-05-09,completed,2026-04-16T17:00:00
100835,296,47,1,2026-01-10,refunded,2026-05-04T22:00:00
100836,189,15,5,2026-05-04,completed,2026-02-06T23:00:00
100837,375,68,3,2026-04-30,refunded,2026-01-21T16:00:00
100838,456,79,1,2026-03-04,cancelled,2026-06-11T23:00:00
100839,340,86,1,2026-06-25,refunded,2026-05-29T09:00:00
100840,314,7,3,2026-05-17,completed,2026-05-01T14:00:00
100841,263,61,5,2026-03-26,cancelled,2026-04-01T09:00:00
100842,149,22,1,2026-06-27,refunded,2026-03-19T23:00:00
100843,402,73,3,2026-01-16,cancelled,2026-05-29T05:00:00
100844,294,7,3,2026-06-09,completed,2026-03-15T15:00:00
100845,43,17,5,2026-01-20,completed,2026-03-06T04:00:00
100846,316,36,3,2026-03-07,completed,2026-01-29T19:00:00
100847,90,76,2,2026-06-18,cancelled,2026-04-05T05:00:00
100848,134,90,2,2026-05-05,completed,2026-05-16T01:00:00
100849,176,11,2,2026-06-02,completed,2026-05-07T13:00:00
100850,395,50,2,2026-06-19,cancelled,2026-06-13T05:00:00
100851,108,74,3,2026-01-14,completed,2026-01-30T01:00:00
100852,86,60,4,2026-05-02,completed,2026-05-02T23:00:00
100853,486,97,5,2026-03-01,cancelled,2026-06-24T22:00:00
100854,200,61,3,2026-02-07,refunded,2026-04-22T00:00:00
100855,148,58,4,2026-06-23,completed,2026-05-16T21:00:00
100856,490,6,1,2026-05-17,completed,2026-04-21T19:00:00
100857,471,84,3,2026-03-27,completed,2026-03-10T03:00:00
100858,131,84,5,2026-04-11,cancelled,2026-06-22T23:00:00
100859,124,94,5,2026-02-19,refunded,2026-03-28T21:00:00
100860,354,24,3,2026-05-21,completed,2026-06-22T00:00:00
100861,426,9,1,2026-04-16,completed,2026-05-15T03:00:00
100862,351,58,3,2026-02-26,completed,2026-03-06T06:00:00
100863,18,4,5,2026-01-24,completed,2026-06-02T21:00:00
100864,458,28,5,2026-06-13,completed,2026-01-31T02:00:00
100865,439,78,2,2026-04-07,refunded,2026-02-17T03:00:00
100866,357,24,3,2026-03-17,cancelled,2026-06-19T02:00:00
100867,328,59,3,2026-04-20,completed,2026-03-07T05:00:00
100868,400,10,3,2026-01-16,cancelled,2026-04-10T10:00:00
100869,31,34,3,2026-02-15,cancelled,2026-01-18T15:00:00
100870,476,26,5,2026-04-11,completed,2026-06-15T15:00:00
100871,56,19,5,2026-04-21,completed,2026-06-07T20:00:00
100872,55,57,3,2026-01-27,completed,2026-01-19T02:00:00
100873,293,94,3,2026-04-25,completed,2026-05-08T04:00:00
100874,335,82,1,2026-01-10,cancelled,2026-03-10T04:00:00
100875,359,43,4,2026-05-28,completed,2026-05-12T22:00:00
100876,482,99,4,2026-05-03,cancelled,2026-04-14T23:00:00
100877,400,9,5,2026-02-27,completed,2026-04-09T22:00:00
100878,419,100,4,2026-02-01,refunded,2026-05-18T11:00:00
100879,171,88,3,2026-04-13,completed,2026-06-11T20:00:00
100880,47,47,5,2026-03-29,completed,2026-04-28T09:00:00
100881,332,26,2,2026-05-22,completed,2026-04-09T21:00:00
100882,98,39,4,2026-01-28,completed,2026-05-05T02:00:00
100883,454,81,4,2026-02-18,completed,2026-01-10T06:00:00
100884,13,93,5,2026-03-03,cancelled,2026-04-10T02:00:00
100885,406,70,3,2026-05-08,refunded,2026-04-26T00:00:00
100886,19,44,1,2026-03-28,completed,2026-04-14T03:00:00
100887,109,84,5,2026-04-28,refunded,2026-02-08T23:00:00
100888,297,30,1,2026-01-10,completed,2026-05-06T20:00:00
100889,10,61,5,2026-01-12,completed,2026-06-29T20:00:00
100890,67,2,2,2026-06-11,completed,2026-03-20T03:00:00
100891,234,79,2,2026-06-01,completed,2026-01-28T03:00:00
100892,255,77,5,2026-02-26,completed,2026-02-21T13:00:00
100893,173,95,4,2026-03-25,completed,2026-06-25T18:00:00
100894,280,18,3,2026-02-24,completed,2026-06-01T05:00:00
100895,172,9,1,2026-03-12,completed,2026-04-17T05:00:00
100896,357,48,5,2026-02-12,cancelled,2026-03-04T18:00:00
100897,21,18,1,2026-06-11,refunded,2026-04-07T05:00:00
100898,9,63,1,2026-01-02,completed,2026-02-15T02:00:00
100899,362,84,5,2026-03-14,cancelled,2026-06-27T15:00:00
100900,355,17,2,2026-02-06,completed,2026-05-14T14:00:00
100901,211,31,2,2026-06-06,completed,2026-06-02T05:00:00
100902,368,64,5,2026-01-23,completed,2026-03-31T13:00:00
100903,3,72,2,2026-02-19,completed,2026-05-16T03:00:00
100904,317,47,5,2026-05-10,completed,2026-04-29T20:00:00
100905,338,27,3,2026-01-14,completed,2026-01-29T04:00:00
100906,351,61,4,2026-02-15,completed,2026-06-21T01:00:00
100907,28,83,3,2026-03-14,completed,2026-04-22T08:00:00
100908,172,79,4,2026-01-12,completed,2026-01-14T17:00:00
100909,91,21,1,2026-05-05,refunded,2026-01-30T02:00:00
100910,459,31,4,2026-06-01,refunded,2026-03-25T13:00:00
100911,102,96,3,2026-02-28,completed,2026-03-25T07:00:00
100912,51,31,4,2026-02-21,cancelled,2026-02-26T02:00:00
100913,242,75,4,2026-01-14,cancelled,2026-02-07T06:00:00
100914,476,79,4,2026-02-15,cancelled,2026-04-06T04:00:00
100915,235,93,2,2026-06-11,completed,2026-03-11T06:00:00
100916,172,17,1,2026-06-27,refunded,2026-01-16T08:00:00
100917,70,15,4,2026-04-28,cancelled,2026-02-13T10:00:00
100918,113,38,5,2026-02-10,refunded,2026-02-13T18:00:00
100919,497,71,2,2026-01-23,cancelled,2026-05-14T15:00:00
100920,442,28,5,2026-05-02,cancelled,2026-03-13T00:00:00
100921,374,55,2,2026-03-05,completed,2026-04-22T18:00:00
100922,114,76,2,2026-05-27,completed,2026-04-17T01:00:00
100923,21,61,5,2026-01-09,cancelled,2026-05-16T12:00:00
100924,246,90,1,2026-04-26,cancelled,2026-03-03T02:00:00
100925,286,97,1,2026-06-27,cancelled,2026-02-25T04:00:00
100926,184,38,2,2026-06-15,completed,2026-01-05T15:00:00
100927,343,40,2,2026-06-30,cancelled,2026-05-27T23:00:00
100928,299,4,4,2026-04-29,completed,2026-06-30T12:00:00
100929,95,48,4,2026-06-30,completed,2026-06-10T02:00:00
100930,198,89,3,2026-05-16,completed,2026-03-17T13:00:00
100931,386,35,5,2026-05-19,refunded,2026-02-23T21:00:00
100932,42,80,3,2026-01-15,refunded,2026-06-22T11:00:00
100933,455,7,1,2026-04-09,completed,2026-04-30T19:00:00
100934,21,47,3,2026-02-14,refunded,2026-06-30T02:00:00
100935,288,91,2,2026-02-05,completed,2026-03-03T17:00:00
100936,59,84,4,2026-05-29,completed,2026-02-27T10:00:00
100937,181,35,5,2026-06-24,cancelled,2026-03-12T01:00:00
100938,33,48,3,2026-04-26,cancelled,2026-05-09T16:00:00
100939,425,16,4,2026-05-17,refunded,2026-03-16T14:00:00
100940,318,48,1,2026-02-18,cancelled,2026-01-23T02:00:00
100941,201,23,3,2026-01-20,completed,2026-02-12T08:00:00
100942,58,90,2,2026-05-08,completed,2026-02-22T16:00:00
100943,488,81,1,2026-03-17,cancelled,2026-06-24T17:00:00
100944,478,17,4,2026-03-30,cancelled,2026-04-24T23:00:00
100945,331,3,3,2026-02-18,completed,2026-01-06T07:00:00
100946,428,67,3,2026-04-16,refunded,2026-03-29T20:00:00
100947,331,42,4,2026-06-01,refunded,2026-05-21T14:00:00
100948,235,39,5,2026-02-03,completed,2026-02-13T08:00:00
100949,117,62,3,2026-03-15,completed,2026-02-07T11:00:00
100950,146,59,2,2026-06-08,completed,2026-05-18T09:00:00
100951,94,23,2,2026-02-11,completed,2026-01-30T01:00:00
100952,163,74,2,2026-04-23,completed,2026-04-05T05:00:00
100953,106,72,1,2026-06-20,completed,2026-03-30T04:00:00
100954,191,58,5,2026-02-11,refunded,2026-03-19T03:00:00
100955,472,4,4,2026-05-08,completed,2026-04-28T10:00:00
100956,80,1,5,2026-05-10,completed,2026-06-15T22:00:00
100957,152,61,3,2026-05-27,completed,2026-05-25T23:00:00
100958,465,57,3,2026-06-26,completed,2026-05-03T01:00:00
100959,72,87,5,2026-01-30,completed,2026-01-07T12:00:00
100960,317,29,4,2026-04-02,completed,2026-03-25T01:00:00
100961,312,83,2,2026-05-30,refunded,2026-02-26T08:00:00
100962,101,3,1,2026-05-18,cancelled,2026-06-23T21:00:00
100963,491,12,5,2026-04-11,completed,2026-05-06T10:00:00
100964,309,78,5,2026-01-15,completed,2026-04-12T04:00:00
100965,367,55,3,2026-04-09,completed,2026-01-04T09:00:00
100966,177,45,3,2026-04-25,refunded,2026-01-23T06:00:00
100967,373,57,4,2026-04-24,completed,2026-02-11T23:00:00
100968,497,55,4,2026-02-05,refunded,2026-06-03T02:00:00
100969,74,27,3,2026-05-02,refunded,2026-03-27T02:00:00
100970,478,76,4,2026-01-23,completed,2026-04-15T20:00:00
100971,469,35,4,2026-02-14,refunded,2026-04-29T22:00:00
100972,291,97,2,2026-02-21,completed,2026-04-08T09:00:00
100973,284,63,1,2026-03-19,refunded,2026-03-19T15:00:00
100974,287,95,4,2026-02-27,completed,2026-01-01T04:00:00
100975,135,39,4,2026-02-01,completed,2026-04-17T05:00:00
100976,252,89,2,2026-01-08,completed,2026-03-12T15:00:00
100977,497,9,5,2026-04-03,refunded,2026-05-04T18:00:00
100978,224,34,4,2026-06-27,completed,2026-04-06T16:00:00
100979,376,74,1,2026-03-08,completed,2026-05-29T01:00:00
100980,75,41,4,2026-06-27,completed,2026-04-02T05:00:00
100981,28,35,3,2026-04-18,completed,2026-01-13T09:00:00
100982,150,68,1,2026-05-12,completed,2026-06-10T05:00:00
100983,392,13,5,2026-02-12,refunded,2026-03-24T10:00:00
100984,424,88,3,2026-03-11,completed,2026-01-25T17:00:00
100985,297,46,2,2026-01-04,completed,2026-05-13T09:00:00
100986,191,100,4,2026-04-16,completed,2026-02-11T03:00:00
100987,112,20,5,2026-02-26,completed,2026-05-24T19:00:00
100988,354,68,5,2026-05-22,completed,2026-04-17T14:00:00
100989,470,10,1,2026-02-03,completed,2026-05-03T11:00:00
100990,160,89,3,2026-02-05,cancelled,2026-06-02T16:00:00
100991,391,44,2,2026-03-19,completed,2026-01-31T07:00:00
100992,66,89,2,2026-06-26,completed,2026-03-20T04:00:00
100993,108,17,1,2026-04-19,completed,2026-01-20T00:00:00
100994,397,62,4,2026-01-11,completed,2026-01-28T01:00:00
100995,407,85,5,2026-06-01,completed,2026-05-01T03:00:00
100996,466,33,1,2026-01-17,completed,2026-06-20T00:00:00
100997,387,13,1,2026-06-04,completed,2026-05-31T06:00:00
100998,95,86,3,2026-01-08,completed,2026-02-07T23:00:00
100999,483,36,5,2026-03-31,completed,2026-02-11T16:00:00
101000,400,94,5,2026-03-03,refunded,2026-05-26T02:00:00
101001,51,75,1,2026-05-16,completed,2026-02-19T09:00:00
101002,88,97,5,2026-01-02,completed,2026-02-24T16:00:00
101003,436,91,4,2026-04-04,refunded,2026-02-17T14:00:00
101004,345,14,2,2026-04-01,cancelled,2026-04-19T06:00:00
101005,264,30,4,2026-01-29,completed,2026-02-01T14:00:00
101006,57,67,2,2026-05-07,completed,2026-06-30T09:00:00
101007,286,93,1,2026-01-22,completed,2026-05-07T03:00:00
101008,198,37,4,2026-06-03,completed,2026-06-25T14:00:00
101009,116,71,4,2026-03-16,cancelled,2026-02-18T02:00:00
101010,459,61,3,2026-02-15,completed,2026-06-22T15:00:00
101011,345,14,4,2026-04-23,refunded,2026-06-18T21:00:00
101012,44,16,2,2026-04-12,cancelled,2026-06-27T18:00:00
101013,53,95,2,2026-01-17,completed,2026-02-20T10:00:00
101014,103,77,4,2026-02-01,completed,2026-04-19T23:00:00
101015,256,36,5,2026-06-01,completed,2026-06-14T12:00:00
101016,183,61,5,2026-04-14,cancelled,2026-05-11T08:00:00
101017,76,99,4,2026-01-28,completed,2026-03-06T15:00:00
101018,255,30,2,2026-01-08,completed,2026-01-14T02:00:00
101019,256,87,1,2026-02-15,cancelled,2026-06-04T21:00:00
101020,168,20,3,2026-06-09,refunded,2026-01-25T02:00:00
101021,339,97,5,2026-05-07,cancelled,2026-02-21T09:00:00
101022,339,64,4,2026-05-10,completed,2026-05-19T10:00:00
101023,415,70,5,2026-01-05,completed,2026-04-21T03:00:00
101024,197,58,3,2026-04-07,cancelled,2026-04-28T01:00:00
101025,17,23,5,2026-06-18,completed,2026-06-30T05:00:00
101026,252,56,2,2026-03-21,cancelled,2026-05-05T03:00:00
101027,292,87,4,2026-06-18,refunded,2026-06-25T17:00:00
101028,293,61,4,2026-05-24,completed,2026-05-10T01:00:00
101029,201,34,4,2026-06-01,cancelled,2026-06-07T21:00:00
101030,181,99,3,2026-03-24,completed,2026-01-08T18:00:00
101031,24,17,3,2026-03-31,refunded,2026-01-07T20:00:00
101032,175,49,1,2026-04-20,completed,2026-04-02T13:00:00
101033,180,8,2,2026-03-05,completed,2026-06-15T09:00:00
101034,304,11,1,2026-03-20,completed,2026-03-28T05:00:00
101035,11,69,3,2026-01-10,cancelled,2026-06-18T13:00:00
101036,291,66,4,2026-03-10,completed,2026-06-28T15:00:00
101037,302,3,3,2026-04-07,refunded,2026-04-10T10:00:00
101038,294,13,4,2026-01-26,completed,2026-03-28T15:00:00
101039,258,98,3,2026-02-12,refunded,2026-03-18T11:00:00
101040,497,56,2,2026-05-08,completed,2026-05-18T06:00:00
101041,148,34,1,2026-03-18,refunded,2026-04-13T07:00:00
101042,320,96,1,2026-05-29,completed,2026-06-01T10:00:00
101043,140,9,5,2026-05-16,cancelled,2026-04-20T06:00:00
101044,178,10,3,2026-05-10,completed,2026-04-21T21:00:00
101045,277,41,2,2026-04-17,cancelled,2026-03-06T19:00:00
101046,264,59,5,2026-02-16,completed,2026-06-10T22:00:00
101047,265,24,5,2026-05-08,completed,2026-06-19T23:00:00
101048,481,60,3,2026-06-13,refunded,2026-06-07T13:00:00
101049,479,73,1,2026-05-14,completed,2026-04-04T14:00:00
101050,76,31,2,2026-06-25,completed,2026-04-22T13:00:00
101051,164,9,2,2026-04-16,completed,2026-03-15T20:00:00
101052,83,33,5,2026-03-02,cancelled,2026-03-03T03:00:00
101053,77,25,1,2026-03-04,completed,2026-04-29T15:00:00
101054,287,56,4,2026-06-15,completed,2026-02-21T05:00:00
101055,140,18,1,2026-03-08,completed,2026-06-18T17:00:00
101056,91,83,1,2026-05-05,completed,2026-01-15T02:00:00
101057,161,78,3,2026-01-17,cancelled,2026-04-04T21:00:00
101058,337,12,4,2026-02-05,completed,2026-01-29T18:00:00
101059,377,65,1,2026-05-14,refunded,2026-05-15T08:00:00
101060,255,12,2,2026-06-03,completed,2026-03-22T10:00:00
101061,427,75,4,2026-03-02,cancelled,2026-02-25T04:00:00
101062,55,23,2,2026-03-12,cancelled,2026-04-15T08:00:00
101063,442,76,1,2026-05-06,refunded,2026-04-06T22:00:00
101064,486,15,3,2026-05-20,cancelled,2026-05-02T21:00:00
101065,127,36,2,2026-04-03,cancelled,2026-04-05T09:00:00
101066,11,83,5,2026-01-09,completed,2026-06-26T21:00:00
101067,123,33,5,2026-04-09,completed,2026-06-13T22:00:00
101068,186,88,1,2026-05-17,completed,2026-04-24T12:00:00
101069,5,51,3,2026-03-19,completed,2026-03-02T09:00:00
101070,108,21,4,2026-06-11,completed,2026-06-14T13:00:00
101071,405,5,3,2026-01-21,cancelled,2026-05-01T23:00:00
101072,212,43,4,2026-01-26,completed,2026-06-28T08:00:00
101073,260,9,3,2026-04-18,refunded,2026-05-21T23:00:00
101074,168,59,1,2026-01-14,completed,2026-06-11T14:00:00
101075,406,83,2,2026-01-01,cancelled,2026-02-21T20:00:00
101076,157,41,5,2026-01-22,completed,2026-02-10T07:00:00
101077,265,92,2,2026-06-02,cancelled,2026-03-23T14:00:00
101078,245,95,2,2026-03-08,completed,2026-06-25T18:00:00
101079,424,42,3,2026-02-20,completed,2026-04-17T11:00:00
101080,94,51,4,2026-05-27,completed,2026-01-06T00:00:00
101081,473,72,5,2026-06-10,completed,2026-01-23T14:00:00
101082,102,34,2,2026-01-13,cancelled,2026-06-08T13:00:00
101083,308,34,2,2026-01-23,completed,2026-02-13T18:00:00
101084,61,2,5,2026-04-22,cancelled,2026-06-22T15:00:00
101085,61,29,2,2026-02-18,completed,2026-03-15T23:00:00
101086,254,49,2,2026-04-21,completed,2026-06-03T06:00:00
101087,422,37,2,2026-04-18,completed,2026-04-15T04:00:00
101088,15,38,3,2026-03-02,refunded,2026-04-26T07:00:00
101089,190,75,4,2026-01-22,completed,2026-05-01T04:00:00
101090,447,42,4,2026-06-25,completed,2026-04-09T22:00:00
101091,217,95,5,2026-03-07,completed,2026-01-25T17:00:00
101092,31,7,3,2026-03-02,cancelled,2026-04-01T19:00:00
101093,481,86,5,2026-01-12,completed,2026-03-06T16:00:00
101094,318,49,3,2026-04-12,completed,2026-02-03T17:00:00
101095,22,75,2,2026-03-08,completed,2026-05-09T15:00:00
101096,477,44,4,2026-02-03,completed,2026-03-23T22:00:00
101097,272,56,2,2026-03-08,completed,2026-03-22T01:00:00
101098,66,64,3,2026-04-03,cancelled,2026-03-14T08:00:00
101099,314,98,3,2026-05-13,completed,2026-04-22T05:00:00
101100,162,95,4,2026-02-08,refunded,2026-06-18T20:00:00
101101,409,57,1,2026-02-18,completed,2026-01-14T07:00:00
101102,94,5,4,2026-03-08,completed,2026-06-30T14:00:00
101103,224,15,4,2026-01-11,cancelled,2026-04-02T22:00:00
101104,288,63,4,2026-05-07,completed,2026-02-07T03:00:00
101105,179,12,2,2026-03-14,completed,2026-02-13T23:00:00
101106,261,35,5,2026-06-19,refunded,2026-02-24T18:00:00
101107,498,1,5,2026-05-27,completed,2026-04-17T02:00:00
101108,127,99,4,2026-06-23,completed,2026-03-26T00:00:00
101109,146,88,1,2026-04-11,completed,2026-06-01T03:00:00
101110,429,42,2,2026-01-08,completed,2026-04-28T22:00:00
101111,338,62,4,2026-06-10,completed,2026-06-02T21:00:00
101112,3,43,1,2026-06-17,refunded,2026-04-26T10:00:00
101113,486,94,5,2026-02-03,completed,2026-01-13T20:00:00
101114,145,42,1,2026-01-19,refunded,2026-06-04T12:00:00
101115,48,52,3,2026-02-15,completed,2026-04-13T02:00:00
101116,11,27,2,2026-04-10,cancelled,2026-03-14T20:00:00
101117,386,84,2,2026-01-31,completed,2026-05-06T13:00:00
101118,377,40,5,2026-02-03,completed,2026-06-20T03:00:00
101119,427,48,5,2026-02-21,cancelled,2026-04-25T12:00:00
101120,244,35,5,2026-06-03,cancelled,2026-01-24T13:00:00
101121,416,48,5,2026-02-17,cancelled,2026-06-11T13:00:00
101122,48,6,5,2026-03-29,cancelled,2026-06-23T07:00:00
101123,332,88,2,2026-05-07,refunded,2026-06-11T20:00:00
101124,269,11,3,2026-04-30,cancelled,2026-01-21T15:00:00
101125,154,20,2,2026-06-25,completed,2026-03-05T16:00:00
101126,219,38,5,2026-01-13,refunded,2026-01-20T01:00:00
101127,263,14,5,2026-04-19,cancelled,2026-01-25T14:00:00
101128,339,93,5,2026-03-06,completed,2026-03-07T18:00:00
101129,42,99,5,2026-01-05,completed,2026-06-19T14:00:00
101130,92,24,4,2026-01-12,completed,2026-04-17T22:00:00
101131,153,41,5,2026-04-27,cancelled,2026-06-09T08:00:00
101132,175,24,2,2026-02-17,completed,2026-06-04T08:00:00
101133,447,87,1,2026-04-22,refunded,2026-01-05T00:00:00
101134,203,15,1,2026-02-13,cancelled,2026-04-28T22:00:00
101135,208,85,5,2026-05-05,completed,2026-06-08T19:00:00
101136,185,89,4,2026-03-19,completed,2026-02-02T04:00:00
101137,8,25,1,2026-01-05,completed,2026-01-07T06:00:00
101138,247,84,2,2026-06-16,completed,2026-04-22T20:00:00
101139,440,69,2,2026-01-23,completed,2026-04-29T04:00:00
101140,243,55,1,2026-01-30,completed,2026-02-09T23:00:00
101141,360,57,4,2026-05-01,completed,2026-04-26T18:00:00
101142,125,26,3,2026-05-26,cancelled,2026-01-14T10:00:00
101143,5,14,4,2026-04-17,cancelled,2026-05-29T19:00:00
101144,375,71,3,2026-01-10,cancelled,2026-04-13T15:00:00
101145,263,76,5,2026-06-23,cancelled,2026-03-01T22:00:00
101146,32,68,1,2026-04-19,refunded,2026-03-22T17:00:00
101147,33,35,4,2026-05-02,completed,2026-05-07T19:00:00
101148,481,83,3,2026-04-25,cancelled,2026-01-06T05:00:00
101149,148,93,2,2026-05-01,completed,2026-04-23T07:00:00
101150,260,29,5,2026-06-25,completed,2026-06-04T22:00:00
101151,337,60,2,2026-03-17,cancelled,2026-04-17T21:00:00
101152,335,95,3,2026-05-01,completed,2026-06-09T06:00:00
101153,145,89,1,2026-06-20,cancelled,2026-02-03T05:00:00
101154,103,21,5,2026-05-06,completed,2026-04-17T15:00:00
101155,156,31,2,2026-05-23,completed,2026-01-05T11:00:00
101156,452,34,3,2026-06-23,completed,2026-02-14T16:00:00
101157,17,9,3,2026-04-21,completed,2026-06-08T07:00:00
101158,62,72,2,2026-05-05,completed,2026-03-29T11:00:00
101159,394,6,5,2026-03-10,completed,2026-06-26T16:00:00
101160,310,86,1,2026-06-30,completed,2026-04-23T14:00:00
101161,493,97,1,2026-01-28,refunded,2026-06-06T03:00:00
101162,422,72,1,2026-05-10,completed,2026-02-12T20:00:00
101163,61,27,3,2026-02-10,completed,2026-04-24T16:00:00
101164,256,94,1,2026-02-09,completed,2026-03-27T04:00:00
101165,63,26,4,2026-04-17,completed,2026-03-04T15:00:00
101166,175,37,5,2026-02-13,completed,2026-03-10T11:00:00
101167,367,97,4,2026-04-03,completed,2026-02-08T16:00:00
101168,216,30,2,2026-04-20,cancelled,2026-04-15T14:00:00
101169,488,67,3,2026-01-08,cancelled,2026-02-07T00:00:00
101170,368,67,1,2026-01-22,completed,2026-03-22T12:00:00
101171,396,22,4,2026-01-16,cancelled,2026-01-10T21:00:00
101172,473,83,2,2026-05-28,completed,2026-06-11T22:00:00
101173,410,85,5,2026-03-17,cancelled,2026-04-13T21:00:00
101174,359,71,3,2026-03-22,completed,2026-01-03T08:00:00
101175,461,68,5,2026-02-07,cancelled,2026-04-25T20:00:00
101176,106,70,5,2026-06-08,cancelled,2026-06-28T11:00:00
101177,455,84,4,2026-02-20,completed,2026-01-22T01:00:00
101178,276,43,4,2026-02-02,refunded,2026-05-19T09:00:00
101179,110,12,5,2026-05-22,completed,2026-05-14T10:00:00
101180,388,82,2,2026-01-06,completed,2026-05-19T18:00:00
101181,133,31,3,2026-04-19,refunded,2026-01-29T23:00:00
101182,31,48,3,2026-06-10,refunded,2026-04-01T03:00:00
101183,25,97,1,2026-04-25,completed,2026-05-27T23:00:00
101184,3,59,3,2026-03-02,refunded,2026-05-25T22:00:00
101185,458,81,5,2026-06-02,completed,2026-03-31T09:00:00
101186,146,86,5,2026-06-22,completed,2026-04-07T16:00:00
101187,378,32,1,2026-03-25,refunded,2026-05-30T06:00:00
101188,422,100,3,2026-04-27,completed,2026-02-07T22:00:00
101189,218,53,1,2026-01-24,completed,2026-04-19T04:00:00
101190,244,28,4,2026-01-20,completed,2026-06-23T16:00:00
101191,207,76,5,2026-05-13,cancelled,2026-03-09T18:00:00
101192,256,82,4,2026-04-23,cancelled,2026-04-17T05:00:00
101193,74,65,2,2026-05-05,cancelled,2026-02-03T22:00:00
101194,263,68,1,2026-06-27,completed,2026-04-27T15:00:00
101195,17,96,2,2026-05-24,completed,2026-01-31T19:00:00
101196,437,53,1,2026-01-31,completed,2026-05-27T09:00:00
101197,21,67,2,2026-01-31,completed,2026-03-20T11:00:00
101198,156,38,4,2026-01-08,completed,2026-02-06T18:00:00
101199,216,7,3,2026-03-14,completed,2026-02-16T23:00:00
101200,251,1,1,2026-05-21,completed,2026-01-18T01:00:00
101201,214,62,5,2026-03-21,refunded,2026-04-26T10:00:00
101202,401,49,4,2026-06-05,completed,2026-02-05T16:00:00
101203,326,59,4,2026-06-20,cancelled,2026-02-08T23:00:00
101204,167,12,5,2026-06-20,refunded,2026-04-15T12:00:00
101205,120,51,3,2026-05-19,completed,2026-06-21T14:00:00
101206,377,36,1,2026-02-12,completed,2026-05-27T20:00:00
101207,408,99,3,2026-05-24,completed,2026-06-14T17:00:00
101208,44,25,5,2026-05-19,refunded,2026-01-14T18:00:00
101209,268,25,4,2026-05-09,completed,2026-01-31T21:00:00
101210,480,69,2,2026-01-05,completed,2026-02-22T07:00:00
101211,425,91,5,2026-04-24,completed,2026-05-17T19:00:00
101212,165,52,5,2026-01-12,cancelled,2026-01-06T10:00:00
101213,224,24,4,2026-01-07,refunded,2026-03-23T12:00:00
101214,132,12,1,2026-01-26,refunded,2026-02-13T09:00:00
101215,74,24,3,2026-01-23,completed,2026-03-20T13:00:00
101216,348,22,1,2026-06-07,completed,2026-02-16T00:00:00
101217,366,8,3,2026-04-10,completed,2026-03-23T04:00:00
101218,212,42,3,2026-04-07,completed,2026-01-14T06:00:00
101219,123,97,5,2026-05-31,completed,2026-05-07T16:00:00
101220,386,65,4,2026-01-30,completed,2026-01-16T10:00:00
101221,238,71,4,2026-01-17,cancelled,2026-01-08T13:00:00
101222,325,30,1,2026-03-10,refunded,2026-05-31T21:00:00
101223,52,32,5,2026-06-16,completed,2026-03-19T18:00:00
101224,209,58,1,2026-06-12,refunded,2026-02-22T04:00:00
101225,192,70,2,2026-03-04,refunded,2026-04-19T17:00:00
101226,232,6,1,2026-04-29,refunded,2026-03-16T20:00:00
101227,498,22,1,2026-01-16,cancelled,2026-03-11T19:00:00
101228,129,88,4,2026-03-31,completed,2026-05-30T16:00:00
101229,145,6,2,2026-05-17,refunded,2026-01-18T09:00:00
101230,46,51,1,2026-02-05,refunded,2026-03-13T13:00:00
101231,108,79,5,2026-03-23,completed,2026-06-12T08:00:00
101232,386,91,4,2026-03-11,completed,2026-06-19T10:00:00
101233,175,27,4,2026-06-03,completed,2026-01-05T22:00:00
101234,69,83,1,2026-06-05,cancelled,2026-01-02T00:00:00
101235,345,23,4,2026-05-23,cancelled,2026-04-11T17:00:00
101236,42,84,1,2026-05-18,completed,2026-06-21T14:00:00
101237,345,16,3,2026-04-07,refunded,2026-04-02T12:00:00
101238,91,99,1,2026-02-01,cancelled,2026-04-05T06:00:00
101239,228,2,2,2026-01-06,completed,2026-06-24T22:00:00
101240,184,25,1,2026-06-07,completed,2026-02-26T07:00:00
101241,253,47,1,2026-03-13,cancelled,2026-06-30T22:00:00
101242,311,27,1,2026-02-20,cancelled,2026-01-29T08:00:00
101243,292,65,4,2026-02-13,refunded,2026-02-19T21:00:00
101244,379,73,5,2026-05-25,completed,2026-01-17T18:00:00
101245,66,96,1,2026-02-02,completed,2026-05-26T07:00:00
101246,452,67,3,2026-02-19,completed,2026-06-27T21:00:00
101247,273,79,3,2026-06-24,refunded,2026-04-27T00:00:00
101248,481,55,1,2026-03-24,cancelled,2026-04-15T08:00:00
101249,63,88,5,2026-04-30,cancelled,2026-04-03T16:00:00
101250,389,6,2,2026-01-13,completed,2026-04-18T17:00:00
101251,230,41,1,2026-04-11,completed,2026-03-27T02:00:00
101252,451,74,1,2026-02-27,cancelled,2026-01-20T07:00:00
101253,101,22,3,2026-03-21,completed,2026-06-10T20:00:00
101254,50,4,4,2026-04-21,completed,2026-06-01T20:00:00
101255,479,43,3,2026-03-05,completed,2026-05-02T07:00:00
101256,491,44,1,2026-03-27,refunded,2026-03-02T02:00:00
101257,398,77,5,2026-04-23,completed,2026-06-10T14:00:00
101258,297,16,1,2026-01-16,completed,2026-04-07T10:00:00
101259,456,89,1,2026-02-02,completed,2026-04-24T01:00:00
101260,155,79,4,2026-01-17,completed,2026-06-23T01:00:00
101261,287,7,3,2026-04-08,cancelled,2026-01-25T19:00:00
101262,386,53,2,2026-06-03,refunded,2026-01-03T14:00:00
101263,197,60,4,2026-06-08,refunded,2026-01-26T10:00:00
101264,334,87,1,2026-04-27,refunded,2026-03-26T18:00:00
101265,99,14,1,2026-01-04,refunded,2026-01-18T18:00:00
101266,405,25,5,2026-02-02,refunded,2026-03-07T11:00:00
101267,216,62,5,2026-04-24,completed,2026-03-04T04:00:00
101268,409,6,1,2026-02-02,completed,2026-05-30T13:00:00
101269,263,84,3,2026-03-21,refunded,2026-05-19T04:00:00
101270,76,61,3,2026-06-04,completed,2026-03-16T11:00:00
101271,497,2,5,2026-05-31,completed,2026-01-15T07:00:00
101272,260,72,1,2026-04-19,completed,2026-02-20T06:00:00
101273,328,26,1,2026-03-29,completed,2026-06-20T15:00:00
101274,356,89,4,2026-06-03,completed,2026-05-29T18:00:00
101275,494,43,5,2026-03-18,cancelled,2026-03-26T05:00:00
101276,54,59,1,2026-05-07,completed,2026-01-01T20:00:00
101277,115,89,2,2026-04-30,refunded,2026-02-24T07:00:00
101278,247,95,3,2026-04-07,completed,2026-04-13T05:00:00
101279,423,1,3,2026-01-03,completed,2026-04-02T00:00:00
101280,285,15,2,2026-03-16,cancelled,2026-02-19T20:00:00
101281,300,98,3,2026-01-12,completed,2026-02-20T06:00:00
101282,146,23,2,2026-03-09,completed,2026-03-28T17:00:00
101283,126,23,2,2026-01-06,completed,2026-03-09T03:00:00
101284,11,87,2,2026-04-08,completed,2026-03-28T06:00:00
101285,157,59,2,2026-04-05,completed,2026-06-19T05:00:00
101286,482,68,5,2026-04-22,completed,2026-01-31T04:00:00
101287,452,17,2,2026-02-19,refunded,2026-04-07T22:00:00
101288,192,41,5,2026-04-20,completed,2026-01-12T19:00:00
101289,301,25,5,2026-03-17,completed,2026-03-25T07:00:00
101290,28,81,3,2026-02-02,refunded,2026-05-30T15:00:00
101291,108,94,1,2026-05-01,refunded,2026-01-17T05:00:00
101292,261,50,5,2026-04-06,cancelled,2026-05-13T14:00:00
101293,92,42,3,2026-05-15,cancelled,2026-05-07T15:00:00
101294,138,75,4,2026-06-13,refunded,2026-06-16T01:00:00
101295,107,29,2,2026-04-26,completed,2026-04-12T06:00:00
101296,157,55,4,2026-05-27,completed,2026-04-06T08:00:00
101297,282,11,2,2026-01-22,completed,2026-04-24T16:00:00
101298,181,30,5,2026-01-11,cancelled,2026-05-12T19:00:00
101299,173,55,4,2026-04-30,cancelled,2026-04-15T11:00:00
101300,412,64,3,2026-03-11,cancelled,2026-01-07T05:00:00
101301,227,30,3,2026-06-15,completed,2026-04-02T02:00:00
101302,151,65,5,2026-05-20,completed,2026-03-12T07:00:00
101303,51,16,1,2026-04-03,completed,2026-05-20T06:00:00
101304,171,26,3,2026-03-06,completed,2026-06-24T08:00:00
101305,98,91,5,2026-02-05,refunded,2026-03-08T00:00:00
101306,395,39,3,2026-03-30,cancelled,2026-04-14T18:00:00
101307,388,84,1,2026-05-01,refunded,2026-02-08T12:00:00
101308,117,30,2,2026-05-02,completed,2026-05-13T18:00:00
101309,403,71,4,2026-04-29,completed,2026-01-22T10:00:00
101310,434,25,4,2026-06-28,cancelled,2026-02-23T14:00:00
101311,231,72,1,2026-04-06,completed,2026-05-28T04:00:00
101312,157,95,1,2026-05-08,completed,2026-03-28T07:00:00
101313,215,55,4,2026-06-26,refunded,2026-03-18T10:00:00
101314,301,3,5,2026-01-09,completed,2026-02-09T10:00:00
101315,291,81,5,2026-06-05,refunded,2026-04-11T12:00:00
101316,105,51,1,2026-05-17,cancelled,2026-02-18T15:00:00
101317,56,43,5,2026-04-26,completed,2026-01-24T05:00:00
101318,54,87,5,2026-02-15,completed,2026-06-26T19:00:00
101319,251,4,2,2026-02-20,completed,2026-04-09T09:00:00
101320,106,30,3,2026-06-18,refunded,2026-01-18T14:00:00
101321,30,48,5,2026-01-03,completed,2026-03-25T13:00:00
101322,201,21,1,2026-02-03,refunded,2026-04-18T15:00:00
101323,381,9,4,2026-02-22,completed,2026-02-22T09:00:00
101324,222,91,4,2026-02-10,refunded,2026-05-28T09:00:00
101325,301,26,5,2026-06-25,cancelled,2026-03-12T06:00:00
101326,4,19,4,2026-01-17,cancelled,2026-06-04T07:00:00
101327,270,43,5,2026-05-06,cancelled,2026-04-29T18:00:00
101328,21,95,1,2026-03-15,cancelled,2026-03-30T22:00:00
101329,432,92,3,2026-04-11,refunded,2026-02-14T13:00:00
101330,128,23,5,2026-04-21,cancelled,2026-04-09T21:00:00
101331,94,90,5,2026-01-25,cancelled,2026-06-28T01:00:00
101332,123,21,3,2026-06-10,refunded,2026-03-16T21:00:00
101333,470,9,2,2026-05-07,cancelled,2026-05-22T03:00:00
101334,189,10,1,2026-05-10,completed,2026-04-15T14:00:00
101335,85,33,2,2026-05-10,completed,2026-04-29T00:00:00
101336,38,82,4,2026-04-08,completed,2026-04-13T06:00:00
101337,204,5,1,2026-03-06,completed,2026-02-04T10:00:00
101338,344,96,4,2026-05-05,cancelled,2026-01-18T02:00:00
101339,281,85,2,2026-04-23,completed,2026-05-01T08:00:00
101340,431,21,2,2026-01-05,refunded,2026-01-26T05:00:00
101341,151,16,5,2026-04-11,completed,2026-01-20T21:00:00
101342,391,2,3,2026-02-09,cancelled,2026-04-02T05:00:00
101343,111,92,1,2026-06-22,refunded,2026-02-25T14:00:00
101344,357,7,5,2026-06-14,completed,2026-04-10T22:00:00
101345,158,57,1,2026-06-03,completed,2026-01-13T12:00:00
101346,393,26,2,2026-04-06,completed,2026-02-21T02:00:00
101347,9,54,1,2026-01-04,completed,2026-02-19T21:00:00
101348,343,9,2,2026-01-25,completed,2026-02-12T01:00:00
101349,213,66,1,2026-03-25,completed,2026-05-24T20:00:00
101350,98,80,2,2026-05-19,cancelled,2026-04-20T03:00:00
101351,119,28,1,2026-04-02,completed,2026-02-14T00:00:00
101352,206,84,3,2026-01-04,cancelled,2026-02-24T14:00:00
101353,113,9,3,2026-06-16,refunded,2026-04-05T01:00:00
101354,35,28,4,2026-03-19,refunded,2026-05-08T03:00:00
101355,365,69,5,2026-02-13,completed,2026-01-25T19:00:00
101356,167,81,4,2026-06-23,completed,2026-03-27T05:00:00
101357,326,98,3,2026-06-20,cancelled,2026-01-18T10:00:00
101358,10,78,5,2026-04-25,cancelled,2026-05-11T20:00:00
101359,380,30,5,2026-05-31,completed,2026-03-01T00:00:00
101360,316,98,1,2026-03-21,completed,2026-04-20T07:00:00
101361,318,11,1,2026-02-05,completed,2026-05-08T09:00:00
101362,104,20,4,2026-02-22,completed,2026-03-02T23:00:00
101363,307,57,3,2026-02-04,completed,2026-03-23T20:00:00
101364,403,98,1,2026-05-14,cancelled,2026-06-15T09:00:00
101365,385,4,2,2026-03-26,completed,2026-03-04T06:00:00
101366,277,7,2,2026-06-25,completed,2026-06-05T12:00:00
101367,267,42,2,2026-04-24,completed,2026-01-17T15:00:00
101368,36,25,1,2026-06-12,completed,2026-02-22T04:00:00
101369,47,23,5,2026-05-21,completed,2026-03-02T16:00:00
101370,41,55,4,2026-03-21,completed,2026-02-20T07:00:00
101371,218,23,5,2026-03-05,completed,2026-03-15T18:00:00
101372,230,82,2,2026-03-11,cancelled,2026-01-21T11:00:00
101373,204,49,2,2026-05-01,cancelled,2026-04-19T16:00:00
101374,313,95,4,2026-02-09,cancelled,2026-01-06T12:00:00
101375,219,11,3,2026-06-02,refunded,2026-02-09T17:00:00
101376,373,23,3,2026-04-08,cancelled,2026-03-20T14:00:00
101377,146,49,5,2026-06-05,cancelled,2026-01-19T10:00:00
101378,70,92,4,2026-02-20,completed,2026-02-18T00:00:00
101379,7,65,3,2026-05-06,cancelled,2026-04-17T12:00:00
101380,497,96,3,2026-04-09,cancelled,2026-03-20T20:00:00
101381,302,10,4,2026-01-10,completed,2026-04-09T18:00:00
101382,84,25,4,2026-03-07,completed,2026-05-11T22:00:00
101383,251,82,3,2026-06-28,completed,2026-06-16T12:00:00
101384,475,55,2,2026-03-04,cancelled,2026-01-09T11:00:00
101385,324,91,1,2026-06-28,completed,2026-03-08T19:00:00
101386,234,88,2,2026-03-07,completed,2026-06-04T18:00:00
101387,488,85,2,2026-01-04,completed,2026-01-24T20:00:00
101388,365,50,4,2026-06-30,refunded,2026-01-21T16:00:00
101389,466,25,4,2026-02-12,cancelled,2026-03-06T22:00:00
101390,155,65,5,2026-06-18,cancelled,2026-05-31T09:00:00
101391,376,53,1,2026-01-28,refunded,2026-03-30T04:00:00
101392,138,96,2,2026-04-12,completed,2026-01-02T05:00:00
101393,418,63,1,2026-01-25,completed,2026-06-28T13:00:00
101394,269,54,3,2026-04-21,completed,2026-02-15T11:00:00
101395,96,91,2,2026-02-20,cancelled,2026-02-16T16:00:00
101396,486,15,4,2026-05-26,completed,2026-02-17T06:00:00
101397,31,96,2,2026-02-19,completed,2026-04-15T14:00:00
101398,321,80,1,2026-06-12,completed,2026-01-21T09:00:00
101399,44,49,1,2026-03-12,completed,2026-03-29T00:00:00
101400,300,31,4,2026-05-05,completed,2026-01-03T01:00:00
101401,137,97,1,2026-06-20,refunded,2026-01-11T03:00:00
101402,109,67,1,2026-04-07,refunded,2026-05-14T08:00:00
101403,478,63,4,2026-03-28,refunded,2026-04-20T10:00:00
101404,190,88,3,2026-03-22,completed,2026-04-03T21:00:00
101405,205,49,5,2026-01-15,completed,2026-03-26T03:00:00
101406,2,59,4,2026-02-05,completed,2026-06-04T03:00:00
101407,445,68,3,2026-06-29,completed,2026-04-05T14:00:00
101408,317,88,4,2026-05-12,cancelled,2026-06-19T06:00:00
101409,2,82,3,2026-01-05,completed,2026-01-12T23:00:00
101410,167,87,4,2026-03-01,refunded,2026-05-05T12:00:00
101411,379,79,1,2026-03-31,cancelled,2026-05-02T21:00:00
101412,439,90,1,2026-04-09,completed,2026-06-05T06:00:00
101413,365,19,5,2026-05-27,refunded,2026-01-09T04:00:00
101414,255,12,3,2026-06-22,refunded,2026-04-30T05:00:00
101415,459,58,1,2026-05-04,refunded,2026-03-03T07:00:00
101416,109,22,1,2026-01-28,cancelled,2026-01-08T05:00:00
101417,476,42,4,2026-03-13,completed,2026-03-07T21:00:00
101418,244,86,1,2026-06-20,completed,2026-05-17T20:00:00
101419,372,63,1,2026-06-27,completed,2026-02-27T18:00:00
101420,393,77,1,2026-06-14,completed,2026-04-07T22:00:00
101421,381,95,4,2026-06-17,refunded,2026-04-22T07:00:00
101422,115,34,1,2026-03-16,completed,2026-01-29T02:00:00
101423,175,95,5,2026-02-18,completed,2026-05-27T11:00:00
101424,66,41,4,2026-05-28,completed,2026-03-21T01:00:00
101425,303,69,2,2026-04-10,cancelled,2026-03-23T11:00:00
101426,409,87,2,2026-05-14,refunded,2026-06-01T07:00:00
101427,55,51,1,2026-05-18,cancelled,2026-03-22T04:00:00
101428,418,38,2,2026-05-08,cancelled,2026-02-07T19:00:00
101429,146,19,1,2026-06-03,completed,2026-03-21T16:00:00
101430,353,16,3,2026-06-30,refunded,2026-05-03T20:00:00
101431,425,28,4,2026-03-16,cancelled,2026-01-16T10:00:00
101432,79,92,2,2026-02-27,completed,2026-02-15T15:00:00
101433,373,51,3,2026-06-18,completed,2026-01-06T17:00:00
101434,201,44,4,2026-06-23,cancelled,2026-03-31T12:00:00
101435,201,10,5,2026-03-14,completed,2026-06-28T06:00:00
101436,359,71,4,2026-01-25,completed,2026-03-24T18:00:00
101437,444,7,3,2026-04-28,completed,2026-05-28T04:00:00
101438,227,90,4,2026-03-16,completed,2026-02-23T06:00:00
101439,412,96,2,2026-06-16,completed,2026-04-03T23:00:00
101440,439,74,1,2026-06-23,completed,2026-04-07T13:00:00
101441,348,22,1,2026-01-25,completed,2026-05-02T05:00:00
101442,484,7,1,2026-05-12,completed,2026-06-01T13:00:00
101443,497,20,4,2026-03-04,completed,2026-01-31T07:00:00
101444,204,63,3,2026-06-26,refunded,2026-02-14T20:00:00
101445,382,49,1,2026-04-29,cancelled,2026-03-12T20:00:00
101446,335,57,3,2026-01-03,completed,2026-01-30T02:00:00
101447,63,63,5,2026-02-27,completed,2026-05-31T18:00:00
101448,294,62,3,2026-06-27,completed,2026-06-01T05:00:00
101449,197,62,4,2026-03-18,refunded,2026-02-02T03:00:00
101450,167,9,5,2026-02-17,cancelled,2026-06-29T00:00:00
101451,202,72,5,2026-05-16,cancelled,2026-01-17T16:00:00
101452,429,75,5,2026-06-16,completed,2026-02-23T21:00:00
101453,460,16,2,2026-06-03,completed,2026-01-02T17:00:00
101454,229,41,1,2026-01-11,completed,2026-05-28T06:00:00
101455,335,21,1,2026-05-24,completed,2026-01-09T02:00:00
101456,64,65,3,2026-04-04,refunded,2026-02-13T13:00:00
101457,484,85,1,2026-03-05,completed,2026-01-12T16:00:00
101458,464,38,5,2026-04-24,completed,2026-05-28T15:00:00
101459,356,41,5,2026-04-01,refunded,2026-05-18T16:00:00
101460,108,89,1,2026-06-19,completed,2026-03-02T01:00:00
101461,97,19,3,2026-02-25,completed,2026-06-04T17:00:00
101462,111,76,3,2026-03-13,completed,2026-06-09T13:00:00
101463,39,71,3,2026-03-08,cancelled,2026-06-16T05:00:00
101464,205,59,1,2026-03-07,cancelled,2026-06-27T04:00:00
101465,275,27,1,2026-06-11,completed,2026-06-12T22:00:00
101466,331,25,3,2026-05-25,refunded,2026-06-04T05:00:00
101467,215,20,3,2026-04-22,cancelled,2026-01-07T19:00:00
101468,127,10,3,2026-02-01,refunded,2026-01-29T21:00:00
101469,281,53,1,2026-03-26,completed,2026-04-03T10:00:00
101470,399,35,2,2026-02-27,completed,2026-01-03T03:00:00
101471,194,29,4,2026-01-27,completed,2026-02-14T16:00:00
101472,373,40,5,2026-05-06,completed,2026-05-16T11:00:00
101473,359,74,3,2026-05-22,completed,2026-06-05T03:00:00
101474,460,7,2,2026-03-23,cancelled,2026-02-16T11:00:00
101475,413,95,5,2026-05-22,refunded,2026-04-14T15:00:00
101476,304,17,3,2026-01-03,refunded,2026-02-09T21:00:00
101477,65,19,4,2026-05-26,completed,2026-01-14T23:00:00
101478,328,48,2,2026-06-23,refunded,2026-04-18T22:00:00
101479,235,24,4,2026-04-01,cancelled,2026-05-09T09:00:00
101480,142,55,5,2026-02-28,completed,2026-06-12T02:00:00
101481,486,40,4,2026-03-22,completed,2026-06-12T02:00:00
101482,40,94,2,2026-01-24,completed,2026-05-28T01:00:00
101483,44,96,3,2026-05-22,cancelled,2026-01-03T13:00:00
101484,347,66,2,2026-05-03,cancelled,2026-05-12T21:00:00
101485,347,69,1,2026-04-14,completed,2026-06-07T06:00:00
101486,467,96,1,2026-04-19,refunded,2026-03-30T07:00:00
101487,379,85,5,2026-06-25,refunded,2026-01-11T19:00:00
101488,230,22,5,2026-02-27,completed,2026-01-20T11:00:00
101489,430,18,5,2026-04-01,completed,2026-04-19T15:00:00
101490,195,22,3,2026-01-29,completed,2026-06-23T07:00:00
101491,426,70,1,2026-03-16,completed,2026-05-04T09:00:00
101492,136,28,1,2026-06-11,refunded,2026-04-11T06:00:00
101493,473,40,5,2026-01-10,cancelled,2026-06-08T15:00:00
101494,30,46,1,2026-06-07,cancelled,2026-03-26T09:00:00
101495,182,14,1,2026-03-31,completed,2026-04-13T11:00:00
101496,5,13,4,2026-05-06,completed,2026-01-22T16:00:00
101497,264,20,4,2026-02-01,cancelled,2026-01-02T04:00:00
101498,394,85,3,2026-02-27,cancelled,2026-04-12T11:00:00
101499,154,47,4,2026-02-16,refunded,2026-03-10T03:00:00
101500,225,85,4,2026-02-11,completed,2026-04-01T23:00:00
101501,223,1,3,2026-02-20,completed,2026-02-18T09:00:00
101502,21,18,4,2026-04-18,completed,2026-01-09T05:00:00
101503,342,26,4,2026-06-20,completed,2026-01-31T13:00:00
101504,251,71,4,2026-06-24,completed,2026-03-25T12:00:00
101505,257,93,4,2026-02-03,completed,2026-01-28T00:00:00
101506,65,20,3,2026-05-09,completed,2026-06-25T07:00:00
101507,27,87,3,2026-04-20,refunded,2026-01-03T13:00:00
101508,246,38,3,2026-05-05,completed,2026-04-20T07:00:00
101509,317,20,5,2026-02-17,completed,2026-03-13T03:00:00
101510,443,34,2,2026-06-20,cancelled,2026-02-20T15:00:00
101511,362,14,5,2026-06-06,completed,2026-02-18T18:00:00
101512,323,82,2,2026-02-28,completed,2026-02-03T12:00:00
101513,20,36,2,2026-02-07,cancelled,2026-01-05T19:00:00
101514,103,12,1,2026-04-08,cancelled,2026-05-15T09:00:00
101515,359,82,2,2026-02-26,completed,2026-04-20T15:00:00
101516,32,66,4,2026-06-14,completed,2026-03-19T03:00:00
101517,138,47,3,2026-03-31,cancelled,2026-03-05T10:00:00
101518,459,7,2,2026-01-11,completed,2026-01-14T21:00:00
101519,382,42,2,2026-03-15,cancelled,2026-03-13T19:00:00
101520,52,56,2,2026-03-06,cancelled,2026-04-04T10:00:00
101521,156,15,1,2026-06-21,completed,2026-06-24T17:00:00
101522,395,17,3,2026-04-03,completed,2026-05-31T16:00:00
101523,310,48,2,2026-06-16,completed,2026-02-23T18:00:00
101524,197,12,1,2026-02-03,refunded,2026-01-31T01:00:00
101525,301,84,2,2026-02-19,cancelled,2026-01-26T02:00:00
101526,483,70,5,2026-03-29,completed,2026-05-02T06:00:00
101527,274,93,2,2026-01-12,completed,2026-02-19T13:00:00
101528,282,92,3,2026-05-24,completed,2026-04-04T14:00:00
101529,323,92,1,2026-04-22,completed,2026-05-04T13:00:00
101530,269,65,1,2026-02-12,refunded,2026-03-12T22:00:00
101531,496,17,3,2026-01-12,refunded,2026-01-16T22:00:00
101532,98,95,4,2026-05-07,refunded,2026-05-12T02:00:00
101533,85,57,5,2026-04-09,refunded,2026-04-10T12:00:00
101534,311,35,2,2026-02-17,completed,2026-02-10T18:00:00
101535,112,76,1,2026-05-12,cancelled,2026-05-09T22:00:00
101536,369,68,3,2026-03-19,completed,2026-03-17T22:00:00
101537,138,71,1,2026-02-13,completed,2026-01-12T17:00:00
101538,122,38,1,2026-06-13,completed,2026-03-13T04:00:00
101539,139,7,2,2026-02-23,refunded,2026-01-30T00:00:00
101540,333,45,5,2026-04-05,completed,2026-01-22T22:00:00
101541,453,71,3,2026-02-04,cancelled,2026-06-06T09:00:00
101542,167,8,1,2026-04-02,completed,2026-03-13T05:00:00
101543,132,3,5,2026-06-18,refunded,2026-01-28T23:00:00
101544,382,89,4,2026-06-17,completed,2026-06-10T20:00:00
101545,310,71,2,2026-04-24,completed,2026-03-25T08:00:00
101546,105,75,4,2026-02-09,cancelled,2026-03-01T23:00:00
101547,372,56,3,2026-02-07,cancelled,2026-01-24T15:00:00
101548,93,59,2,2026-02-15,completed,2026-05-26T15:00:00
101549,483,94,2,2026-06-15,completed,2026-01-06T09:00:00
101550,84,23,4,2026-06-25,refunded,2026-02-18T02:00:00
101551,74,10,4,2026-03-04,cancelled,2026-06-15T12:00:00
101552,52,93,5,2026-02-05,completed,2026-06-04T03:00:00
101553,194,50,1,2026-01-29,completed,2026-06-14T01:00:00
101554,68,32,1,2026-03-10,completed,2026-06-10T19:00:00
101555,7,2,1,2026-05-19,completed,2026-01-22T06:00:00
101556,72,62,5,2026-04-24,completed,2026-03-20T10:00:00
101557,246,20,2,2026-01-15,refunded,2026-06-27T08:00:00
101558,322,70,1,2026-01-06,completed,2026-01-27T17:00:00
101559,152,14,5,2026-04-17,completed,2026-01-01T07:00:00
101560,13,30,4,2026-04-09,completed,2026-04-01T20:00:00
101561,147,29,4,2026-06-25,completed,2026-05-06T05:00:00
101562,57,29,1,2026-03-14,completed,2026-01-20T19:00:00
101563,171,16,3,2026-01-22,completed,2026-06-04T04:00:00
101564,92,55,5,2026-03-27,refunded,2026-02-16T21:00:00
101565,218,20,3,2026-06-09,completed,2026-03-31T03:00:00
101566,139,64,3,2026-03-09,completed,2026-01-01T04:00:00
101567,399,84,2,2026-03-23,completed,2026-04-10T14:00:00
101568,370,62,1,2026-01-29,refunded,2026-04-20T23:00:00
101569,143,19,1,2026-03-24,completed,2026-02-16T12:00:00
101570,181,41,4,2026-04-19,cancelled,2026-06-27T13:00:00
101571,309,82,3,2026-02-05,completed,2026-04-09T13:00:00
101572,282,64,5,2026-05-17,cancelled,2026-05-17T17:00:00
101573,421,30,4,2026-01-22,refunded,2026-04-18T16:00:00
101574,296,100,2,2026-06-29,completed,2026-03-02T11:00:00
101575,2,27,1,2026-04-03,refunded,2026-05-02T04:00:00
101576,472,15,1,2026-03-31,completed,2026-02-05T09:00:00
101577,236,19,5,2026-04-18,completed,2026-02-23T07:00:00
101578,29,96,2,2026-01-31,completed,2026-04-07T23:00:00
101579,14,90,4,2026-04-06,completed,2026-06-29T03:00:00
101580,340,75,1,2026-05-03,refunded,2026-02-10T00:00:00
101581,76,47,2,2026-01-21,completed,2026-01-20T00:00:00
101582,292,54,2,2026-02-16,cancelled,2026-02-05T23:00:00
101583,271,90,3,2026-05-01,cancelled,2026-03-28T14:00:00
101584,401,83,1,2026-03-15,completed,2026-02-09T01:00:00
101585,452,83,1,2026-06-04,completed,2026-05-09T05:00:00
101586,6,51,4,2026-06-24,cancelled,2026-05-22T22:00:00
101587,425,34,5,2026-05-09,completed,2026-02-28T13:00:00
101588,477,21,3,2026-01-24,refunded,2026-04-07T04:00:00
101589,381,28,4,2026-06-08,completed,2026-02-26T12:00:00
101590,95,96,5,2026-06-04,completed,2026-06-27T14:00:00
101591,245,41,4,2026-04-08,completed,2026-01-14T11:00:00
101592,332,55,2,2026-03-11,completed,2026-01-27T02:00:00
101593,186,78,3,2026-01-08,completed,2026-03-14T05:00:00
101594,278,14,1,2026-02-24,refunded,2026-01-03T09:00:00
101595,97,71,2,2026-06-13,completed,2026-03-03T08:00:00
101596,44,73,5,2026-01-12,refunded,2026-05-04T01:00:00
101597,25,41,1,2026-03-21,completed,2026-04-02T09:00:00
101598,491,51,5,2026-02-19,completed,2026-04-11T23:00:00
101599,183,17,1,2026-03-26,cancelled,2026-05-09T03:00:00
101600,258,100,2,2026-01-07,refunded,2026-04-08T15:00:00
101601,301,5,3,2026-02-11,completed,2026-06-24T14:00:00
101602,41,81,1,2026-03-01,completed,2026-06-24T20:00:00
101603,73,99,2,2026-05-09,refunded,2026-06-05T20:00:00
101604,268,99,3,2026-04-25,completed,2026-03-28T09:00:00
101605,185,80,4,2026-01-11,cancelled,2026-03-03T06:00:00
101606,313,78,1,2026-02-09,refunded,2026-06-10T15:00:00
101607,50,2,2,2026-03-21,refunded,2026-01-23T15:00:00
101608,49,59,3,2026-02-13,completed,2026-02-11T02:00:00
101609,144,74,3,2026-04-01,completed,2026-01-19T05:00:00
101610,364,99,4,2026-03-08,cancelled,2026-03-07T14:00:00
101611,333,18,1,2026-05-26,cancelled,2026-01-11T11:00:00
101612,440,37,4,2026-04-15,refunded,2026-06-24T04:00:00
101613,226,47,5,2026-06-09,completed,2026-04-06T02:00:00
101614,350,53,5,2026-04-26,completed,2026-06-24T01:00:00
101615,318,83,1,2026-03-04,refunded,2026-01-03T04:00:00
101616,437,14,3,2026-04-07,completed,2026-05-26T12:00:00
101617,438,10,2,2026-04-10,cancelled,2026-06-21T02:00:00
101618,179,60,4,2026-06-14,refunded,2026-04-30T03:00:00
101619,44,24,1,2026-04-12,cancelled,2026-02-21T12:00:00
101620,169,9,3,2026-03-29,refunded,2026-05-05T06:00:00
101621,360,95,4,2026-01-30,completed,2026-04-27T01:00:00
101622,280,20,4,2026-02-07,completed,2026-03-23T18:00:00
101623,17,77,4,2026-01-16,completed,2026-04-21T15:00:00
101624,110,7,2,2026-01-06,cancelled,2026-03-11T08:00:00
101625,326,23,1,2026-02-06,completed,2026-03-12T12:00:00
101626,42,39,4,2026-04-18,refunded,2026-02-24T21:00:00
101627,458,34,2,2026-01-14,completed,2026-04-20T10:00:00
101628,494,97,3,2026-02-12,completed,2026-03-31T13:00:00
101629,247,61,5,2026-06-26,completed,2026-06-28T13:00:00
101630,182,89,5,2026-04-10,completed,2026-05-24T19:00:00
101631,102,10,5,2026-06-07,completed,2026-03-24T21:00:00
101632,422,94,3,2026-01-04,completed,2026-04-28T04:00:00
101633,256,41,1,2026-06-22,cancelled,2026-03-09T16:00:00
101634,370,1,4,2026-02-02,cancelled,2026-06-13T18:00:00
101635,50,5,2,2026-02-18,cancelled,2026-06-28T17:00:00
101636,397,22,5,2026-04-07,completed,2026-03-31T06:00:00
101637,488,25,5,2026-01-04,completed,2026-04-04T00:00:00
101638,155,40,5,2026-02-01,cancelled,2026-06-16T14:00:00
101639,212,53,3,2026-04-01,refunded,2026-04-20T16:00:00
101640,499,98,3,2026-01-30,completed,2026-04-28T13:00:00
101641,192,23,5,2026-06-02,completed,2026-05-19T13:00:00
101642,196,37,4,2026-06-12,completed,2026-06-29T19:00:00
101643,481,13,1,2026-01-27,completed,2026-06-16T00:00:00
101644,316,53,1,2026-05-08,refunded,2026-05-20T03:00:00
101645,325,57,5,2026-05-29,completed,2026-06-20T09:00:00
101646,437,54,2,2026-02-27,cancelled,2026-05-22T12:00:00
101647,59,26,4,2026-02-01,completed,2026-04-29T13:00:00
101648,465,83,4,2026-01-02,completed,2026-02-27T16:00:00
101649,146,35,3,2026-03-20,cancelled,2026-06-22T07:00:00
101650,3,54,1,2026-01-04,completed,2026-02-09T11:00:00
101651,431,67,5,2026-03-23,completed,2026-02-13T18:00:00
101652,221,31,5,2026-04-11,completed,2026-06-07T20:00:00
101653,202,7,5,2026-04-20,completed,2026-06-12T12:00:00
101654,373,23,4,2026-03-23,refunded,2026-02-10T13:00:00
101655,119,13,2,2026-05-10,completed,2026-06-11T18:00:00
101656,402,51,3,2026-05-22,completed,2026-03-24T06:00:00
101657,48,12,1,2026-04-22,completed,2026-06-10T18:00:00
101658,79,4,5,2026-05-20,completed,2026-05-27T12:00:00
101659,13,96,2,2026-04-27,completed,2026-02-17T07:00:00
101660,335,29,3,2026-02-19,refunded,2026-03-04T23:00:00
101661,400,49,3,2026-06-18,completed,2026-03-12T02:00:00
101662,479,19,1,2026-06-13,refunded,2026-01-27T03:00:00
101663,236,77,1,2026-01-28,completed,2026-03-14T08:00:00
101664,459,24,1,2026-01-20,cancelled,2026-04-03T06:00:00
101665,201,13,4,2026-01-06,cancelled,2026-01-19T15:00:00
101666,492,81,1,2026-02-23,cancelled,2026-04-07T10:00:00
101667,325,58,2,2026-02-16,completed,2026-01-03T05:00:00
101668,338,73,5,2026-01-09,completed,2026-03-29T11:00:00
101669,248,79,5,2026-05-20,completed,2026-02-10T16:00:00
101670,380,33,1,2026-02-19,refunded,2026-01-08T17:00:00
101671,12,67,5,2026-02-09,completed,2026-04-04T03:00:00
101672,461,28,1,2026-03-25,completed,2026-02-26T02:00:00
101673,373,89,2,2026-03-10,completed,2026-05-04T06:00:00
101674,489,12,3,2026-05-22,completed,2026-04-30T23:00:00
101675,415,64,4,2026-05-12,cancelled,2026-02-19T08:00:00
101676,89,26,3,2026-04-11,completed,2026-05-30T18:00:00
101677,160,22,2,2026-05-05,cancelled,2026-04-25T13:00:00
101678,306,96,3,2026-03-23,refunded,2026-01-28T19:00:00
101679,197,55,2,2026-05-26,completed,2026-04-06T20:00:00
101680,420,9,4,2026-02-12,completed,2026-05-11T08:00:00
101681,301,53,3,2026-06-04,refunded,2026-04-01T12:00:00
101682,16,15,2,2026-03-24,cancelled,2026-02-17T11:00:00
101683,126,10,2,2026-06-18,completed,2026-04-06T04:00:00
101684,400,41,1,2026-01-03,completed,2026-06-26T00:00:00
101685,368,43,2,2026-04-30,refunded,2026-03-24T07:00:00
101686,288,9,4,2026-03-14,refunded,2026-02-24T16:00:00
101687,112,14,5,2026-03-13,refunded,2026-06-21T02:00:00
101688,294,83,4,2026-06-24,cancelled,2026-03-23T10:00:00
101689,102,26,1,2026-05-07,cancelled,2026-01-12T08:00:00
101690,216,16,1,2026-04-26,completed,2026-06-03T10:00:00
101691,303,50,2,2026-05-28,completed,2026-03-14T00:00:00
101692,330,74,1,2026-04-29,completed,2026-02-03T12:00:00
101693,19,69,5,2026-01-11,completed,2026-06-15T00:00:00
101694,36,61,1,2026-04-17,completed,2026-03-12T10:00:00
101695,386,45,4,2026-01-21,refunded,2026-03-22T15:00:00
101696,314,7,4,2026-03-18,cancelled,2026-05-07T20:00:00
101697,496,16,3,2026-06-08,completed,2026-01-08T07:00:00
101698,25,2,2,2026-01-27,completed,2026-06-26T23:00:00
101699,224,29,2,2026-01-23,completed,2026-04-05T17:00:00
101700,3,89,1,2026-03-08,completed,2026-01-29T01:00:00
101701,485,39,1,2026-03-09,completed,2026-06-26T19:00:00
101702,406,49,3,2026-06-28,completed,2026-02-05T18:00:00
101703,236,16,2,2026-03-23,completed,2026-05-30T13:00:00
101704,327,58,1,2026-05-14,refunded,2026-03-03T18:00:00
101705,245,85,4,2026-03-13,completed,2026-05-04T07:00:00
101706,48,34,3,2026-01-22,completed,2026-05-23T07:00:00
101707,338,83,2,2026-06-27,completed,2026-01-20T15:00:00
101708,31,28,1,2026-06-21,completed,2026-04-30T12:00:00
101709,97,63,1,2026-03-29,completed,2026-06-01T16:00:00
101710,264,41,3,2026-04-27,completed,2026-05-10T03:00:00
101711,469,17,2,2026-04-04,cancelled,2026-04-26T19:00:00
101712,263,26,4,2026-02-18,completed,2026-03-13T13:00:00
101713,85,88,3,2026-05-28,completed,2026-02-07T14:00:00
101714,449,14,1,2026-03-03,completed,2026-04-28T05:00:00
101715,137,4,4,2026-06-19,refunded,2026-04-26T11:00:00
101716,136,16,5,2026-01-22,completed,2026-04-21T06:00:00
101717,78,51,5,2026-04-21,refunded,2026-03-27T01:00:00
101718,226,35,3,2026-01-26,completed,2026-06-16T12:00:00
101719,375,55,2,2026-03-17,completed,2026-04-14T05:00:00
101720,305,36,5,2026-06-05,cancelled,2026-05-13T13:00:00
101721,56,88,1,2026-06-15,completed,2026-01-29T07:00:00
101722,59,7,1,2026-05-28,completed,2026-03-03T02:00:00
101723,273,13,3,2026-02-27,refunded,2026-06-29T22:00:00
101724,208,51,4,2026-01-26,completed,2026-06-27T08:00:00
101725,254,27,2,2026-02-22,completed,2026-06-13T09:00:00
101726,362,77,3,2026-01-01,completed,2026-02-17T16:00:00
101727,465,90,5,2026-05-03,completed,2026-06-26T07:00:00
101728,88,41,1,2026-02-12,completed,2026-03-27T14:00:00
101729,73,2,4,2026-04-20,completed,2026-01-06T05:00:00
101730,499,34,1,2026-02-13,completed,2026-06-02T11:00:00
101731,497,61,5,2026-01-01,cancelled,2026-03-05T15:00:00
101732,57,6,1,2026-05-26,completed,2026-02-28T16:00:00
101733,258,22,2,2026-01-25,completed,2026-03-19T23:00:00
101734,172,58,4,2026-03-31,refunded,2026-03-07T21:00:00
101735,250,33,3,2026-04-28,completed,2026-04-01T09:00:00
101736,364,43,5,2026-06-19,refunded,2026-05-04T03:00:00
101737,139,88,5,2026-06-13,completed,2026-02-07T13:00:00
101738,439,29,2,2026-04-02,cancelled,2026-01-08T07:00:00
101739,296,95,4,2026-04-03,completed,2026-01-23T06:00:00
101740,472,49,1,2026-03-12,refunded,2026-04-26T16:00:00
101741,90,34,3,2026-03-26,cancelled,2026-05-31T13:00:00
101742,484,36,3,2026-02-18,completed,2026-05-29T16:00:00
101743,360,44,5,2026-02-01,cancelled,2026-04-27T18:00:00
101744,496,45,3,2026-01-29,completed,2026-05-08T21:00:00
101745,76,60,2,2026-05-14,completed,2026-06-09T17:00:00
101746,341,21,3,2026-05-05,completed,2026-01-17T09:00:00
101747,8,59,1,2026-02-25,completed,2026-06-01T03:00:00
101748,28,63,3,2026-01-02,cancelled,2026-04-01T21:00:00
101749,428,1,1,2026-03-06,completed,2026-03-31T09:00:00
101750,403,65,5,2026-02-09,completed,2026-03-11T04:00:00
101751,376,26,4,2026-05-30,completed,2026-03-16T07:00:00
101752,17,61,3,2026-03-05,cancelled,2026-04-19T12:00:00
101753,496,13,3,2026-03-19,refunded,2026-03-21T05:00:00
101754,289,56,3,2026-05-29,completed,2026-06-24T06:00:00
101755,129,18,4,2026-05-22,completed,2026-03-19T09:00:00
101756,44,39,5,2026-06-10,cancelled,2026-05-20T05:00:00
101757,193,56,1,2026-02-05,refunded,2026-04-24T22:00:00
101758,161,65,3,2026-04-30,completed,2026-04-20T14:00:00
101759,216,53,4,2026-01-08,refunded,2026-01-07T13:00:00
101760,46,97,2,2026-06-07,completed,2026-03-04T18:00:00
101761,263,48,2,2026-06-08,refunded,2026-05-25T09:00:00
101762,28,97,4,2026-02-02,cancelled,2026-06-21T00:00:00
101763,237,98,5,2026-04-28,completed,2026-01-22T01:00:00
101764,139,84,1,2026-03-27,refunded,2026-01-25T09:00:00
101765,290,62,3,2026-01-16,completed,2026-05-30T21:00:00
101766,262,95,1,2026-06-29,completed,2026-05-13T04:00:00
101767,288,95,4,2026-02-04,completed,2026-06-22T20:00:00
101768,437,20,3,2026-06-10,completed,2026-01-02T15:00:00
101769,320,89,2,2026-01-30,completed,2026-01-01T04:00:00
101770,310,16,5,2026-01-25,completed,2026-02-22T03:00:00
101771,243,4,5,2026-04-24,cancelled,2026-01-15T03:00:00
101772,154,52,4,2026-02-17,completed,2026-05-20T08:00:00
101773,421,79,4,2026-06-18,refunded,2026-02-01T13:00:00
101774,75,82,1,2026-02-17,completed,2026-06-18T07:00:00
101775,88,66,5,2026-02-21,cancelled,2026-05-03T09:00:00
101776,149,86,1,2026-05-31,cancelled,2026-04-05T21:00:00
101777,141,51,4,2026-06-28,completed,2026-04-29T13:00:00
101778,417,55,2,2026-01-08,completed,2026-04-28T03:00:00
101779,289,50,1,2026-05-29,completed,2026-01-09T20:00:00
101780,334,85,5,2026-04-24,completed,2026-04-01T04:00:00
101781,240,93,4,2026-03-12,completed,2026-02-10T11:00:00
101782,257,65,2,2026-03-31,refunded,2026-04-10T16:00:00
101783,33,23,2,2026-04-01,refunded,2026-03-28T14:00:00
101784,367,18,3,2026-06-18,completed,2026-04-11T02:00:00
101785,470,83,4,2026-04-07,cancelled,2026-06-05T21:00:00
101786,93,74,5,2026-06-18,refunded,2026-03-08T04:00:00
101787,358,42,5,2026-05-29,completed,2026-05-30T19:00:00
101788,425,52,1,2026-01-12,completed,2026-02-10T07:00:00
101789,50,86,1,2026-05-08,cancelled,2026-03-24T07:00:00
101790,396,94,2,2026-01-27,completed,2026-04-09T13:00:00
101791,473,9,1,2026-06-06,completed,2026-01-30T01:00:00
101792,434,96,1,2026-04-24,completed,2026-06-05T20:00:00
101793,431,4,2,2026-03-24,completed,2026-06-28T14:00:00
101794,194,18,5,2026-05-23,completed,2026-02-20T08:00:00
101795,252,57,3,2026-02-27,completed,2026-02-11T13:00:00
101796,417,68,2,2026-01-23,refunded,2026-01-07T20:00:00
101797,492,86,1,2026-02-22,completed,2026-02-05T00:00:00
101798,185,100,4,2026-05-26,refunded,2026-01-19T10:00:00
101799,95,88,5,2026-05-08,completed,2026-02-23T18:00:00
101800,424,61,5,2026-04-01,completed,2026-06-08T17:00:00
101801,437,18,1,2026-04-23,cancelled,2026-06-10T12:00:00
101802,448,10,5,2026-01-21,completed,2026-05-13T09:00:00
101803,52,16,4,2026-03-01,completed,2026-06-03T17:00:00
101804,170,3,2,2026-03-16,completed,2026-04-10T22:00:00
101805,184,9,2,2026-03-15,completed,2026-05-17T18:00:00
101806,124,67,5,2026-05-09,completed,2026-04-13T19:00:00
101807,30,70,1,2026-05-30,cancelled,2026-03-09T20:00:00
101808,16,5,3,2026-04-18,completed,2026-02-21T10:00:00
101809,455,98,1,2026-02-05,completed,2026-05-21T23:00:00
101810,169,97,1,2026-03-02,cancelled,2026-01-19T18:00:00
101811,464,79,1,2026-03-30,completed,2026-04-17T19:00:00
101812,379,79,1,2026-05-22,cancelled,2026-02-03T08:00:00
101813,371,6,1,2026-01-10,cancelled,2026-05-10T07:00:00
101814,333,45,4,2026-05-03,completed,2026-02-28T00:00:00
101815,477,8,1,2026-02-20,refunded,2026-06-05T12:00:00
101816,350,88,1,2026-05-22,cancelled,2026-01-14T12:00:00
101817,393,49,2,2026-04-21,cancelled,2026-05-21T04:00:00
101818,60,57,1,2026-06-07,completed,2026-04-01T06:00:00
101819,176,56,1,2026-03-02,completed,2026-01-24T18:00:00
101820,6,30,4,2026-05-18,refunded,2026-01-12T00:00:00
101821,448,93,2,2026-01-15,completed,2026-01-15T04:00:00
101822,225,24,3,2026-01-12,completed,2026-03-31T19:00:00
101823,336,32,3,2026-02-03,refunded,2026-04-12T15:00:00
101824,337,16,1,2026-01-20,completed,2026-05-20T06:00:00
101825,254,91,3,2026-02-26,cancelled,2026-03-19T11:00:00
101826,400,71,3,2026-06-17,completed,2026-05-15T08:00:00
101827,164,90,5,2026-05-09,completed,2026-01-14T11:00:00
101828,462,53,5,2026-05-05,completed,2026-01-21T06:00:00
101829,467,18,5,2026-03-01,completed,2026-05-22T06:00:00
101830,63,48,2,2026-01-10,completed,2026-06-28T14:00:00
101831,333,98,4,2026-01-30,completed,2026-05-08T01:00:00
101832,139,36,5,2026-04-09,completed,2026-01-22T01:00:00
101833,143,79,4,2026-05-07,completed,2026-04-08T12:00:00
101834,228,6,2,2026-02-22,cancelled,2026-02-17T21:00:00
101835,221,69,1,2026-06-19,completed,2026-01-09T17:00:00
101836,391,45,1,2026-06-05,completed,2026-03-09T18:00:00
101837,111,97,1,2026-03-29,refunded,2026-04-22T13:00:00
101838,401,94,1,2026-01-28,refunded,2026-04-10T23:00:00
101839,478,87,3,2026-05-17,cancelled,2026-04-19T18:00:00
101840,369,73,5,2026-03-08,completed,2026-04-08T14:00:00
101841,382,31,2,2026-01-04,completed,2026-06-24T08:00:00
101842,44,32,5,2026-03-17,completed,2026-05-27T12:00:00
101843,20,79,3,2026-04-03,completed,2026-06-18T08:00:00
101844,401,84,5,2026-01-04,completed,2026-03-20T18:00:00
101845,339,42,3,2026-02-15,cancelled,2026-04-29T00:00:00
101846,226,2,4,2026-01-10,completed,2026-05-03T20:00:00
101847,433,72,2,2026-04-15,completed,2026-05-29T02:00:00
101848,142,79,5,2026-03-22,completed,2026-04-23T05:00:00
101849,133,99,3,2026-03-08,cancelled,2026-02-02T07:00:00
101850,323,23,2,2026-06-08,completed,2026-03-01T03:00:00
101851,336,5,2,2026-06-25,refunded,2026-04-23T18:00:00
101852,163,6,5,2026-02-28,completed,2026-03-08T08:00:00
101853,9,87,3,2026-05-19,completed,2026-06-03T07:00:00
101854,180,14,1,2026-05-10,cancelled,2026-01-29T16:00:00
101855,40,31,2,2026-03-25,refunded,2026-04-06T21:00:00
101856,213,10,4,2026-03-14,completed,2026-01-07T10:00:00
101857,311,47,3,2026-04-15,completed,2026-05-01T09:00:00
101858,319,4,2,2026-04-05,completed,2026-03-16T04:00:00
101859,467,76,1,2026-01-28,refunded,2026-02-24T10:00:00
101860,262,92,5,2026-05-29,completed,2026-02-25T12:00:00
101861,426,75,1,2026-06-18,completed,2026-04-08T20:00:00
101862,41,10,2,2026-05-25,refunded,2026-05-28T20:00:00
101863,281,94,4,2026-05-18,completed,2026-05-16T01:00:00
101864,311,61,5,2026-05-14,cancelled,2026-03-23T08:00:00
101865,100,74,3,2026-03-04,completed,2026-03-04T11:00:00
101866,119,59,3,2026-01-30,completed,2026-04-24T23:00:00
101867,491,53,3,2026-01-21,completed,2026-05-24T16:00:00
101868,40,47,4,2026-06-04,completed,2026-04-25T13:00:00
101869,118,73,2,2026-05-18,completed,2026-04-15T21:00:00
101870,300,86,2,2026-06-05,completed,2026-03-15T10:00:00
101871,161,16,1,2026-04-15,cancelled,2026-05-10T04:00:00
101872,295,64,2,2026-02-16,cancelled,2026-01-04T05:00:00
101873,62,54,3,2026-05-22,cancelled,2026-01-26T04:00:00
101874,446,5,4,2026-01-07,completed,2026-01-19T04:00:00
101875,264,68,4,2026-04-19,completed,2026-02-02T12:00:00
101876,357,72,2,2026-03-17,completed,2026-03-28T10:00:00
101877,303,78,5,2026-01-28,completed,2026-01-19T23:00:00
101878,472,46,4,2026-04-15,cancelled,2026-04-22T09:00:00
101879,388,62,2,2026-02-16,refunded,2026-05-11T02:00:00
101880,78,1,5,2026-06-01,completed,2026-06-22T20:00:00
101881,233,49,3,2026-04-23,completed,2026-05-11T23:00:00
101882,302,36,1,2026-03-01,completed,2026-05-07T10:00:00
101883,25,73,5,2026-05-15,refunded,2026-05-11T13:00:00
101884,147,42,4,2026-03-23,completed,2026-02-06T01:00:00
101885,417,95,2,2026-04-21,refunded,2026-03-13T18:00:00
101886,451,79,3,2026-01-26,completed,2026-03-14T05:00:00
101887,61,37,3,2026-05-05,cancelled,2026-02-27T05:00:00
101888,148,34,5,2026-01-28,completed,2026-06-20T08:00:00
101889,73,13,2,2026-05-22,refunded,2026-02-13T00:00:00
101890,307,6,5,2026-05-18,completed,2026-01-02T15:00:00
101891,427,4,3,2026-02-22,completed,2026-05-27T13:00:00
101892,375,57,5,2026-02-02,cancelled,2026-03-17T03:00:00
101893,367,91,1,2026-04-24,cancelled,2026-05-07T08:00:00
101894,45,18,3,2026-06-21,completed,2026-04-01T02:00:00
101895,382,29,1,2026-03-25,completed,2026-05-10T10:00:00
101896,142,59,5,2026-06-22,completed,2026-06-30T22:00:00
101897,162,5,4,2026-01-26,refunded,2026-03-23T06:00:00
101898,431,72,1,2026-06-12,completed,2026-03-04T04:00:00
101899,301,49,2,2026-06-22,completed,2026-03-09T15:00:00
101900,78,63,2,2026-05-08,completed,2026-02-03T06:00:00
101901,326,12,5,2026-02-24,completed,2026-04-22T02:00:00
101902,252,72,5,2026-02-23,completed,2026-01-10T13:00:00
101903,353,34,5,2026-04-08,refunded,2026-03-02T20:00:00
101904,179,62,5,2026-06-18,completed,2026-03-18T07:00:00
101905,449,38,4,2026-05-06,cancelled,2026-06-03T11:00:00
101906,279,62,3,2026-01-25,completed,2026-01-29T09:00:00
101907,215,58,3,2026-03-05,cancelled,2026-01-30T05:00:00
101908,238,41,1,2026-03-30,cancelled,2026-06-30T04:00:00
101909,397,62,4,2026-06-03,cancelled,2026-06-25T07:00:00
101910,15,38,3,2026-05-10,completed,2026-04-15T01:00:00
101911,288,99,3,2026-03-08,completed,2026-04-16T12:00:00
101912,415,57,4,2026-04-13,completed,2026-01-14T08:00:00
101913,249,94,2,2026-03-28,completed,2026-03-20T14:00:00
101914,210,29,5,2026-02-12,refunded,2026-02-22T20:00:00
101915,57,79,5,2026-03-26,completed,2026-06-04T17:00:00
101916,11,93,1,2026-04-08,completed,2026-06-30T10:00:00
101917,468,46,5,2026-01-17,completed,2026-05-13T06:00:00
101918,186,69,2,2026-02-10,refunded,2026-04-12T22:00:00
101919,118,38,2,2026-04-06,completed,2026-04-16T06:00:00
101920,284,94,2,2026-01-04,completed,2026-01-06T16:00:00
101921,53,65,4,2026-05-05,completed,2026-02-10T09:00:00
101922,155,4,2,2026-06-11,completed,2026-01-09T08:00:00
101923,384,16,4,2026-06-17,cancelled,2026-02-03T23:00:00
101924,449,35,1,2026-01-20,completed,2026-05-10T23:00:00
101925,361,98,4,2026-01-06,completed,2026-05-19T19:00:00
101926,471,20,1,2026-05-31,cancelled,2026-02-19T19:00:00
101927,440,40,3,2026-04-19,refunded,2026-01-06T09:00:00
101928,141,59,2,2026-01-26,completed,2026-06-17T18:00:00
101929,242,49,3,2026-04-20,completed,2026-02-26T13:00:00
101930,288,36,4,2026-03-14,refunded,2026-05-10T07:00:00
101931,196,3,4,2026-04-11,completed,2026-05-20T22:00:00
101932,56,58,2,2026-05-28,completed,2026-04-12T07:00:00
101933,229,48,4,2026-05-25,completed,2026-06-14T09:00:00
101934,171,19,1,2026-01-25,refunded,2026-02-13T06:00:00
101935,443,63,5,2026-03-05,completed,2026-02-06T12:00:00
101936,316,61,5,2026-05-26,completed,2026-01-16T15:00:00
101937,130,53,3,2026-03-28,completed,2026-01-10T10:00:00
101938,353,73,5,2026-04-15,completed,2026-03-10T22:00:00
101939,108,97,5,2026-05-06,refunded,2026-05-08T10:00:00
101940,492,84,2,2026-03-24,cancelled,2026-05-04T16:00:00
101941,285,95,1,2026-01-27,cancelled,2026-06-29T02:00:00
101942,193,17,1,2026-02-11,refunded,2026-02-01T05:00:00
101943,102,57,1,2026-01-10,cancelled,2026-05-07T05:00:00
101944,321,68,4,2026-02-05,refunded,2026-04-18T12:00:00
101945,5,38,1,2026-04-22,completed,2026-06-23T08:00:00
101946,268,42,5,2026-04-06,refunded,2026-06-16T05:00:00
101947,73,38,5,2026-06-25,completed,2026-06-07T22:00:00
101948,191,67,5,2026-03-06,cancelled,2026-04-29T06:00:00
101949,480,43,2,2026-02-12,refunded,2026-05-02T00:00:00
101950,163,54,2,2026-02-08,cancelled,2026-01-18T00:00:00
101951,160,90,2,2026-02-21,completed,2026-05-18T14:00:00
101952,170,13,1,2026-06-09,cancelled,2026-06-02T05:00:00
101953,35,45,5,2026-02-27,completed,2026-06-10T00:00:00
101954,476,25,3,2026-03-14,cancelled,2026-05-30T23:00:00
101955,157,48,5,2026-04-14,completed,2026-05-24T17:00:00
101956,329,85,2,2026-01-20,refunded,2026-02-09T03:00:00
101957,375,28,3,2026-02-15,completed,2026-05-25T03:00:00
101958,65,67,5,2026-06-15,cancelled,2026-03-26T18:00:00
101959,396,76,5,2026-03-12,refunded,2026-06-21T15:00:00
101960,108,22,1,2026-03-01,completed,2026-01-24T19:00:00
101961,76,19,2,2026-05-02,completed,2026-03-24T02:00:00
101962,459,7,2,2026-05-11,cancelled,2026-04-19T21:00:00
101963,242,42,3,2026-05-09,completed,2026-03-03T17:00:00
101964,202,49,4,2026-06-30,cancelled,2026-04-01T09:00:00
101965,430,67,3,2026-05-16,completed,2026-06-04T06:00:00
101966,490,22,3,2026-02-06,cancelled,2026-05-24T14:00:00
101967,251,89,3,2026-06-25,completed,2026-05-23T13:00:00
101968,334,45,2,2026-01-07,completed,2026-04-30T21:00:00
101969,178,94,4,2026-02-24,refunded,2026-05-24T06:00:00
101970,196,48,2,2026-01-03,completed,2026-04-24T11:00:00
101971,270,25,1,2026-05-31,completed,2026-03-26T03:00:00
101972,467,48,3,2026-05-09,completed,2026-06-05T08:00:00
101973,18,83,3,2026-06-14,cancelled,2026-04-12T01:00:00
101974,357,91,3,2026-03-12,completed,2026-05-27T00:00:00
101975,442,92,4,2026-06-05,cancelled,2026-05-06T05:00:00
101976,243,96,5,2026-01-27,completed,2026-04-05T00:00:00
101977,314,92,2,2026-06-30,completed,2026-02-03T02:00:00
101978,215,16,1,2026-04-24,completed,2026-03-22T03:00:00
101979,440,70,3,2026-02-19,refunded,2026-01-05T10:00:00
101980,429,87,3,2026-02-13,refunded,2026-04-04T16:00:00
101981,8,86,4,2026-04-17,completed,2026-01-17T06:00:00
101982,423,98,5,2026-02-07,completed,2026-01-22T05:00:00
101983,228,6,3,2026-06-05,completed,2026-06-26T16:00:00
101984,210,23,1,2026-03-21,completed,2026-05-24T11:00:00
101985,61,44,4,2026-05-26,completed,2026-05-25T14:00:00
101986,46,15,1,2026-02-16,completed,2026-02-17T10:00:00
101987,303,81,1,2026-02-13,completed,2026-02-25T20:00:00
101988,192,59,1,2026-03-05,completed,2026-06-24T20:00:00
101989,483,25,2,2026-03-21,completed,2026-04-08T22:00:00
101990,147,23,3,2026-02-05,refunded,2026-03-22T13:00:00
101991,116,25,3,2026-02-21,completed,2026-03-17T08:00:00
101992,358,57,3,2026-01-24,cancelled,2026-04-01T18:00:00
101993,187,45,5,2026-04-26,completed,2026-01-10T18:00:00
101994,198,20,5,2026-05-26,completed,2026-06-29T13:00:00
101995,178,83,3,2026-02-23,completed,2026-06-29T16:00:00
101996,283,96,3,2026-01-24,refunded,2026-02-23T08:00:00
101997,112,60,3,2026-01-09,completed,2026-05-13T21:00:00
101998,324,24,4,2026-02-05,cancelled,2026-05-31T10:00:00
101999,191,73,4,2026-06-18,refunded,2026-01-09T10:00:00
102000,360,14,3,2026-01-03,completed,2026-04-18T15:00:00
102001,172,44,1,2026-02-17,completed,2026-03-20T05:00:00
102002,240,70,2,2026-01-06,cancelled,2026-06-07T14:00:00
102003,304,74,4,2026-04-13,cancelled,2026-03-04T08:00:00
102004,371,48,5,2026-03-28,cancelled,2026-06-23T12:00:00
102005,154,6,2,2026-05-10,completed,2026-04-18T13:00:00
102006,397,35,5,2026-04-13,refunded,2026-01-08T05:00:00
102007,263,22,3,2026-06-02,refunded,2026-02-20T18:00:00
102008,385,18,2,2026-06-19,completed,2026-01-14T02:00:00
102009,159,99,2,2026-03-30,cancelled,2026-04-12T05:00:00
102010,236,1,2,2026-02-21,completed,2026-03-19T09:00:00
102011,42,24,2,2026-02-22,cancelled,2026-01-24T23:00:00
102012,126,20,5,2026-04-06,completed,2026-05-03T05:00:00
102013,177,13,4,2026-05-21,cancelled,2026-06-28T06:00:00
102014,468,61,4,2026-04-29,completed,2026-01-25T12:00:00
102015,66,41,2,2026-04-13,completed,2026-03-14T21:00:00
102016,374,55,5,2026-04-11,refunded,2026-01-19T11:00:00
102017,251,86,5,2026-01-07,completed,2026-06-05T05:00:00
102018,394,31,3,2026-04-03,completed,2026-05-09T00:00:00
102019,313,77,4,2026-01-20,completed,2026-02-05T15:00:00
102020,97,6,2,2026-03-19,cancelled,2026-01-24T10:00:00
102021,197,84,2,2026-04-19,completed,2026-03-14T09:00:00
102022,199,87,4,2026-01-09,completed,2026-04-18T05:00:00
102023,84,51,5,2026-01-28,cancelled,2026-01-22T11:00:00
102024,352,94,1,2026-06-17,cancelled,2026-01-04T05:00:00
102025,164,17,5,2026-05-10,cancelled,2026-06-25T14:00:00
102026,6,63,4,2026-04-19,completed,2026-03-19T13:00:00
102027,133,95,1,2026-06-04,cancelled,2026-05-09T11:00:00
102028,400,61,3,2026-05-17,completed,2026-01-29T05:00:00
102029,218,69,4,2026-06-22,completed,2026-02-08T00:00:00
102030,173,91,5,2026-03-08,completed,2026-05-12T19:00:00
102031,373,59,4,2026-01-13,cancelled,2026-03-14T01:00:00
102032,63,63,4,2026-04-04,completed,2026-06-03T21:00:00
102033,190,33,4,2026-03-28,completed,2026-01-07T17:00:00
102034,137,23,3,2026-04-02,cancelled,2026-01-05T14:00:00
102035,167,39,1,2026-06-02,completed,2026-04-02T23:00:00
102036,19,69,4,2026-03-05,completed,2026-01-22T17:00:00
102037,49,17,2,2026-06-12,cancelled,2026-04-21T08:00:00
102038,177,59,5,2026-03-04,refunded,2026-05-26T14:00:00
102039,21,10,3,2026-04-06,completed,2026-02-07T19:00:00
102040,371,82,1,2026-04-08,refunded,2026-01-21T10:00:00
102041,475,82,3,2026-04-19,cancelled,2026-01-06T05:00:00
102042,487,96,3,2026-06-17,completed,2026-04-21T03:00:00
102043,407,25,5,2026-03-08,completed,2026-06-07T16:00:00
102044,277,32,1,2026-04-06,refunded,2026-05-02T06:00:00
102045,390,56,3,2026-06-26,completed,2026-03-12T16:00:00
102046,344,6,5,2026-04-13,completed,2026-06-23T09:00:00
102047,140,1,4,2026-02-23,completed,2026-04-17T21:00:00
102048,67,36,3,2026-04-29,refunded,2026-06-12T10:00:00
102049,50,29,2,2026-01-05,completed,2026-02-26T02:00:00
102050,314,37,5,2026-04-28,refunded,2026-04-18T20:00:00
102051,305,43,5,2026-04-10,cancelled,2026-05-23T00:00:00
102052,176,44,3,2026-03-30,cancelled,2026-02-08T14:00:00
102053,438,96,4,2026-02-23,refunded,2026-06-28T05:00:00
102054,345,50,3,2026-04-14,completed,2026-06-19T18:00:00
102055,496,11,4,2026-05-24,completed,2026-01-22T06:00:00
102056,383,68,3,2026-03-19,completed,2026-03-22T14:00:00
102057,346,60,1,2026-02-09,refunded,2026-05-30T05:00:00
102058,320,46,5,2026-04-21,cancelled,2026-01-06T09:00:00
102059,285,96,4,2026-03-02,cancelled,2026-05-18T04:00:00
102060,194,78,1,2026-01-25,cancelled,2026-02-25T06:00:00
102061,57,74,3,2026-02-15,completed,2026-04-13T17:00:00
102062,210,46,2,2026-04-18,refunded,2026-03-13T10:00:00
102063,395,47,1,2026-06-20,completed,2026-05-09T17:00:00
102064,273,51,2,2026-04-14,cancelled,2026-04-29T09:00:00
102065,423,58,2,2026-02-15,cancelled,2026-03-15T00:00:00
102066,273,43,4,2026-06-17,completed,2026-06-24T03:00:00
102067,197,75,4,2026-04-18,cancelled,2026-02-18T20:00:00
102068,15,80,2,2026-02-05,refunded,2026-06-08T16:00:00
102069,42,77,5,2026-04-15,completed,2026-03-25T19:00:00
102070,128,22,5,2026-06-10,cancelled,2026-06-25T02:00:00
102071,488,48,1,2026-06-03,cancelled,2026-05-22T16:00:00
102072,443,25,2,2026-04-28,completed,2026-03-03T05:00:00
102073,242,92,2,2026-03-24,completed,2026-03-17T02:00:00
102074,458,4,2,2026-05-28,cancelled,2026-04-28T07:00:00
102075,351,78,4,2026-03-03,completed,2026-04-29T16:00:00
102076,329,15,5,2026-03-26,completed,2026-03-04T14:00:00
102077,370,9,1,2026-01-09,cancelled,2026-05-14T15:00:00
102078,442,50,1,2026-04-17,completed,2026-05-18T03:00:00
102079,367,100,5,2026-06-15,refunded,2026-01-07T14:00:00
102080,247,93,1,2026-03-16,cancelled,2026-01-11T11:00:00
102081,205,92,5,2026-06-11,cancelled,2026-04-20T03:00:00
102082,54,19,3,2026-05-29,completed,2026-02-13T11:00:00
102083,212,85,3,2026-02-06,completed,2026-05-04T06:00:00
102084,136,13,3,2026-06-14,completed,2026-04-28T22:00:00
102085,252,97,2,2026-03-08,completed,2026-03-17T22:00:00
102086,228,43,4,2026-06-29,completed,2026-05-26T08:00:00
102087,305,5,2,2026-02-07,refunded,2026-03-15T00:00:00
102088,114,48,5,2026-04-03,completed,2026-03-20T22:00:00
102089,82,73,3,2026-05-02,cancelled,2026-06-22T09:00:00
102090,80,96,2,2026-02-07,refunded,2026-03-16T12:00:00
102091,132,82,2,2026-01-08,completed,2026-05-30T09:00:00
102092,76,75,1,2026-03-08,completed,2026-05-11T23:00:00
102093,446,67,4,2026-05-03,refunded,2026-02-13T11:00:00
102094,330,20,5,2026-05-09,completed,2026-05-14T11:00:00
102095,194,63,2,2026-05-15,cancelled,2026-02-14T15:00:00
102096,460,49,1,2026-06-21,completed,2026-03-29T07:00:00
102097,159,27,2,2026-02-08,completed,2026-06-05T23:00:00
102098,405,16,2,2026-04-02,cancelled,2026-04-28T18:00:00
102099,468,82,1,2026-05-15,completed,2026-02-21T11:00:00
102100,341,5,4,2026-06-10,completed,2026-03-26T16:00:00
102101,35,35,5,2026-05-17,refunded,2026-01-21T01:00:00
102102,229,73,5,2026-03-05,completed,2026-03-07T23:00:00
102103,94,89,2,2026-02-28,cancelled,2026-02-15T01:00:00
102104,312,35,5,2026-03-13,completed,2026-02-18T23:00:00
102105,426,9,2,2026-05-14,completed,2026-01-16T06:00:00
102106,117,32,5,2026-05-29,cancelled,2026-04-29T03:00:00
102107,275,7,3,2026-06-12,completed,2026-02-20T15:00:00
102108,60,57,1,2026-05-02,completed,2026-01-26T17:00:00
102109,302,28,5,2026-05-05,completed,2026-05-26T00:00:00
102110,298,56,1,2026-04-24,completed,2026-05-31T20:00:00
102111,315,97,4,2026-01-01,completed,2026-04-15T19:00:00
102112,139,64,2,2026-03-26,refunded,2026-05-04T16:00:00
102113,146,83,3,2026-03-09,refunded,2026-03-05T10:00:00
102114,141,87,5,2026-05-09,completed,2026-06-10T14:00:00
102115,58,97,2,2026-05-05,completed,2026-03-23T16:00:00
102116,241,64,2,2026-02-15,completed,2026-04-21T21:00:00
102117,156,13,4,2026-03-29,refunded,2026-02-16T06:00:00
102118,399,14,2,2026-02-24,completed,2026-05-09T09:00:00
102119,164,99,5,2026-05-01,completed,2026-06-25T09:00:00
102120,475,79,2,2026-05-27,completed,2026-03-24T05:00:00
102121,99,99,4,2026-02-13,completed,2026-06-06T21:00:00
102122,81,42,5,2026-05-02,refunded,2026-04-17T23:00:00
102123,138,30,3,2026-05-01,completed,2026-04-05T04:00:00
102124,157,43,3,2026-03-22,cancelled,2026-03-20T13:00:00
102125,289,51,4,2026-01-02,cancelled,2026-01-15T13:00:00
102126,182,83,2,2026-04-27,completed,2026-01-05T22:00:00
102127,104,27,3,2026-03-17,completed,2026-01-07T10:00:00
102128,219,49,3,2026-05-23,refunded,2026-02-21T06:00:00
102129,317,65,4,2026-03-12,completed,2026-01-20T07:00:00
102130,83,42,4,2026-06-01,cancelled,2026-01-12T21:00:00
102131,200,89,4,2026-03-05,completed,2026-06-05T18:00:00
102132,193,8,1,2026-01-15,completed,2026-03-12T17:00:00
102133,190,57,3,2026-01-29,cancelled,2026-02-04T23:00:00
102134,38,42,4,2026-02-08,completed,2026-05-31T09:00:00
102135,294,26,5,2026-01-23,cancelled,2026-03-04T10:00:00
102136,294,70,3,2026-05-23,refunded,2026-03-16T22:00:00
102137,12,18,1,2026-06-29,completed,2026-04-03T14:00:00
102138,383,28,2,2026-03-24,cancelled,2026-02-28T14:00:00
102139,186,43,2,2026-06-23,completed,2026-03-07T19:00:00
102140,383,3,2,2026-01-31,cancelled,2026-04-20T12:00:00
102141,413,63,1,2026-05-16,completed,2026-05-12T11:00:00
102142,9,73,4,2026-01-09,refunded,2026-03-25T17:00:00
102143,252,37,5,2026-03-27,completed,2026-01-20T18:00:00
102144,48,72,1,2026-05-17,completed,2026-05-12T02:00:00
102145,294,60,5,2026-06-16,completed,2026-01-19T21:00:00
102146,221,36,4,2026-04-26,completed,2026-06-16T10:00:00
102147,38,24,5,2026-03-28,cancelled,2026-05-16T22:00:00
102148,379,56,1,2026-04-13,refunded,2026-03-17T00:00:00
102149,320,50,1,2026-01-03,completed,2026-03-24T13:00:00
102150,78,34,2,2026-05-30,completed,2026-05-17T14:00:00
102151,335,86,2,2026-05-28,completed,2026-05-28T04:00:00
102152,97,99,2,2026-02-22,completed,2026-02-16T03:00:00
102153,14,69,5,2026-01-11,completed,2026-05-19T11:00:00
102154,489,9,3,2026-03-22,completed,2026-06-18T06:00:00
102155,104,39,2,2026-04-19,completed,2026-03-01T06:00:00
102156,396,46,1,2026-02-05,cancelled,2026-02-01T12:00:00
102157,14,57,2,2026-04-08,completed,2026-04-25T14:00:00
102158,205,26,2,2026-04-08,refunded,2026-02-01T02:00:00
102159,497,23,5,2026-05-29,refunded,2026-02-01T05:00:00
102160,388,27,1,2026-05-06,refunded,2026-04-02T23:00:00
102161,163,54,2,2026-02-23,completed,2026-05-10T11:00:00
102162,245,33,5,2026-01-29,cancelled,2026-01-05T00:00:00
102163,195,54,4,2026-01-26,completed,2026-04-03T09:00:00
102164,429,9,4,2026-06-16,completed,2026-02-28T22:00:00
102165,44,84,4,2026-05-01,completed,2026-03-12T23:00:00
102166,332,42,1,2026-02-06,completed,2026-02-15T18:00:00
102167,5,17,5,2026-02-09,completed,2026-06-27T15:00:00
102168,391,5,1,2026-06-02,completed,2026-06-19T09:00:00
102169,191,80,4,2026-02-10,cancelled,2026-02-14T05:00:00
102170,480,67,2,2026-06-21,completed,2026-04-04T03:00:00
102171,403,21,1,2026-05-08,completed,2026-03-20T12:00:00
102172,321,48,3,2026-06-09,completed,2026-01-08T00:00:00
102173,170,4,4,2026-01-09,completed,2026-04-15T01:00:00
102174,277,49,5,2026-05-15,completed,2026-02-10T03:00:00
102175,8,45,2,2026-01-24,cancelled,2026-01-17T03:00:00
102176,496,61,4,2026-04-17,refunded,2026-04-23T04:00:00
102177,439,78,1,2026-03-21,cancelled,2026-05-01T08:00:00
102178,66,42,5,2026-04-04,refunded,2026-06-21T22:00:00
102179,50,62,4,2026-05-27,completed,2026-02-02T07:00:00
102180,264,17,2,2026-02-27,completed,2026-01-25T22:00:00
102181,207,37,5,2026-01-27,completed,2026-02-27T08:00:00
102182,95,94,3,2026-03-26,cancelled,2026-06-21T18:00:00
102183,267,67,5,2026-03-10,completed,2026-03-25T13:00:00
102184,192,85,2,2026-05-29,completed,2026-04-09T20:00:00
102185,25,26,2,2026-01-04,completed,2026-06-12T01:00:00
102186,428,31,2,2026-04-12,completed,2026-01-03T18:00:00
102187,247,62,3,2026-02-18,refunded,2026-04-14T14:00:00
102188,110,59,5,2026-03-09,refunded,2026-04-23T03:00:00
102189,382,36,5,2026-03-28,completed,2026-02-17T08:00:00
102190,175,63,5,2026-04-27,completed,2026-06-21T10:00:00
102191,391,67,3,2026-01-17,completed,2026-04-20T20:00:00
102192,14,70,2,2026-01-25,completed,2026-04-28T03:00:00
102193,62,71,3,2026-02-02,completed,2026-03-20T14:00:00
102194,224,71,1,2026-05-10,completed,2026-04-12T16:00:00
102195,100,19,2,2026-01-05,completed,2026-04-01T16:00:00
102196,308,100,2,2026-05-25,refunded,2026-05-15T01:00:00
102197,410,69,3,2026-05-19,completed,2026-06-27T16:00:00
102198,86,48,2,2026-01-26,completed,2026-06-12T20:00:00
102199,440,80,2,2026-02-08,refunded,2026-06-06T13:00:00
102200,440,26,3,2026-01-13,cancelled,2026-03-17T12:00:00
102201,462,67,4,2026-05-02,cancelled,2026-03-24T04:00:00
102202,370,39,1,2026-01-20,completed,2026-05-23T21:00:00
102203,160,27,5,2026-06-02,completed,2026-01-16T13:00:00
102204,72,19,4,2026-02-11,completed,2026-04-11T05:00:00
102205,331,54,4,2026-06-01,completed,2026-03-05T11:00:00
102206,37,29,3,2026-02-05,cancelled,2026-02-01T23:00:00
102207,379,75,2,2026-02-22,cancelled,2026-02-06T21:00:00
102208,142,98,3,2026-01-03,completed,2026-05-14T09:00:00
102209,269,14,5,2026-05-01,completed,2026-06-19T14:00:00
102210,153,16,5,2026-06-06,cancelled,2026-02-09T02:00:00
102211,451,97,3,2026-03-11,completed,2026-04-08T08:00:00
102212,58,81,4,2026-04-20,refunded,2026-02-13T22:00:00
102213,355,63,3,2026-02-27,refunded,2026-01-27T02:00:00
102214,375,78,5,2026-04-03,completed,2026-06-20T15:00:00
102215,429,90,4,2026-04-18,completed,2026-06-13T03:00:00
102216,443,99,3,2026-03-12,completed,2026-06-13T16:00:00
102217,169,54,3,2026-04-02,completed,2026-01-04T03:00:00
102218,366,63,2,2026-05-30,cancelled,2026-02-26T18:00:00
102219,223,86,3,2026-01-27,cancelled,2026-05-24T19:00:00
102220,429,73,4,2026-06-05,refunded,2026-06-20T12:00:00
102221,22,78,1,2026-06-01,completed,2026-05-28T03:00:00
102222,61,98,2,2026-04-03,refunded,2026-06-22T22:00:00
102223,463,78,4,2026-04-11,completed,2026-03-30T20:00:00
102224,404,57,4,2026-05-27,refunded,2026-01-10T12:00:00
102225,417,81,4,2026-06-21,completed,2026-02-25T18:00:00
102226,93,4,3,2026-01-26,completed,2026-04-16T00:00:00
102227,374,59,3,2026-04-02,completed,2026-04-01T07:00:00
102228,142,58,1,2026-03-25,cancelled,2026-06-28T20:00:00
102229,135,99,2,2026-02-23,refunded,2026-05-21T20:00:00
102230,165,95,4,2026-03-31,completed,2026-05-08T02:00:00
102231,171,46,5,2026-05-18,completed,2026-03-23T09:00:00
102232,52,93,1,2026-06-13,cancelled,2026-03-22T19:00:00
102233,255,82,2,2026-04-08,completed,2026-03-09T22:00:00
102234,249,45,3,2026-04-23,completed,2026-02-10T05:00:00
102235,166,3,1,2026-02-18,refunded,2026-03-21T16:00:00
102236,359,83,5,2026-03-17,refunded,2026-05-18T05:00:00
102237,204,80,1,2026-02-20,completed,2026-01-24T22:00:00
102238,307,85,4,2026-03-09,completed,2026-03-29T17:00:00
102239,182,51,2,2026-04-09,completed,2026-03-17T19:00:00
102240,292,11,3,2026-02-27,cancelled,2026-01-11T07:00:00
102241,281,20,3,2026-01-07,cancelled,2026-02-27T22:00:00
102242,113,32,2,2026-04-23,completed,2026-02-07T00:00:00
102243,152,32,1,2026-06-06,cancelled,2026-04-23T13:00:00
102244,285,71,5,2026-02-19,cancelled,2026-02-17T16:00:00
102245,298,52,5,2026-04-10,completed,2026-06-30T11:00:00
102246,412,34,4,2026-04-05,completed,2026-03-02T10:00:00
102247,277,46,1,2026-06-27,completed,2026-03-24T22:00:00
102248,127,69,5,2026-02-02,completed,2026-05-10T22:00:00
102249,244,69,3,2026-01-27,refunded,2026-02-28T23:00:00
102250,179,92,5,2026-02-27,cancelled,2026-03-10T18:00:00
102251,429,7,4,2026-06-08,cancelled,2026-05-08T18:00:00
102252,224,9,2,2026-01-06,refunded,2026-04-25T17:00:00
102253,333,8,3,2026-05-03,completed,2026-01-17T21:00:00
102254,182,9,3,2026-05-26,completed,2026-01-08T22:00:00
102255,307,63,4,2026-06-30,completed,2026-04-12T06:00:00
102256,339,58,3,2026-05-18,completed,2026-03-26T07:00:00
102257,292,66,4,2026-02-06,refunded,2026-06-24T18:00:00
102258,162,1,5,2026-01-14,completed,2026-05-31T03:00:00
102259,397,10,5,2026-01-17,refunded,2026-04-16T23:00:00
102260,83,94,2,2026-03-05,refunded,2026-02-15T05:00:00
102261,16,84,4,2026-01-31,completed,2026-01-23T03:00:00
102262,485,52,5,2026-06-29,cancelled,2026-04-15T12:00:00
102263,357,61,2,2026-03-29,completed,2026-01-25T09:00:00
102264,182,23,4,2026-03-06,cancelled,2026-01-24T05:00:00
102265,134,52,2,2026-02-28,completed,2026-06-15T20:00:00
102266,42,44,4,2026-01-25,refunded,2026-03-07T00:00:00
102267,451,78,1,2026-05-23,completed,2026-06-24T11:00:00
102268,49,22,1,2026-05-16,completed,2026-01-02T10:00:00
102269,197,40,1,2026-05-26,refunded,2026-04-06T02:00:00
102270,490,23,2,2026-06-12,refunded,2026-05-08T05:00:00
102271,275,28,3,2026-01-25,completed,2026-06-03T11:00:00
102272,294,23,4,2026-06-30,completed,2026-05-10T04:00:00
102273,417,57,1,2026-06-09,completed,2026-05-18T03:00:00
102274,414,40,3,2026-01-28,completed,2026-06-24T05:00:00
102275,303,67,2,2026-01-26,cancelled,2026-02-19T19:00:00
102276,80,79,3,2026-04-27,refunded,2026-04-10T14:00:00
102277,484,15,5,2026-01-17,completed,2026-03-05T11:00:00
102278,73,31,4,2026-02-18,cancelled,2026-01-11T11:00:00
102279,31,62,5,2026-01-26,refunded,2026-01-24T21:00:00
102280,336,42,5,2026-05-25,refunded,2026-06-29T17:00:00
102281,268,51,5,2026-06-14,completed,2026-03-14T10:00:00
102282,70,58,2,2026-03-16,cancelled,2026-04-14T13:00:00
102283,194,11,4,2026-01-07,cancelled,2026-01-27T10:00:00
102284,288,62,5,2026-04-10,completed,2026-05-08T09:00:00
102285,395,88,1,2026-05-16,completed,2026-02-18T02:00:00
102286,158,76,5,2026-05-19,completed,2026-06-14T10:00:00
102287,379,7,5,2026-01-08,completed,2026-03-19T12:00:00
102288,97,46,5,2026-01-14,cancelled,2026-05-11T16:00:00
102289,435,23,5,2026-04-05,completed,2026-02-24T03:00:00
102290,235,24,2,2026-03-23,completed,2026-02-22T15:00:00
102291,106,74,5,2026-01-04,completed,2026-04-08T06:00:00
102292,461,89,1,2026-03-16,completed,2026-03-03T21:00:00
102293,417,43,2,2026-04-10,completed,2026-04-06T12:00:00
102294,23,20,2,2026-06-03,completed,2026-06-09T21:00:00
102295,133,55,5,2026-06-10,completed,2026-02-22T20:00:00
102296,378,35,4,2026-06-26,completed,2026-04-17T13:00:00
102297,194,36,2,2026-05-05,completed,2026-06-03T00:00:00
102298,321,89,4,2026-01-11,cancelled,2026-02-02T21:00:00
102299,354,29,1,2026-06-13,completed,2026-01-30T05:00:00
102300,462,63,1,2026-02-16,refunded,2026-03-25T05:00:00
102301,484,95,3,2026-06-24,cancelled,2026-03-14T17:00:00
102302,147,37,5,2026-03-08,completed,2026-01-31T12:00:00
102303,422,26,1,2026-05-23,cancelled,2026-02-21T04:00:00
102304,266,5,4,2026-05-03,completed,2026-01-29T07:00:00
102305,20,50,2,2026-01-22,completed,2026-03-03T13:00:00
102306,316,48,4,2026-02-06,cancelled,2026-06-02T01:00:00
102307,340,65,2,2026-02-23,completed,2026-01-12T18:00:00
102308,8,20,3,2026-03-06,completed,2026-03-31T14:00:00
102309,103,83,1,2026-04-11,cancelled,2026-02-09T09:00:00
102310,259,9,2,2026-02-17,completed,2026-03-27T21:00:00
102311,370,57,1,2026-04-23,completed,2026-03-04T19:00:00
102312,271,37,5,2026-02-11,completed,2026-05-21T10:00:00
102313,30,15,1,2026-04-15,refunded,2026-05-17T00:00:00
102314,317,93,2,2026-03-24,completed,2026-01-10T04:00:00
102315,462,14,2,2026-01-02,cancelled,2026-01-01T18:00:00
102316,30,50,5,2026-01-31,completed,2026-06-10T01:00:00
102317,289,70,1,2026-01-06,cancelled,2026-05-27T20:00:00
102318,198,37,5,2026-04-10,cancelled,2026-03-02T21:00:00
102319,252,79,3,2026-03-30,cancelled,2026-05-03T04:00:00
102320,233,69,3,2026-02-27,completed,2026-03-15T20:00:00
102321,375,23,4,2026-03-07,completed,2026-04-05T23:00:00
102322,11,56,3,2026-02-06,completed,2026-04-28T13:00:00
102323,364,70,2,2026-04-13,completed,2026-06-10T11:00:00
102324,107,52,4,2026-04-17,cancelled,2026-04-26T14:00:00
102325,488,50,4,2026-04-04,completed,2026-03-25T21:00:00
102326,205,18,5,2026-02-22,completed,2026-02-25T22:00:00
102327,98,73,2,2026-06-18,refunded,2026-04-04T14:00:00
102328,281,98,4,2026-04-06,completed,2026-02-24T12:00:00
102329,73,61,1,2026-05-19,cancelled,2026-03-18T19:00:00
102330,212,7,2,2026-02-25,completed,2026-05-22T05:00:00
102331,338,50,5,2026-04-21,completed,2026-04-24T00:00:00
102332,356,27,4,2026-05-26,completed,2026-03-11T23:00:00
102333,349,73,2,2026-06-14,cancelled,2026-05-28T06:00:00
102334,78,53,3,2026-04-30,completed,2026-02-03T15:00:00
102335,162,79,5,2026-05-16,completed,2026-06-23T03:00:00
102336,403,9,1,2026-01-06,completed,2026-01-14T10:00:00
102337,437,12,3,2026-04-02,completed,2026-02-08T06:00:00
102338,158,9,3,2026-06-09,completed,2026-05-30T14:00:00
102339,244,44,2,2026-03-16,completed,2026-01-26T17:00:00
102340,82,20,2,2026-04-17,completed,2026-05-17T19:00:00
102341,210,21,5,2026-05-22,cancelled,2026-06-29T08:00:00
102342,354,32,1,2026-06-19,completed,2026-04-24T03:00:00
102343,387,6,2,2026-04-08,cancelled,2026-04-08T15:00:00
102344,88,99,1,2026-05-31,completed,2026-04-23T18:00:00
102345,293,24,4,2026-01-06,cancelled,2026-06-21T18:00:00
102346,177,44,1,2026-04-05,completed,2026-02-15T04:00:00
102347,320,39,4,2026-02-08,completed,2026-06-21T06:00:00
102348,493,82,3,2026-03-16,completed,2026-04-01T19:00:00
102349,410,64,1,2026-06-09,refunded,2026-04-17T05:00:00
102350,187,33,2,2026-05-12,completed,2026-05-14T00:00:00
102351,251,41,2,2026-01-14,completed,2026-06-29T09:00:00
102352,135,58,4,2026-03-28,completed,2026-03-11T23:00:00
102353,389,85,4,2026-06-18,completed,2026-03-27T17:00:00
102354,17,17,5,2026-01-03,refunded,2026-01-05T09:00:00
102355,195,26,4,2026-04-08,cancelled,2026-01-10T22:00:00
102356,345,35,4,2026-03-27,completed,2026-05-12T13:00:00
102357,209,91,3,2026-02-03,completed,2026-03-08T17:00:00
102358,99,63,3,2026-03-10,completed,2026-04-26T21:00:00
102359,44,86,3,2026-05-11,completed,2026-01-06T04:00:00
102360,413,98,1,2026-03-04,completed,2026-02-15T11:00:00
102361,34,20,5,2026-03-02,completed,2026-01-20T00:00:00
102362,371,2,3,2026-06-08,completed,2026-02-09T18:00:00
102363,321,59,3,2026-06-20,completed,2026-06-06T03:00:00
102364,29,91,2,2026-02-21,completed,2026-02-17T02:00:00
102365,368,12,1,2026-04-21,completed,2026-02-23T01:00:00
102366,368,11,4,2026-03-24,refunded,2026-02-19T15:00:00
102367,419,26,4,2026-06-04,completed,2026-05-01T09:00:00
102368,375,87,5,2026-01-16,cancelled,2026-02-17T16:00:00
102369,4,11,2,2026-02-20,completed,2026-02-06T17:00:00
102370,295,25,1,2026-06-29,completed,2026-02-18T05:00:00
102371,435,42,2,2026-02-11,cancelled,2026-06-12T18:00:00
102372,152,77,4,2026-05-10,completed,2026-02-25T13:00:00
102373,129,45,2,2026-05-16,completed,2026-06-17T21:00:00
102374,129,37,2,2026-01-17,completed,2026-01-17T15:00:00
102375,177,94,1,2026-06-08,cancelled,2026-01-21T21:00:00
102376,392,92,4,2026-01-04,completed,2026-03-23T18:00:00
102377,395,47,5,2026-06-23,completed,2026-05-26T08:00:00
102378,373,41,4,2026-04-02,cancelled,2026-04-05T15:00:00
102379,154,98,4,2026-03-22,refunded,2026-02-18T07:00:00
102380,301,22,1,2026-06-26,completed,2026-04-15T14:00:00
102381,451,60,3,2026-04-14,cancelled,2026-04-29T14:00:00
102382,79,19,4,2026-04-18,completed,2026-02-05T10:00:00
102383,196,81,2,2026-04-13,completed,2026-01-04T13:00:00
102384,406,85,2,2026-02-08,refunded,2026-02-17T06:00:00
102385,49,3,4,2026-05-01,completed,2026-03-11T10:00:00
102386,102,3,4,2026-04-11,completed,2026-03-19T17:00:00
102387,143,30,2,2026-05-05,refunded,2026-05-08T13:00:00
102388,223,21,4,2026-06-20,completed,2026-04-01T03:00:00
102389,35,42,4,2026-06-05,completed,2026-02-06T07:00:00
102390,266,64,2,2026-04-17,cancelled,2026-01-04T09:00:00
102391,324,21,3,2026-06-11,completed,2026-06-25T19:00:00
102392,220,79,1,2026-06-03,completed,2026-05-16T09:00:00
102393,175,93,3,2026-06-26,completed,2026-04-05T18:00:00
102394,497,61,1,2026-01-05,cancelled,2026-04-05T13:00:00
102395,127,27,3,2026-06-26,completed,2026-03-22T20:00:00
102396,469,61,3,2026-05-23,completed,2026-05-28T10:00:00
102397,358,25,2,2026-03-24,refunded,2026-02-28T22:00:00
102398,304,79,2,2026-03-05,cancelled,2026-05-25T15:00:00
102399,456,3,3,2026-05-11,completed,2026-04-09T04:00:00
102400,320,42,1,2026-05-16,cancelled,2026-04-29T19:00:00
102401,462,94,3,2026-01-18,cancelled,2026-04-10T06:00:00
102402,406,99,3,2026-02-06,completed,2026-01-16T15:00:00
102403,127,29,1,2026-03-25,completed,2026-06-08T15:00:00
102404,288,19,3,2026-03-23,cancelled,2026-03-22T19:00:00
102405,453,69,2,2026-06-15,completed,2026-06-02T19:00:00
102406,62,38,1,2026-02-19,refunded,2026-05-10T09:00:00
102407,128,49,4,2026-06-29,completed,2026-03-18T08:00:00
102408,105,19,3,2026-01-07,completed,2026-06-16T20:00:00
102409,391,54,1,2026-04-05,cancelled,2026-02-07T14:00:00
102410,321,49,5,2026-02-10,refunded,2026-04-24T10:00:00
102411,56,36,4,2026-03-12,completed,2026-06-30T19:00:00
102412,233,37,2,2026-05-31,completed,2026-03-24T00:00:00
102413,64,7,3,2026-05-22,cancelled,2026-04-05T04:00:00
102414,162,93,4,2026-05-21,completed,2026-06-10T13:00:00
102415,331,42,4,2026-02-15,completed,2026-06-06T01:00:00
102416,330,37,3,2026-05-25,refunded,2026-01-11T16:00:00
102417,29,93,2,2026-05-08,completed,2026-01-18T04:00:00
102418,78,14,5,2026-02-11,completed,2026-01-24T11:00:00
102419,498,46,3,2026-01-21,cancelled,2026-03-29T02:00:00
102420,253,52,5,2026-01-16,refunded,2026-04-17T20:00:00
102421,405,51,2,2026-05-21,completed,2026-02-23T14:00:00
102422,82,15,3,2026-02-28,completed,2026-01-15T20:00:00
102423,350,72,1,2026-01-14,completed,2026-05-03T01:00:00
102424,22,29,2,2026-02-09,completed,2026-05-09T10:00:00
102425,166,50,4,2026-01-05,refunded,2026-03-16T15:00:00
102426,13,86,4,2026-05-21,completed,2026-01-11T06:00:00
102427,302,5,2,2026-02-28,refunded,2026-05-06T00:00:00
102428,179,90,1,2026-05-29,completed,2026-05-11T05:00:00
102429,204,28,2,2026-05-18,completed,2026-06-10T23:00:00
102430,319,37,3,2026-05-23,completed,2026-05-11T12:00:00
102431,82,26,5,2026-03-07,completed,2026-02-20T10:00:00
102432,460,34,4,2026-01-31,completed,2026-04-26T00:00:00
102433,229,78,5,2026-04-14,completed,2026-02-17T03:00:00
102434,22,50,1,2026-02-22,completed,2026-05-26T23:00:00
102435,383,39,2,2026-06-01,completed,2026-04-03T14:00:00
102436,28,83,2,2026-05-26,completed,2026-02-25T16:00:00
102437,13,40,1,2026-02-25,completed,2026-03-27T06:00:00
102438,256,93,4,2026-03-25,cancelled,2026-04-11T19:00:00
102439,386,22,4,2026-05-03,refunded,2026-06-02T09:00:00
102440,408,86,2,2026-01-20,refunded,2026-01-28T00:00:00
102441,437,4,5,2026-01-13,completed,2026-03-12T00:00:00
102442,156,57,4,2026-05-26,completed,2026-01-25T01:00:00
102443,189,28,2,2026-04-19,completed,2026-01-20T08:00:00
102444,214,84,1,2026-03-18,completed,2026-01-31T09:00:00
102445,73,34,4,2026-02-22,completed,2026-06-12T23:00:00
102446,488,88,1,2026-05-02,completed,2026-01-04T03:00:00
102447,45,93,2,2026-04-27,refunded,2026-06-27T17:00:00
102448,140,35,1,2026-06-29,refunded,2026-05-03T02:00:00
102449,375,89,2,2026-02-25,completed,2026-04-12T21:00:00
102450,194,4,1,2026-05-08,cancelled,2026-04-30T13:00:00
102451,90,2,5,2026-01-12,completed,2026-03-13T22:00:00
102452,145,93,4,2026-02-21,completed,2026-01-07T21:00:00
102453,140,25,2,2026-06-26,cancelled,2026-01-01T20:00:00
102454,23,73,4,2026-05-24,cancelled,2026-03-01T22:00:00
102455,435,96,1,2026-03-15,completed,2026-01-23T19:00:00
102456,189,59,4,2026-05-20,completed,2026-04-06T21:00:00
102457,462,48,5,2026-05-19,completed,2026-03-24T23:00:00
102458,328,45,4,2026-02-14,refunded,2026-04-13T11:00:00
102459,240,45,3,2026-02-07,cancelled,2026-06-22T17:00:00
102460,209,47,4,2026-01-23,refunded,2026-03-06T04:00:00
102461,171,46,4,2026-04-26,refunded,2026-06-24T05:00:00
102462,456,6,3,2026-05-10,completed,2026-06-03T10:00:00
102463,277,81,2,2026-05-27,completed,2026-02-22T22:00:00
102464,203,11,4,2026-01-29,refunded,2026-05-20T01:00:00
102465,267,14,5,2026-01-02,completed,2026-05-21T21:00:00
102466,483,22,2,2026-06-25,completed,2026-05-06T03:00:00
102467,167,94,3,2026-05-21,cancelled,2026-05-14T21:00:00
102468,420,51,2,2026-05-28,completed,2026-04-15T22:00:00
102469,385,14,2,2026-06-13,cancelled,2026-02-09T22:00:00
102470,459,97,2,2026-01-01,refunded,2026-01-28T15:00:00
102471,74,10,3,2026-03-03,cancelled,2026-03-19T06:00:00
102472,278,82,1,2026-02-18,completed,2026-01-05T00:00:00
102473,152,16,2,2026-02-17,completed,2026-01-18T08:00:00
102474,232,16,4,2026-04-02,cancelled,2026-01-03T22:00:00
102475,306,39,3,2026-04-10,completed,2026-02-23T09:00:00
102476,220,80,5,2026-05-03,refunded,2026-06-01T01:00:00
102477,348,63,1,2026-05-08,completed,2026-03-31T00:00:00
102478,131,90,4,2026-04-09,refunded,2026-01-26T13:00:00
102479,353,76,5,2026-03-31,cancelled,2026-01-07T12:00:00
102480,20,63,1,2026-05-02,completed,2026-05-20T02:00:00
102481,43,32,1,2026-04-27,cancelled,2026-03-28T07:00:00
102482,310,61,1,2026-03-24,completed,2026-05-22T22:00:00
102483,438,58,2,2026-06-07,cancelled,2026-01-25T00:00:00
102484,351,17,5,2026-06-22,completed,2026-05-10T14:00:00
102485,36,65,2,2026-04-29,completed,2026-06-28T18:00:00
102486,199,69,1,2026-03-06,refunded,2026-01-31T22:00:00
102487,265,63,2,2026-04-26,completed,2026-02-11T01:00:00
102488,149,77,3,2026-04-20,completed,2026-06-25T04:00:00
102489,496,10,2,2026-05-04,cancelled,2026-03-05T00:00:00
102490,199,100,2,2026-04-07,completed,2026-03-19T05:00:00
102491,115,44,5,2026-05-07,completed,2026-04-24T22:00:00
102492,486,15,1,2026-02-12,completed,2026-02-03T23:00:00
102493,485,78,5,2026-01-07,cancelled,2026-05-08T11:00:00
102494,407,90,4,2026-01-06,refunded,2026-06-27T11:00:00
102495,326,70,1,2026-04-18,cancelled,2026-01-09T08:00:00
102496,224,72,4,2026-01-18,completed,2026-01-23T08:00:00
102497,450,86,3,2026-05-02,cancelled,2026-05-10T07:00:00
102498,465,18,1,2026-01-07,completed,2026-01-23T18:00:00
102499,96,86,2,2026-04-25,refunded,2026-04-06T17:00:00
102500,135,62,1,2026-06-18,completed,2026-05-30T13:00:00
102501,60,72,1,2026-03-01,completed,2026-02-07T09:00:00
102502,69,96,4,2026-01-03,completed,2026-01-16T16:00:00
102503,404,2,1,2026-05-15,completed,2026-05-30T16:00:00
102504,5,39,2,2026-03-23,completed,2026-05-03T06:00:00
102505,97,85,4,2026-05-03,cancelled,2026-02-24T03:00:00
102506,89,50,5,2026-06-12,refunded,2026-01-19T04:00:00
102507,342,17,5,2026-02-07,completed,2026-05-03T16:00:00
102508,38,73,2,2026-03-05,cancelled,2026-06-10T11:00:00
102509,481,29,3,2026-04-15,completed,2026-04-21T01:00:00
102510,446,42,4,2026-01-08,completed,2026-06-21T23:00:00
102511,477,48,4,2026-04-26,refunded,2026-02-27T23:00:00
102512,465,17,4,2026-06-07,refunded,2026-04-15T20:00:00
102513,447,97,2,2026-03-03,refunded,2026-05-14T09:00:00
102514,255,99,1,2026-04-21,refunded,2026-01-08T13:00:00
102515,34,72,1,2026-06-30,completed,2026-06-14T01:00:00
102516,190,36,4,2026-03-13,cancelled,2026-06-16T10:00:00
102517,156,69,5,2026-03-25,completed,2026-05-01T16:00:00
102518,250,50,5,2026-06-27,refunded,2026-06-24T19:00:00
102519,307,85,5,2026-02-05,cancelled,2026-03-28T02:00:00
102520,355,63,3,2026-05-17,refunded,2026-06-07T20:00:00
102521,33,33,3,2026-03-11,completed,2026-06-02T16:00:00
102522,117,41,3,2026-03-03,refunded,2026-02-18T11:00:00
102523,498,40,2,2026-03-27,refunded,2026-06-23T13:00:00
102524,143,34,5,2026-04-19,completed,2026-06-06T04:00:00
102525,411,99,3,2026-02-18,completed,2026-05-19T17:00:00
102526,165,27,4,2026-05-29,refunded,2026-02-14T03:00:00
102527,371,93,3,2026-06-13,completed,2026-02-22T19:00:00
102528,405,82,3,2026-02-16,cancelled,2026-04-06T07:00:00
102529,201,62,3,2026-05-26,cancelled,2026-05-18T10:00:00
102530,75,33,5,2026-01-19,completed,2026-02-01T12:00:00
102531,417,71,4,2026-01-01,completed,2026-02-18T08:00:00
102532,476,64,4,2026-05-21,refunded,2026-03-12T16:00:00
102533,291,54,2,2026-03-10,completed,2026-04-20T20:00:00
102534,251,77,1,2026-05-02,cancelled,2026-04-10T10:00:00
102535,62,18,2,2026-02-01,completed,2026-01-14T01:00:00
102536,434,9,3,2026-01-28,refunded,2026-05-18T08:00:00
102537,66,13,4,2026-02-22,completed,2026-06-19T18:00:00
102538,31,2,1,2026-03-28,refunded,2026-03-12T09:00:00
102539,221,31,2,2026-02-26,refunded,2026-06-04T18:00:00
102540,385,35,5,2026-04-01,completed,2026-02-08T00:00:00
102541,284,75,3,2026-02-26,completed,2026-04-09T06:00:00
102542,278,79,1,2026-02-11,completed,2026-05-27T23:00:00
102543,315,35,4,2026-02-01,completed,2026-03-05T13:00:00
102544,114,31,4,2026-06-06,completed,2026-02-14T07:00:00
102545,144,14,1,2026-03-03,completed,2026-04-22T18:00:00
102546,441,77,4,2026-04-25,completed,2026-03-01T03:00:00
102547,434,11,4,2026-04-24,cancelled,2026-02-08T23:00:00
102548,455,50,5,2026-04-08,completed,2026-05-19T08:00:00
102549,106,87,4,2026-04-22,refunded,2026-03-29T10:00:00
102550,11,64,5,2026-06-07,cancelled,2026-04-24T19:00:00
102551,106,48,2,2026-06-30,completed,2026-06-03T22:00:00
102552,350,49,2,2026-04-14,completed,2026-02-25T10:00:00
102553,181,52,3,2026-03-05,completed,2026-03-01T12:00:00
102554,308,61,1,2026-06-25,refunded,2026-03-04T20:00:00
102555,358,9,4,2026-01-06,cancelled,2026-05-27T11:00:00
102556,185,49,1,2026-05-06,cancelled,2026-04-25T13:00:00
102557,46,56,3,2026-03-31,completed,2026-03-10T11:00:00
102558,467,34,4,2026-02-10,completed,2026-02-26T18:00:00
102559,331,67,5,2026-05-16,completed,2026-01-10T12:00:00
102560,187,7,2,2026-01-24,completed,2026-01-24T19:00:00
102561,357,71,1,2026-03-06,completed,2026-05-15T08:00:00
102562,232,20,3,2026-02-06,cancelled,2026-03-13T05:00:00
102563,118,53,3,2026-02-12,refunded,2026-01-18T07:00:00
102564,447,12,5,2026-01-14,refunded,2026-06-17T23:00:00
102565,91,37,5,2026-05-01,cancelled,2026-02-12T07:00:00
102566,9,26,5,2026-01-20,completed,2026-01-26T08:00:00
102567,419,23,5,2026-02-01,cancelled,2026-05-22T11:00:00
102568,371,23,2,2026-05-17,completed,2026-03-04T00:00:00
102569,167,22,3,2026-05-12,completed,2026-05-09T16:00:00
102570,459,8,4,2026-02-04,completed,2026-01-13T15:00:00
102571,80,17,2,2026-06-05,completed,2026-05-27T08:00:00
102572,237,32,4,2026-02-14,completed,2026-03-05T05:00:00
102573,328,78,1,2026-01-18,cancelled,2026-02-04T00:00:00
102574,148,59,5,2026-05-06,cancelled,2026-05-21T17:00:00
102575,372,52,5,2026-04-30,refunded,2026-04-01T19:00:00
102576,296,92,4,2026-03-06,refunded,2026-04-15T05:00:00
102577,258,64,2,2026-01-10,completed,2026-01-19T19:00:00
102578,189,39,1,2026-06-04,cancelled,2026-04-08T12:00:00
102579,154,48,1,2026-03-22,cancelled,2026-02-20T00:00:00
102580,111,56,2,2026-04-26,refunded,2026-02-05T20:00:00
102581,407,39,4,2026-03-04,completed,2026-01-05T07:00:00
102582,463,57,3,2026-05-05,cancelled,2026-04-30T22:00:00
102583,239,48,2,2026-04-29,completed,2026-04-17T01:00:00
102584,126,19,1,2026-03-17,completed,2026-01-14T11:00:00
102585,239,50,4,2026-01-20,refunded,2026-03-17T11:00:00
102586,421,66,5,2026-05-03,completed,2026-05-03T02:00:00
102587,181,43,2,2026-03-21,refunded,2026-02-12T00:00:00
102588,52,19,5,2026-03-11,completed,2026-01-07T16:00:00
102589,112,81,5,2026-04-06,completed,2026-04-25T12:00:00
102590,172,79,4,2026-03-30,refunded,2026-03-25T09:00:00
102591,189,7,5,2026-05-30,completed,2026-04-23T15:00:00
102592,222,98,5,2026-01-10,refunded,2026-05-25T16:00:00
102593,35,20,4,2026-03-26,cancelled,2026-06-12T08:00:00
102594,74,19,2,2026-01-24,refunded,2026-04-09T08:00:00
102595,202,29,1,2026-01-12,completed,2026-01-04T04:00:00
102596,100,54,5,2026-02-19,cancelled,2026-02-08T13:00:00
102597,281,73,3,2026-02-23,completed,2026-01-17T05:00:00
102598,440,5,3,2026-05-04,completed,2026-02-26T14:00:00
102599,469,22,4,2026-01-30,completed,2026-06-21T14:00:00
102600,416,44,5,2026-04-06,cancelled,2026-03-08T18:00:00
102601,286,71,3,2026-06-11,completed,2026-05-15T04:00:00
102602,342,88,5,2026-05-14,completed,2026-06-02T07:00:00
102603,116,3,4,2026-05-04,completed,2026-03-26T16:00:00
102604,154,64,4,2026-01-14,refunded,2026-03-18T08:00:00
102605,55,19,5,2026-02-27,completed,2026-03-05T14:00:00
102606,464,20,1,2026-06-28,refunded,2026-05-10T11:00:00
102607,212,96,4,2026-04-18,refunded,2026-03-26T09:00:00
102608,42,32,2,2026-06-09,cancelled,2026-06-19T02:00:00
102609,397,41,1,2026-04-22,cancelled,2026-04-21T04:00:00
102610,213,61,1,2026-03-27,completed,2026-01-31T09:00:00
102611,121,63,4,2026-04-12,refunded,2026-02-24T12:00:00
102612,221,31,3,2026-03-04,refunded,2026-02-12T10:00:00
102613,82,77,3,2026-06-01,cancelled,2026-01-22T03:00:00
102614,43,11,1,2026-02-08,refunded,2026-04-20T15:00:00
102615,460,12,2,2026-01-14,completed,2026-05-01T05:00:00
102616,17,18,3,2026-04-04,completed,2026-06-20T18:00:00
102617,45,6,2,2026-03-21,completed,2026-01-26T01:00:00
102618,299,11,1,2026-06-07,completed,2026-02-19T05:00:00
102619,460,51,4,2026-01-28,completed,2026-06-01T09:00:00
102620,316,68,1,2026-06-06,completed,2026-02-05T02:00:00
102621,237,78,3,2026-02-10,refunded,2026-01-25T15:00:00
102622,311,29,3,2026-01-09,cancelled,2026-03-28T21:00:00
102623,84,89,4,2026-04-26,completed,2026-05-11T09:00:00
102624,151,84,4,2026-04-18,completed,2026-03-21T21:00:00
102625,168,27,2,2026-04-29,completed,2026-06-30T04:00:00
102626,19,11,1,2026-05-31,completed,2026-02-07T03:00:00
102627,230,17,2,2026-01-19,completed,2026-03-27T22:00:00
102628,164,75,2,2026-05-04,cancelled,2026-04-15T03:00:00
102629,477,83,5,2026-05-31,completed,2026-02-23T15:00:00
102630,336,5,3,2026-02-10,cancelled,2026-02-19T11:00:00
102631,34,7,1,2026-03-06,cancelled,2026-02-17T15:00:00
102632,238,85,4,2026-03-24,cancelled,2026-02-04T10:00:00
102633,382,91,4,2026-06-18,completed,2026-05-26T22:00:00
102634,95,1,2,2026-03-06,cancelled,2026-01-24T15:00:00
102635,449,43,2,2026-01-11,completed,2026-03-03T16:00:00
102636,310,64,3,2026-02-21,completed,2026-04-17T01:00:00
102637,395,2,3,2026-03-29,refunded,2026-04-06T10:00:00
102638,2,14,4,2026-05-09,completed,2026-02-24T04:00:00
102639,171,88,5,2026-03-12,refunded,2026-04-11T16:00:00
102640,303,79,5,2026-02-20,cancelled,2026-01-11T14:00:00
102641,494,93,5,2026-05-21,completed,2026-05-18T14:00:00
102642,23,37,3,2026-01-05,cancelled,2026-05-31T20:00:00
102643,495,9,4,2026-04-17,cancelled,2026-06-05T18:00:00
102644,119,41,5,2026-02-27,cancelled,2026-03-09T09:00:00
102645,457,84,1,2026-02-28,refunded,2026-03-07T12:00:00
102646,136,1,5,2026-02-28,completed,2026-02-26T14:00:00
102647,123,51,1,2026-04-21,completed,2026-01-20T08:00:00
102648,275,70,4,2026-01-05,refunded,2026-06-13T09:00:00
102649,394,77,1,2026-05-08,refunded,2026-02-24T17:00:00
102650,339,71,3,2026-01-30,completed,2026-04-10T17:00:00
102651,372,43,2,2026-05-20,completed,2026-01-04T21:00:00
102652,220,11,3,2026-06-15,completed,2026-05-03T00:00:00
102653,51,17,3,2026-02-13,completed,2026-06-21T08:00:00
102654,213,21,4,2026-02-22,completed,2026-04-03T03:00:00
102655,392,37,3,2026-05-19,refunded,2026-06-13T02:00:00
102656,40,20,1,2026-01-01,completed,2026-01-17T08:00:00
102657,495,23,1,2026-04-26,completed,2026-02-01T16:00:00
102658,393,100,5,2026-04-30,refunded,2026-02-01T15:00:00
102659,343,79,3,2026-01-22,completed,2026-01-24T11:00:00
102660,91,50,2,2026-05-20,completed,2026-01-05T19:00:00
102661,412,99,1,2026-01-17,completed,2026-02-07T10:00:00
102662,83,67,5,2026-02-19,cancelled,2026-06-11T11:00:00
102663,16,44,4,2026-04-21,completed,2026-05-12T12:00:00
102664,109,22,2,2026-06-08,cancelled,2026-05-31T23:00:00
102665,358,9,2,2026-06-18,cancelled,2026-05-23T14:00:00
102666,199,42,3,2026-02-20,completed,2026-01-10T14:00:00
102667,97,1,5,2026-04-01,completed,2026-06-20T11:00:00
102668,333,44,4,2026-01-02,completed,2026-04-29T02:00:00
102669,69,13,5,2026-05-14,refunded,2026-01-30T18:00:00
102670,70,61,4,2026-05-22,refunded,2026-03-29T03:00:00
102671,320,5,3,2026-03-04,completed,2026-05-18T13:00:00
102672,151,5,1,2026-01-15,completed,2026-06-20T04:00:00
102673,357,34,4,2026-02-09,completed,2026-03-29T13:00:00
102674,39,68,3,2026-01-20,cancelled,2026-03-20T23:00:00
102675,154,53,1,2026-01-07,completed,2026-03-25T05:00:00
102676,365,12,2,2026-05-15,refunded,2026-06-03T03:00:00
102677,186,15,1,2026-03-09,completed,2026-03-23T03:00:00
102678,94,74,2,2026-05-30,completed,2026-03-01T01:00:00
102679,142,40,5,2026-05-19,completed,2026-05-21T18:00:00
102680,446,89,5,2026-03-18,refunded,2026-06-18T09:00:00
102681,52,52,1,2026-03-21,cancelled,2026-01-24T21:00:00
102682,171,35,1,2026-02-05,completed,2026-01-25T18:00:00
102683,3,14,4,2026-01-11,cancelled,2026-04-03T12:00:00
102684,278,14,3,2026-02-10,refunded,2026-05-24T07:00:00
102685,42,43,2,2026-02-17,refunded,2026-06-29T03:00:00
102686,323,3,4,2026-02-25,completed,2026-02-13T23:00:00
102687,491,88,5,2026-03-03,cancelled,2026-01-02T21:00:00
102688,268,35,5,2026-02-18,cancelled,2026-05-21T07:00:00
102689,31,56,2,2026-06-06,cancelled,2026-02-19T16:00:00
102690,150,45,2,2026-04-14,refunded,2026-04-16T18:00:00
102691,148,35,2,2026-06-07,completed,2026-06-30T13:00:00
102692,131,83,5,2026-05-08,completed,2026-01-30T12:00:00
102693,303,25,3,2026-06-26,completed,2026-05-28T05:00:00
102694,417,83,5,2026-01-31,completed,2026-02-03T22:00:00
102695,21,30,2,2026-01-12,completed,2026-06-25T12:00:00
102696,69,28,3,2026-01-29,refunded,2026-01-01T20:00:00
102697,108,92,1,2026-06-28,completed,2026-04-16T03:00:00
102698,175,27,4,2026-02-06,completed,2026-06-15T03:00:00
102699,445,48,3,2026-04-16,cancelled,2026-06-18T16:00:00
102700,349,36,4,2026-06-19,completed,2026-06-12T04:00:00
102701,106,50,3,2026-02-18,completed,2026-05-06T15:00:00
102702,486,36,4,2026-01-13,completed,2026-01-01T13:00:00
102703,238,21,1,2026-01-16,cancelled,2026-05-15T09:00:00
102704,105,53,1,2026-03-15,completed,2026-03-14T08:00:00
102705,91,55,1,2026-05-02,refunded,2026-01-17T18:00:00
102706,233,45,3,2026-06-14,completed,2026-04-26T06:00:00
102707,353,36,4,2026-04-10,completed,2026-02-11T15:00:00
102708,113,57,2,2026-01-05,completed,2026-06-15T15:00:00
102709,197,29,5,2026-05-11,completed,2026-01-29T08:00:00
102710,370,48,5,2026-03-07,completed,2026-03-11T21:00:00
102711,265,40,4,2026-01-06,completed,2026-05-26T03:00:00
102712,124,37,3,2026-03-04,refunded,2026-06-07T18:00:00
102713,410,68,2,2026-06-10,cancelled,2026-05-16T00:00:00
102714,77,3,3,2026-06-26,refunded,2026-04-18T18:00:00
102715,175,1,4,2026-02-19,completed,2026-01-28T23:00:00
102716,157,93,4,2026-03-06,completed,2026-05-31T06:00:00
102717,322,52,5,2026-05-25,refunded,2026-04-02T03:00:00
102718,195,61,5,2026-02-20,completed,2026-03-25T01:00:00
102719,440,44,3,2026-05-01,completed,2026-05-17T10:00:00
102720,253,30,4,2026-05-24,completed,2026-06-26T02:00:00
102721,53,73,2,2026-03-01,cancelled,2026-01-12T06:00:00
102722,240,53,5,2026-01-19,completed,2026-06-24T17:00:00
102723,226,92,2,2026-02-26,completed,2026-02-25T11:00:00
102724,50,5,3,2026-01-03,refunded,2026-04-15T03:00:00
102725,144,83,5,2026-04-26,completed,2026-01-24T10:00:00
102726,473,31,5,2026-01-31,completed,2026-03-06T19:00:00
102727,275,96,2,2026-01-12,cancelled,2026-06-26T08:00:00
102728,278,22,1,2026-05-06,completed,2026-04-16T10:00:00
102729,52,12,5,2026-05-30,completed,2026-05-28T08:00:00
102730,1,55,3,2026-04-02,cancelled,2026-05-23T22:00:00
102731,85,4,1,2026-06-10,refunded,2026-01-06T21:00:00
102732,141,25,2,2026-02-10,completed,2026-01-12T23:00:00
102733,92,26,2,2026-02-20,completed,2026-03-17T14:00:00
102734,32,85,4,2026-02-27,refunded,2026-02-04T01:00:00
102735,61,93,2,2026-04-04,completed,2026-06-25T13:00:00
102736,79,89,1,2026-02-10,cancelled,2026-04-07T00:00:00
102737,88,48,1,2026-05-17,completed,2026-06-25T13:00:00
102738,56,11,2,2026-02-24,completed,2026-02-09T13:00:00
102739,56,56,2,2026-06-29,completed,2026-03-10T22:00:00
102740,267,92,5,2026-06-23,refunded,2026-06-01T18:00:00
102741,169,58,2,2026-06-02,refunded,2026-06-19T18:00:00
102742,111,58,4,2026-02-14,refunded,2026-04-24T08:00:00
102743,162,34,5,2026-02-24,completed,2026-02-20T12:00:00
102744,152,49,5,2026-04-30,completed,2026-05-29T03:00:00
102745,408,89,2,2026-01-14,completed,2026-06-29T17:00:00
102746,487,15,5,2026-05-03,cancelled,2026-06-16T18:00:00
102747,365,95,2,2026-01-14,refunded,2026-02-16T17:00:00
102748,449,30,2,2026-03-03,completed,2026-05-11T19:00:00
102749,279,10,2,2026-05-18,refunded,2026-01-22T10:00:00
102750,269,69,1,2026-03-08,completed,2026-03-27T17:00:00
102751,70,23,1,2026-04-20,cancelled,2026-02-22T04:00:00
102752,412,29,1,2026-05-13,completed,2026-06-09T14:00:00
102753,37,55,5,2026-01-21,completed,2026-04-28T05:00:00
102754,349,36,3,2026-01-08,completed,2026-01-03T00:00:00
102755,397,86,1,2026-01-08,completed,2026-03-24T05:00:00
102756,388,96,5,2026-01-21,completed,2026-06-26T06:00:00
102757,247,13,4,2026-05-18,completed,2026-01-15T20:00:00
102758,384,78,1,2026-02-08,completed,2026-03-22T12:00:00
102759,345,15,5,2026-06-15,completed,2026-03-16T08:00:00
102760,82,11,5,2026-02-07,refunded,2026-06-21T18:00:00
102761,277,62,3,2026-05-06,refunded,2026-01-20T04:00:00
102762,90,98,3,2026-05-09,refunded,2026-01-11T10:00:00
102763,195,61,1,2026-05-10,cancelled,2026-04-30T00:00:00
102764,23,77,1,2026-01-01,completed,2026-03-04T12:00:00
102765,177,82,3,2026-01-23,completed,2026-05-13T08:00:00
102766,272,20,4,2026-04-07,refunded,2026-02-01T07:00:00
102767,212,20,3,2026-05-11,completed,2026-03-24T11:00:00
102768,339,7,3,2026-03-21,completed,2026-05-28T12:00:00
102769,374,6,5,2026-01-11,cancelled,2026-01-14T13:00:00
102770,107,31,4,2026-06-04,refunded,2026-05-23T14:00:00
102771,317,46,1,2026-06-09,refunded,2026-02-17T04:00:00
102772,34,8,3,2026-01-13,completed,2026-04-11T08:00:00
102773,428,68,1,2026-05-23,refunded,2026-01-02T08:00:00
102774,321,94,3,2026-06-14,completed,2026-05-21T15:00:00
102775,256,32,5,2026-02-19,cancelled,2026-02-18T16:00:00
102776,332,9,4,2026-03-10,completed,2026-02-09T21:00:00
102777,34,19,4,2026-06-08,completed,2026-02-13T16:00:00
102778,293,83,3,2026-04-15,completed,2026-02-10T00:00:00
102779,125,54,2,2026-04-05,refunded,2026-04-21T06:00:00
102780,54,40,3,2026-01-22,cancelled,2026-01-11T12:00:00
102781,150,81,4,2026-02-10,completed,2026-04-06T09:00:00
102782,444,6,2,2026-04-14,completed,2026-06-22T11:00:00
102783,175,70,2,2026-03-17,completed,2026-01-06T21:00:00
102784,44,61,4,2026-03-20,cancelled,2026-03-13T09:00:00
102785,263,74,5,2026-05-10,completed,2026-02-27T23:00:00
102786,56,48,2,2026-05-23,refunded,2026-05-13T05:00:00
102787,426,36,3,2026-02-04,cancelled,2026-06-06T22:00:00
102788,32,87,3,2026-01-10,completed,2026-06-25T20:00:00
102789,30,38,2,2026-02-22,completed,2026-02-23T11:00:00
102790,100,68,3,2026-05-31,completed,2026-02-01T12:00:00
102791,373,29,2,2026-01-27,completed,2026-01-25T22:00:00
102792,308,59,5,2026-04-30,completed,2026-05-20T01:00:00
102793,311,26,2,2026-06-01,completed,2026-06-11T21:00:00
102794,102,64,2,2026-02-04,cancelled,2026-06-14T10:00:00
102795,116,6,4,2026-01-09,completed,2026-01-22T19:00:00
102796,390,65,4,2026-03-25,cancelled,2026-01-25T14:00:00
102797,492,65,4,2026-05-22,refunded,2026-01-03T00:00:00
102798,467,24,2,2026-01-07,completed,2026-05-31T03:00:00
102799,172,100,4,2026-01-29,refunded,2026-02-02T19:00:00
102800,269,2,2,2026-06-26,cancelled,2026-03-27T15:00:00
102801,327,90,4,2026-03-09,completed,2026-06-02T03:00:00
102802,492,93,4,2026-01-01,refunded,2026-06-24T06:00:00
102803,201,48,5,2026-03-30,completed,2026-01-15T02:00:00
102804,160,78,1,2026-02-01,refunded,2026-06-13T18:00:00
102805,147,14,5,2026-03-16,completed,2026-03-01T12:00:00
102806,272,62,3,2026-01-07,refunded,2026-02-05T13:00:00
102807,100,22,2,2026-02-25,refunded,2026-06-04T16:00:00
102808,76,10,2,2026-04-26,completed,2026-03-27T10:00:00
102809,215,10,1,2026-03-07,completed,2026-06-28T23:00:00
102810,439,94,3,2026-02-03,refunded,2026-05-18T13:00:00
102811,482,96,1,2026-04-04,completed,2026-03-28T07:00:00
102812,253,51,4,2026-04-22,completed,2026-05-13T22:00:00
102813,50,15,2,2026-04-20,completed,2026-01-11T06:00:00
102814,448,8,5,2026-02-22,completed,2026-04-10T12:00:00
102815,453,78,1,2026-01-07,cancelled,2026-02-09T21:00:00
102816,234,10,3,2026-02-24,completed,2026-02-14T06:00:00
102817,131,44,3,2026-01-14,cancelled,2026-05-11T17:00:00
102818,94,56,5,2026-01-28,cancelled,2026-06-10T15:00:00
102819,218,98,5,2026-06-14,completed,2026-06-09T06:00:00
102820,269,34,3,2026-01-11,completed,2026-03-03T09:00:00
102821,459,71,1,2026-05-16,cancelled,2026-02-19T10:00:00
102822,153,31,4,2026-06-20,refunded,2026-05-16T04:00:00
102823,209,6,2,2026-03-01,completed,2026-06-07T23:00:00
102824,64,7,1,2026-06-20,completed,2026-04-26T22:00:00
102825,356,3,5,2026-01-13,refunded,2026-04-05T18:00:00
102826,298,91,1,2026-03-16,completed,2026-05-27T05:00:00
102827,479,3,4,2026-03-07,refunded,2026-02-12T12:00:00
102828,388,77,5,2026-06-09,cancelled,2026-06-09T18:00:00
102829,414,49,3,2026-05-22,refunded,2026-06-03T23:00:00
102830,374,87,4,2026-01-23,refunded,2026-03-17T04:00:00
102831,275,47,5,2026-04-09,refunded,2026-03-05T04:00:00
102832,170,73,1,2026-03-17,completed,2026-05-09T09:00:00
102833,292,80,2,2026-02-14,completed,2026-01-28T05:00:00
102834,430,100,2,2026-03-17,completed,2026-04-21T12:00:00
102835,289,72,1,2026-04-15,refunded,2026-06-29T00:00:00
102836,286,61,2,2026-04-12,completed,2026-04-28T13:00:00
102837,498,4,4,2026-02-14,completed,2026-03-21T17:00:00
102838,483,93,2,2026-05-14,refunded,2026-02-26T10:00:00
102839,344,85,5,2026-04-03,completed,2026-05-14T04:00:00
102840,337,72,1,2026-03-14,completed,2026-03-30T13:00:00
102841,455,85,1,2026-02-06,refunded,2026-06-06T13:00:00
102842,175,4,5,2026-02-07,cancelled,2026-06-01T11:00:00
102843,279,87,2,2026-04-22,completed,2026-01-24T17:00:00
102844,196,74,4,2026-03-30,cancelled,2026-06-11T02:00:00
102845,473,28,1,2026-05-24,cancelled,2026-04-20T03:00:00
102846,345,88,2,2026-02-18,refunded,2026-03-22T18:00:00
102847,173,97,1,2026-03-06,completed,2026-03-10T12:00:00
102848,278,20,2,2026-05-31,completed,2026-05-11T08:00:00
102849,321,6,1,2026-02-12,cancelled,2026-02-27T00:00:00
102850,4,86,5,2026-04-22,refunded,2026-04-11T12:00:00
102851,33,8,1,2026-04-10,refunded,2026-02-21T02:00:00
102852,42,86,2,2026-06-06,completed,2026-01-07T01:00:00
102853,485,9,4,2026-05-16,completed,2026-06-06T20:00:00
102854,143,11,3,2026-06-11,refunded,2026-01-19T23:00:00
102855,165,7,4,2026-04-15,completed,2026-06-11T16:00:00
102856,101,75,4,2026-06-14,cancelled,2026-06-10T04:00:00
102857,26,94,3,2026-02-26,completed,2026-03-11T00:00:00
102858,459,64,4,2026-04-24,refunded,2026-03-14T12:00:00
102859,84,8,4,2026-02-05,cancelled,2026-04-16T21:00:00
102860,67,77,2,2026-03-30,completed,2026-05-23T02:00:00
102861,382,63,4,2026-04-09,completed,2026-02-11T18:00:00
102862,359,78,1,2026-03-09,completed,2026-04-12T16:00:00
102863,346,69,3,2026-01-18,completed,2026-02-20T06:00:00
102864,233,30,1,2026-02-03,completed,2026-04-02T22:00:00
102865,477,22,2,2026-03-30,cancelled,2026-01-28T14:00:00
102866,279,11,4,2026-01-03,completed,2026-02-12T21:00:00
102867,53,11,5,2026-02-11,completed,2026-04-08T03:00:00
102868,113,97,4,2026-03-02,refunded,2026-06-21T10:00:00
102869,68,60,4,2026-05-20,refunded,2026-03-30T12:00:00
102870,63,25,2,2026-04-25,completed,2026-06-20T17:00:00
102871,152,40,3,2026-06-01,completed,2026-02-13T18:00:00
102872,166,7,2,2026-04-12,completed,2026-05-11T01:00:00
102873,499,13,4,2026-03-12,completed,2026-01-14T07:00:00
102874,232,27,3,2026-01-27,cancelled,2026-05-01T17:00:00
102875,56,19,4,2026-05-08,refunded,2026-02-13T05:00:00
102876,39,2,2,2026-06-13,completed,2026-05-06T18:00:00
102877,275,24,1,2026-06-10,completed,2026-03-08T16:00:00
102878,477,54,2,2026-05-27,refunded,2026-03-29T23:00:00
102879,425,63,5,2026-04-23,completed,2026-04-20T07:00:00
102880,448,70,2,2026-01-30,refunded,2026-02-15T17:00:00
102881,349,41,4,2026-01-08,completed,2026-02-28T18:00:00
102882,385,58,1,2026-05-07,refunded,2026-05-20T23:00:00
102883,326,55,4,2026-06-24,completed,2026-04-27T15:00:00
102884,359,8,4,2026-05-08,completed,2026-04-14T16:00:00
102885,400,19,1,2026-04-04,completed,2026-04-07T17:00:00
102886,74,11,2,2026-02-16,completed,2026-06-11T11:00:00
102887,168,87,2,2026-01-23,cancelled,2026-06-23T21:00:00
102888,188,2,3,2026-05-19,cancelled,2026-01-27T21:00:00
102889,136,52,5,2026-02-08,completed,2026-05-14T20:00:00
102890,395,23,1,2026-05-27,completed,2026-03-25T18:00:00
102891,204,59,5,2026-01-11,refunded,2026-06-01T17:00:00
102892,396,88,3,2026-03-02,cancelled,2026-06-09T19:00:00
102893,278,37,5,2026-01-05,completed,2026-02-02T01:00:00
102894,436,43,1,2026-06-04,completed,2026-06-19T17:00:00
102895,222,93,5,2026-06-27,completed,2026-05-10T09:00:00
102896,332,17,3,2026-06-05,completed,2026-06-06T16:00:00
102897,284,81,1,2026-06-15,completed,2026-03-14T11:00:00
102898,232,81,5,2026-05-10,cancelled,2026-01-10T22:00:00
102899,336,57,1,2026-04-02,completed,2026-03-02T17:00:00
102900,206,58,4,2026-05-03,completed,2026-05-19T21:00:00
102901,96,4,5,2026-04-26,completed,2026-04-08T02:00:00
102902,494,79,1,2026-06-10,cancelled,2026-05-07T19:00:00
102903,273,64,4,2026-05-19,completed,2026-06-09T18:00:00
102904,469,56,5,2026-05-08,completed,2026-02-03T10:00:00
102905,265,74,2,2026-05-07,completed,2026-06-14T17:00:00
102906,163,88,5,2026-01-01,cancelled,2026-06-14T05:00:00
102907,350,81,2,2026-04-05,completed,2026-06-28T08:00:00
102908,453,4,3,2026-04-10,cancelled,2026-06-08T10:00:00
102909,352,59,5,2026-01-10,completed,2026-06-22T03:00:00
102910,86,36,5,2026-02-15,completed,2026-04-06T08:00:00
102911,129,24,5,2026-04-11,cancelled,2026-06-01T12:00:00
102912,101,18,3,2026-06-06,completed,2026-02-17T20:00:00
102913,127,82,2,2026-06-24,refunded,2026-05-28T08:00:00
102914,405,51,2,2026-02-19,refunded,2026-05-27T03:00:00
102915,175,52,2,2026-03-08,completed,2026-06-25T21:00:00
102916,469,42,2,2026-05-17,completed,2026-05-04T05:00:00
102917,468,44,4,2026-02-12,refunded,2026-02-13T12:00:00
102918,485,76,2,2026-06-27,completed,2026-03-29T16:00:00
102919,312,88,3,2026-01-27,completed,2026-05-10T03:00:00
102920,287,91,4,2026-04-05,completed,2026-01-07T20:00:00
102921,251,67,3,2026-04-09,refunded,2026-03-25T00:00:00
102922,313,42,4,2026-06-24,completed,2026-03-08T07:00:00
102923,4,25,3,2026-06-10,refunded,2026-01-31T21:00:00
102924,458,66,5,2026-01-20,completed,2026-05-04T19:00:00
102925,248,22,1,2026-02-20,refunded,2026-06-30T10:00:00
102926,298,31,3,2026-01-10,completed,2026-04-04T06:00:00
102927,202,40,1,2026-03-25,completed,2026-04-27T03:00:00
102928,168,42,2,2026-01-28,completed,2026-02-14T11:00:00
102929,318,28,4,2026-05-02,refunded,2026-01-25T07:00:00
102930,409,55,4,2026-03-23,completed,2026-01-05T19:00:00
102931,137,20,1,2026-03-14,completed,2026-01-10T11:00:00
102932,91,59,4,2026-06-07,refunded,2026-02-01T22:00:00
102933,303,68,4,2026-05-24,completed,2026-06-04T23:00:00
102934,428,17,4,2026-01-02,completed,2026-04-03T04:00:00
102935,121,66,5,2026-05-23,completed,2026-04-13T05:00:00
102936,456,18,3,2026-05-23,cancelled,2026-04-17T01:00:00
102937,490,42,5,2026-05-10,cancelled,2026-04-26T17:00:00
102938,227,36,3,2026-02-12,completed,2026-05-07T22:00:00
102939,173,66,3,2026-06-21,completed,2026-05-19T20:00:00
102940,174,94,5,2026-04-19,completed,2026-03-23T22:00:00
102941,431,79,3,2026-02-15,refunded,2026-02-02T09:00:00
102942,491,79,1,2026-01-22,cancelled,2026-03-27T00:00:00
102943,70,1,1,2026-01-11,completed,2026-03-20T11:00:00
102944,328,30,5,2026-06-15,completed,2026-01-19T07:00:00
102945,68,83,1,2026-03-25,completed,2026-01-18T06:00:00
102946,3,42,3,2026-05-04,completed,2026-05-14T06:00:00
102947,325,82,4,2026-05-23,completed,2026-06-24T03:00:00
102948,146,39,3,2026-05-14,refunded,2026-06-07T12:00:00
102949,198,76,5,2026-05-06,completed,2026-05-08T22:00:00
102950,480,29,4,2026-04-25,cancelled,2026-03-16T20:00:00
102951,212,20,1,2026-02-03,completed,2026-05-12T23:00:00
102952,361,22,3,2026-03-15,completed,2026-01-18T16:00:00
102953,112,23,5,2026-01-28,completed,2026-02-18T02:00:00
102954,65,26,5,2026-02-06,completed,2026-06-10T09:00:00
102955,320,12,1,2026-04-07,completed,2026-01-24T16:00:00
102956,126,54,3,2026-05-06,completed,2026-02-22T22:00:00
102957,284,60,3,2026-01-07,refunded,2026-02-12T15:00:00
102958,207,67,1,2026-06-20,cancelled,2026-02-15T05:00:00
102959,461,45,4,2026-04-29,completed,2026-03-08T23:00:00
102960,499,47,5,2026-06-10,completed,2026-05-04T04:00:00
102961,195,20,5,2026-01-09,completed,2026-02-06T19:00:00
102962,47,66,4,2026-04-08,refunded,2026-03-03T23:00:00
102963,53,51,1,2026-05-21,completed,2026-04-23T03:00:00
102964,331,61,2,2026-01-17,cancelled,2026-06-25T06:00:00
102965,102,57,2,2026-05-25,refunded,2026-02-17T00:00:00
102966,167,24,2,2026-02-09,refunded,2026-05-26T19:00:00
102967,110,95,4,2026-02-13,completed,2026-04-20T10:00:00
102968,337,75,1,2026-06-13,completed,2026-03-02T17:00:00
102969,282,19,2,2026-02-12,completed,2026-06-17T11:00:00
102970,360,32,5,2026-05-19,completed,2026-03-23T17:00:00
102971,482,40,3,2026-04-17,completed,2026-05-06T23:00:00
102972,331,60,4,2026-02-26,completed,2026-04-11T09:00:00
102973,127,3,5,2026-03-27,completed,2026-03-06T18:00:00
102974,416,100,4,2026-06-06,completed,2026-02-16T14:00:00
102975,310,75,4,2026-01-01,completed,2026-05-27T05:00:00
102976,226,9,2,2026-01-15,completed,2026-03-05T21:00:00
102977,462,77,4,2026-05-15,cancelled,2026-01-29T06:00:00
102978,252,91,3,2026-02-05,refunded,2026-05-23T16:00:00
102979,125,17,2,2026-01-08,completed,2026-02-04T11:00:00
102980,204,94,1,2026-05-21,completed,2026-02-14T01:00:00
102981,453,6,3,2026-05-22,cancelled,2026-06-05T21:00:00
102982,454,60,5,2026-05-09,refunded,2026-05-26T14:00:00
102983,179,88,2,2026-06-27,completed,2026-06-20T16:00:00
102984,183,24,2,2026-06-13,refunded,2026-04-11T01:00:00
102985,409,97,1,2026-02-21,completed,2026-03-13T09:00:00
102986,121,50,1,2026-05-27,refunded,2026-03-24T03:00:00
102987,236,9,3,2026-02-11,completed,2026-05-27T02:00:00
102988,12,100,2,2026-06-14,refunded,2026-02-12T23:00:00
102989,483,76,3,2026-06-19,completed,2026-01-24T09:00:00
102990,102,62,3,2026-06-17,refunded,2026-02-19T01:00:00
102991,314,26,1,2026-05-28,cancelled,2026-05-01T02:00:00
102992,108,88,5,2026-05-08,completed,2026-06-05T03:00:00
102993,75,51,1,2026-06-12,completed,2026-02-08T03:00:00
102994,107,21,1,2026-06-25,cancelled,2026-04-15T14:00:00
102995,386,85,2,2026-01-14,completed,2026-06-05T23:00:00
102996,345,12,1,2026-01-29,cancelled,2026-04-14T03:00:00
102997,67,24,1,2026-01-31,refunded,2026-01-09T14:00:00
102998,70,93,3,2026-06-19,refunded,2026-04-23T07:00:00
102999,102,80,2,2026-01-10,completed,2026-05-27T06:00:00
103000,221,49,3,2026-02-23,refunded,2026-01-04T21:00:00
100501,340,43,3,2026-04-03,completed,2026-02-25T19:00:00
